dataset_id	file_name	geo_accession	sample_id	extracted_path	source_archive	processed_input_manifest_match	file_format	compressed	matrix_orientation	matrix_orientation_validation_status	matrix_orientation_validation_evidence	matrix_rows_genes	matrix_cols_cells	header_total_columns_including_gene_col	first_header_fields	first_genes	row_identity	column_identity	first_header_blank	gene_name_type	gene_name_issue_count	row_label_cell_barcode_like_count	cell_barcode_pattern	barcode_suffix_examples	gene_duplicate_count	cell_barcode_duplicate_count	bad_column_count_rows	integer_check_method	integer_parser	total_values_checked	integer_value_rate	missing_value_count	noninteger_float_count	invalid_nonnumeric_count	negative_integer_count	numeric_anomaly_count	min_value	max_value	has_negative_value	zero_value_count	zero_value_rate	raw_full_nCount_min	raw_full_nCount_Q1	raw_full_nCount_median	raw_full_nCount_Q3	raw_full_nCount_max	qc_min_cells_per_feature	feature_rows_detected_in_0_cells	feature_rows_detected_in_1_cell	feature_rows_detected_in_2_cells	feature_rows_detected_lt_3_count	feature_rows_detected_lt_3_examples	qc_retained_feature_count	working_feature_space_recalculation_status	working_feature_space_recalculation_note	qc_nCount_min	qc_nCount_Q1	qc_nCount_median	qc_nCount_Q3	qc_nCount_max	qc_nFeature_min	qc_nFeature_Q1	qc_nFeature_median	qc_nFeature_Q3	qc_nFeature_max	qc_percent_mt_min	qc_percent_mt_Q1	qc_percent_mt_median	qc_percent_mt_Q3	qc_percent_mt_max	qc_percent_hb_min	qc_percent_hb_Q1	qc_percent_hb_median	qc_percent_hb_Q3	qc_percent_hb_max	fail_nFeature_low_count	fail_nFeature_high_count	fail_nCount_count	fail_percent_mt_count	fail_percent_hb_count	source_reported_qc_fail_count	source_reported_qc_pass_count	additional_fail_nCount_after_source_count	additional_fail_percent_hb_after_source_nCount_count	final_fixed_qc_fail_count	final_fixed_qc_pass_count	fixed_qc_rule_recalculation_status	fixed_qc_rule_recalculation_note	pilot_validation_applicable	pilot_validation_status	pilot_validation_note	ncount_distinct_count	ncount_relative_iqr	ncount_relative_range	dominant_round_ncount_fraction	fixed_target_near_value	fixed_target_near_fraction	ncount_range_status	per_gene_mean_distribution_status	per_gene_mean_distribution_note	normalization_artifact_flag	normalization_artifact_reason	mt_gene_count	mt_gene_examples	qc_mt_gene_count	qc_mt_gene_examples	globin_panel_expected	globin_panel_present	globin_panel_missing	globin_panel_used_for_qc	globin_panel_excluded_by_min_cells3	false_hb_prefix_genes_excluded	gene_order_sha256	observed_numeric_type	public_processing_evidence_status	suspected_matrix_type	scan_seconds	legacy_numeric_precheck_status	legacy_hb_precheck_status	precheck_audit_decision	audit_decision	format_decision_scope	decision_scope	decision_reason	include_in_f1	raw_droplet_available	empty_droplet_background_available	precheck_comparison_status	note
GSE183904	GSM5573466_sample1.csv.gz	GSM5573466	sample1	data/processed_input/GSE183904/GSM5573466_sample1.csv.gz	data/public_downloads/GSE183904_RAW.tar	true	csv	true	gene_by_cell	pass_gene_by_cell	first_header_blank=true; column_barcode_pattern=10x_16nt_barcode_with_numeric_suffix; row_gene_name_issue_count=0; row_label_cell_barcode_like_count=0; rows=26571; columns=2685	26571	2685	2686	|AAACCTGAGGCTACGA_8|AAACCTGAGGTTCCTA_8|AAACCTGGTTGACGTT_8|AAACCTGTCCATGAAC_8|AAACGGGAGTGTACGG_8	AL627309.1|AL669831.5|FAM87B|LINC00115|FAM41C	gene_symbol_or_ensembl_like_name	cell_barcode	true	gene_symbol_or_ensembl_like_name	0	0	10x_16nt_barcode_with_numeric_suffix	8|8|8|8|8	0	0	0	full_stream	numpy_fromstring_with_exact_anomaly_fallback	71343135	1	0	0	0	0	0	0	22810	false	66668460	0.934476176299	636	2585	4093	6849	56631	3	5770	685	822	7277	FAM87B:2|AL645608.3:0|PERM1:2|AL645608.2:1|LINC01342:0|TTLL10-AS1:0|AL391244.3:2|AL391244.2:0|AL109917.1:2|TTC34:2	19294	pass	working_rule=feature_detected_in_at_least_3_cells; detected_in_0=5770; detected_in_1=685; detected_in_2=822; below_3=7277	634	2585	4092	6847	56628	500	1070	1480	2033	5969	0	5.62281409739	8.27002596404	11.8909623591	20.0087629619	0	0	0	0	3.97019301246	0	0	53	1	0	1	2684	53	0	54	2631	pass	fixed_rule=500<=nFeature<6000,nCount>1000,percent.mt<=20,percent.HB<5; source_rules=nFeature_and_percent.mt; project_rules=nCount_and_percent.HB; source_pass=2684; additional_nCount_fail=53; additional_percent.HB_fail=0; final_pass=2631	true	pass	matrix_cols_cells=2685(expected=2685,status=pass); row_label_cell_barcode_like_count=0(expected=0,status=pass); qc_retained_feature_count=19294(expected=19294,status=pass); source_reported_qc_pass_count=2684(expected=2684,status=pass); additional_fail_nCount_after_source_count=53(expected=53,status=pass); additional_fail_percent_hb_after_source_nCount_count=0(expected=0,status=pass); final_fixed_qc_pass_count=2631(expected=2631,status=pass); globin_panel_used_for_qc=HBA1|HBA2|HBB|HBD(expected=HBA1|HBA2|HBB|HBD,status=pass); matrix_orientation=gene_by_cell; validation_status=pass_gene_by_cell(expected=gene_by_cell/pass_gene_by_cell,status=pass)	2323	1.04177864647	13.680674322	0	1000	0.00223463687151	within_preregistered_review_boundaries	consistent_with_sparse_right_skew	status=consistent_with_sparse_right_skew; zero_value_rate=0.934476; gene_mean_le_0.01_fraction=0.458959; gene_mean_le_0.1_fraction=0.741297; gene_mean_Q1=0.000744879; gene_mean_median=0.0156425; gene_mean_Q3=0.106145; gene_mean_mean=0.26094; gene_mean_max=109.443; max_to_median=6996.52	false	trigger=none; distinct=2323; relative_iqr=1.04178; relative_range=13.6807; dominant_round_fraction=0; best_fixed_target=1000; best_fixed_target_fraction=0.00223464	13	MT-ND1|MT-ND2|MT-CO1|MT-CO2|MT-ATP8|MT-ATP6|MT-CO3|MT-ND3	13	MT-ND1|MT-ND2|MT-CO1|MT-CO2|MT-ATP8|MT-ATP6|MT-CO3|MT-ND3	HBA1|HBA2|HBB|HBD|HBE1|HBG1|HBG2|HBM|HBQ1|HBZ	HBA1|HBA2|HBB|HBD|HBG1|HBG2|HBM|HBQ1|HBZ	HBE1	HBA1|HBA2|HBB|HBD	HBG1|HBG2|HBM|HBQ1|HBZ	HBEGF|HBP1|HBS1L	4C6F6F498A174A0D0DFA4D1272802C937EC779E2B33EF4A6D2D974EC93719EC3	nonnegative_integer_count_like	public_input_shape_verified_fixed_QC_recalculated_processing_history_pending_F0_step3	public_called_cell_raw_gene_count_matrix	5.6	match	not_compared_definition_changed_to_frozen_exact_globin_panel	enter_full_F1_candidate	enter_full_F1_independent_reQC	file_format_only	file_format_and_public_processing_boundary	full-stream numeric/structure audit passed; per-cell nCount showed no preregistered normalization artifact; row/column identities confirmed gene-by-cell orientation; all 26571 archived feature rows remain unchanged; one per-sample min.cells=3 working feature space was built and nCount, nFeature, percent.mt and percent.HB were recalculated there; the fixed source-aligned plus project QC rule was fully evaluable; the frozen globin panel was applied by exact gene matching; sparse right-skew evidence was present; processed manifest and GEO sample mapping matched; working_features=19294; source_rule_pass=2684; final_fixed_QC_pass=2631; pilot=pass	true	false	false	match	Rows detected in fewer than three cells remain in the immutable archived matrix; they are excluded only from this sample's QC working feature space and are not labeled as a provenance mismatch.
GSE183904	GSM5573467_sample2.csv.gz	GSM5573467	sample2	data/processed_input/GSE183904/GSM5573467_sample2.csv.gz	data/public_downloads/GSE183904_RAW.tar	true	csv	true	gene_by_cell	pass_gene_by_cell	first_header_blank=true; column_barcode_pattern=10x_16nt_barcode_with_numeric_suffix; row_gene_name_issue_count=0; row_label_cell_barcode_like_count=0; rows=26571; columns=2769	26571	2769	2770	|AAACCTGAGGAGTAGA_9|AAACCTGAGGGTGTTG_9|AAACCTGAGGTTCCTA_9|AAACCTGCAACTGCTA_9|AAACCTGCAGTCAGAG_9	AL627309.1|AL669831.5|FAM87B|LINC00115|FAM41C	gene_symbol_or_ensembl_like_name	cell_barcode	true	gene_symbol_or_ensembl_like_name	0	0	10x_16nt_barcode_with_numeric_suffix	9|9|9|9|9	0	0	0	full_stream	numpy_fromstring_with_exact_anomaly_fallback	73575099	1	0	0	0	0	0	0	33555	false	68179657	0.926667553652	723	3145	4852	9264	71273	3	6043	727	841	7611	FAM87B:0|FAM41C:2|AL645608.3:0|AL645608.1:0|AL645608.2:2|LINC01342:1|TTLL10-AS1:0|AL391244.2:0|CALML6:2|PRKCZ-AS1:2	18960	pass	working_rule=feature_detected_in_at_least_3_cells; detected_in_0=6043; detected_in_1=727; detected_in_2=841; below_3=7611	723	3145	4852	9245	71273	500	1129	1666	2356	5969	0.00584078032825	4.16819684172	5.9872611465	8.69822485207	19.9385324625	0	0	0	0	0.379458639008	0	0	52	0	0	0	2769	52	0	52	2717	pass	fixed_rule=500<=nFeature<6000,nCount>1000,percent.mt<=20,percent.HB<5; source_rules=nFeature_and_percent.mt; project_rules=nCount_and_percent.HB; source_pass=2769; additional_nCount_fail=52; additional_percent.HB_fail=0; final_pass=2717	false	not_applicable	Frozen regression target applies only to GSM5573466_sample1.csv.gz.	2471	1.26112943116	14.5403957131	0	10000	0.00469483568075	within_preregistered_review_boundaries	consistent_with_sparse_right_skew	status=consistent_with_sparse_right_skew; zero_value_rate=0.926668; gene_mean_le_0.01_fraction=0.47183; gene_mean_le_0.1_fraction=0.714802; gene_mean_Q1=0.000361141; gene_mean_median=0.0140845; gene_mean_Q3=0.124774; gene_mean_mean=0.337077; gene_mean_max=170.539; max_to_median=12108.3	false	trigger=none; distinct=2471; relative_iqr=1.26113; relative_range=14.5404; dominant_round_fraction=0; best_fixed_target=10000; best_fixed_target_fraction=0.00469484	13	MT-ND1|MT-ND2|MT-CO1|MT-CO2|MT-ATP8|MT-ATP6|MT-CO3|MT-ND3	13	MT-ND1|MT-ND2|MT-CO1|MT-CO2|MT-ATP8|MT-ATP6|MT-CO3|MT-ND3	HBA1|HBA2|HBB|HBD|HBE1|HBG1|HBG2|HBM|HBQ1|HBZ	HBA1|HBA2|HBB|HBD|HBG1|HBG2|HBM|HBQ1|HBZ	HBE1	HBA1|HBA2|HBB|HBD	HBG1|HBG2|HBM|HBQ1|HBZ	HBEGF|HBP1|HBS1L	4C6F6F498A174A0D0DFA4D1272802C937EC779E2B33EF4A6D2D974EC93719EC3	nonnegative_integer_count_like	public_input_shape_verified_fixed_QC_recalculated_processing_history_pending_F0_step3	public_called_cell_raw_gene_count_matrix	6.19	match	not_compared_definition_changed_to_frozen_exact_globin_panel	enter_full_F1_candidate	enter_full_F1_independent_reQC	file_format_only	file_format_and_public_processing_boundary	full-stream numeric/structure audit passed; per-cell nCount showed no preregistered normalization artifact; row/column identities confirmed gene-by-cell orientation; all 26571 archived feature rows remain unchanged; one per-sample min.cells=3 working feature space was built and nCount, nFeature, percent.mt and percent.HB were recalculated there; the fixed source-aligned plus project QC rule was fully evaluable; the frozen globin panel was applied by exact gene matching; sparse right-skew evidence was present; processed manifest and GEO sample mapping matched; working_features=18960; source_rule_pass=2769; final_fixed_QC_pass=2717; pilot=not_applicable	true	false	false	match	Rows detected in fewer than three cells remain in the immutable archived matrix; they are excluded only from this sample's QC working feature space and are not labeled as a provenance mismatch.
GSE183904	GSM5573468_sample3.csv.gz	GSM5573468	sample3	data/processed_input/GSE183904/GSM5573468_sample3.csv.gz	data/public_downloads/GSE183904_RAW.tar	true	csv	true	gene_by_cell	pass_gene_by_cell	first_header_blank=true; column_barcode_pattern=10x_16nt_barcode_with_numeric_suffix; row_gene_name_issue_count=0; row_label_cell_barcode_like_count=0; rows=26571; columns=3525	26571	3525	3526	|AAACCTGAGCACGCCT_10|AAACCTGAGGCTAGGT_10|AAACCTGGTTGTGGAG_10|AAACCTGTCCACGAAT_10|AAACCTGTCTTCAACT_10	AL627309.1|AL669831.5|FAM87B|LINC00115|FAM41C	gene_symbol_or_ensembl_like_name	cell_barcode	true	gene_symbol_or_ensembl_like_name	0	0	10x_16nt_barcode_with_numeric_suffix	10|10|10|10|10	0	0	0	full_stream	numpy_fromstring_with_exact_anomaly_fallback	93662775	1	0	0	0	0	0	0	26038	false	86131145	0.91958779782	695	3706	7967	19059	73123	3	5956	451	609	7016	AL645608.3:0|LINC01342:1|TTLL10-AS1:0|CALML6:1|AL008733.1:0|AL512413.1:1|CHD5:0|BX323043.1:0|AL109811.4:0|AL109811.2:1	19555	pass	working_rule=feature_detected_in_at_least_3_cells; detected_in_0=5956; detected_in_1=451; detected_in_2=609; below_3=7016	695	3706	7967	19058	73121	500	1165	1868	2734	5994	0.0411522633745	2.30611407468	4.4408497131	6.75729708117	20.0080515298	0	0	0	0	0.128617363344	0	0	73	1	0	1	3524	73	0	74	3451	pass	fixed_rule=500<=nFeature<6000,nCount>1000,percent.mt<=20,percent.HB<5; source_rules=nFeature_and_percent.mt; project_rules=nCount_and_percent.HB; source_pass=3524; additional_nCount_fail=73; additional_percent.HB_fail=0; final_pass=3451	false	not_applicable	Frozen regression target applies only to GSM5573466_sample1.csv.gz.	3269	1.927074181	9.09100037655	0	10000	0.00567375886525	within_preregistered_review_boundaries	consistent_with_sparse_right_skew	status=consistent_with_sparse_right_skew; zero_value_rate=0.919588; gene_mean_le_0.01_fraction=0.460088; gene_mean_le_0.1_fraction=0.698807; gene_mean_Q1=0.000567376; gene_mean_median=0.0164539; gene_mean_Q3=0.140426; gene_mean_mean=0.463659; gene_mean_max=334.562; max_to_median=20333.3	false	trigger=none; distinct=3269; relative_iqr=1.92707; relative_range=9.091; dominant_round_fraction=0; best_fixed_target=10000; best_fixed_target_fraction=0.00567376	13	MT-ND1|MT-ND2|MT-CO1|MT-CO2|MT-ATP8|MT-ATP6|MT-CO3|MT-ND3	13	MT-ND1|MT-ND2|MT-CO1|MT-CO2|MT-ATP8|MT-ATP6|MT-CO3|MT-ND3	HBA1|HBA2|HBB|HBD|HBE1|HBG1|HBG2|HBM|HBQ1|HBZ	HBA1|HBA2|HBB|HBD|HBG1|HBG2|HBM|HBQ1|HBZ	HBE1	HBA1|HBA2|HBB|HBD	HBG1|HBG2|HBM|HBQ1|HBZ	HBEGF|HBP1|HBS1L	4C6F6F498A174A0D0DFA4D1272802C937EC779E2B33EF4A6D2D974EC93719EC3	nonnegative_integer_count_like	public_input_shape_verified_fixed_QC_recalculated_processing_history_pending_F0_step3	public_called_cell_raw_gene_count_matrix	7.9	match	not_compared_definition_changed_to_frozen_exact_globin_panel	enter_full_F1_candidate	enter_full_F1_independent_reQC	file_format_only	file_format_and_public_processing_boundary	full-stream numeric/structure audit passed; per-cell nCount showed no preregistered normalization artifact; row/column identities confirmed gene-by-cell orientation; all 26571 archived feature rows remain unchanged; one per-sample min.cells=3 working feature space was built and nCount, nFeature, percent.mt and percent.HB were recalculated there; the fixed source-aligned plus project QC rule was fully evaluable; the frozen globin panel was applied by exact gene matching; sparse right-skew evidence was present; processed manifest and GEO sample mapping matched; working_features=19555; source_rule_pass=3524; final_fixed_QC_pass=3451; pilot=not_applicable	true	false	false	match	Rows detected in fewer than three cells remain in the immutable archived matrix; they are excluded only from this sample's QC working feature space and are not labeled as a provenance mismatch.
GSE183904	GSM5573469_sample4.csv.gz	GSM5573469	sample4	data/processed_input/GSE183904/GSM5573469_sample4.csv.gz	data/public_downloads/GSE183904_RAW.tar	true	csv	true	gene_by_cell	pass_gene_by_cell	first_header_blank=true; column_barcode_pattern=10x_16nt_barcode_with_numeric_suffix; row_gene_name_issue_count=0; row_label_cell_barcode_like_count=0; rows=26571; columns=2066	26571	2066	2067	|AAACCTGAGACTTTCG_11|AAACCTGCAGGCTCAC_11|AAACCTGGTACCGCTG_11|AAACCTGGTCAGCTAT_11|AAACGGGCAGCGTTCG_11	AL627309.1|AL669831.5|FAM87B|LINC00115|FAM41C	gene_symbol_or_ensembl_like_name	cell_barcode	true	gene_symbol_or_ensembl_like_name	0	0	10x_16nt_barcode_with_numeric_suffix	11|11|11|11|11	0	0	0	full_stream	numpy_fromstring_with_exact_anomaly_fallback	54895686	1	0	0	0	0	0	0	22813	false	51084030	0.93056547285	800	2518.25	4471.5	8177.25	56050	3	7555	459	635	8649	FAM41C:0|AL645608.3:0|AL645608.1:0|PERM1:0|AL645608.2:0|LINC01342:2|TTLL10-AS1:0|AL391244.2:0|TMEM240:2|AL109917.1:1	17922	pass	working_rule=feature_detected_in_at_least_3_cells; detected_in_0=7555; detected_in_1=459; detected_in_2=635; below_3=8649	799	2518	4471.5	8177	56050	501	1001	1572.5	2314.5	5993	0.020942408377	3.69396531471	6.10386381104	11.3950233185	19.9864727765	0	0	0	0	15.9499293358	0	0	42	0	4	0	2066	42	4	46	2020	pass	fixed_rule=500<=nFeature<6000,nCount>1000,percent.mt<=20,percent.HB<5; source_rules=nFeature_and_percent.mt; project_rules=nCount_and_percent.HB; source_pass=2066; additional_nCount_fail=42; additional_percent.HB_fail=4; final_pass=2020	false	not_applicable	Frozen regression target applies only to GSM5573466_sample1.csv.gz.	1884	1.26557083753	12.3560326512	0	10000	0.00387221684414	within_preregistered_review_boundaries	consistent_with_sparse_right_skew	status=consistent_with_sparse_right_skew; zero_value_rate=0.930565; gene_mean_le_0.01_fraction=0.478981; gene_mean_le_0.1_fraction=0.726281; gene_mean_Q1=0; gene_mean_median=0.0130687; gene_mean_Q3=0.116167; gene_mean_mean=0.287001; gene_mean_max=131.106; max_to_median=10032	false	trigger=none; distinct=1884; relative_iqr=1.26557; relative_range=12.356; dominant_round_fraction=0; best_fixed_target=10000; best_fixed_target_fraction=0.00387222	13	MT-ND1|MT-ND2|MT-CO1|MT-CO2|MT-ATP8|MT-ATP6|MT-CO3|MT-ND3	13	MT-ND1|MT-ND2|MT-CO1|MT-CO2|MT-ATP8|MT-ATP6|MT-CO3|MT-ND3	HBA1|HBA2|HBB|HBD|HBE1|HBG1|HBG2|HBM|HBQ1|HBZ	HBA1|HBA2|HBB|HBD|HBG1|HBG2|HBM|HBQ1|HBZ	HBE1	HBA1|HBA2|HBB|HBD	HBG1|HBG2|HBM|HBQ1|HBZ	HBEGF|HBP1|HBS1L	4C6F6F498A174A0D0DFA4D1272802C937EC779E2B33EF4A6D2D974EC93719EC3	nonnegative_integer_count_like	public_input_shape_verified_fixed_QC_recalculated_processing_history_pending_F0_step3	public_called_cell_raw_gene_count_matrix	5.17	match	not_compared_definition_changed_to_frozen_exact_globin_panel	enter_full_F1_candidate	enter_full_F1_independent_reQC	file_format_only	file_format_and_public_processing_boundary	full-stream numeric/structure audit passed; per-cell nCount showed no preregistered normalization artifact; row/column identities confirmed gene-by-cell orientation; all 26571 archived feature rows remain unchanged; one per-sample min.cells=3 working feature space was built and nCount, nFeature, percent.mt and percent.HB were recalculated there; the fixed source-aligned plus project QC rule was fully evaluable; the frozen globin panel was applied by exact gene matching; sparse right-skew evidence was present; processed manifest and GEO sample mapping matched; working_features=17922; source_rule_pass=2066; final_fixed_QC_pass=2020; pilot=not_applicable	true	false	false	match	Rows detected in fewer than three cells remain in the immutable archived matrix; they are excluded only from this sample's QC working feature space and are not labeled as a provenance mismatch.
GSE183904	GSM5573470_sample5.csv.gz	GSM5573470	sample5	data/processed_input/GSE183904/GSM5573470_sample5.csv.gz	data/public_downloads/GSE183904_RAW.tar	true	csv	true	gene_by_cell	pass_gene_by_cell	first_header_blank=true; column_barcode_pattern=10x_16nt_barcode_with_numeric_suffix; row_gene_name_issue_count=0; row_label_cell_barcode_like_count=0; rows=26571; columns=3693	26571	3693	3694	|AAACCTGAGCCATCGC_12|AAACCTGCACACCGCA_12|AAACCTGCACGGATAG_12|AAACCTGCAGAGTGTG_12|AAACCTGGTAAATACG_12	AL627309.1|AL669831.5|FAM87B|LINC00115|FAM41C	gene_symbol_or_ensembl_like_name	cell_barcode	true	gene_symbol_or_ensembl_like_name	0	0	10x_16nt_barcode_with_numeric_suffix	12|12|12|12|12	0	0	0	full_stream	numpy_fromstring_with_exact_anomaly_fallback	98126703	1	0	0	0	0	0	0	26281	false	90773150	0.925060633088	676	3907	6376	17643	69639	3	6270	334	527	7131	FAM41C:2|AL645608.3:1|LINC01342:1|TTLL10-AS1:0|TTC34:1|AL512413.1:2|CHD5:1|BX323043.1:0|AL109811.4:0|MASP2:2	19440	pass	working_rule=feature_detected_in_at_least_3_cells; detected_in_0=6270; detected_in_1=334; detected_in_2=527; below_3=7131	676	3907	6376	17642	69639	499	1207	1782	2529	5997	0.135458997603	2.8042252854	6.15230460922	9.13724062614	19.9981414367	0	0	0	0	22.3015165031	1	0	47	0	1	1	3692	47	1	49	3644	pass	fixed_rule=500<=nFeature<6000,nCount>1000,percent.mt<=20,percent.HB<5; source_rules=nFeature_and_percent.mt; project_rules=nCount_and_percent.HB; source_pass=3692; additional_nCount_fail=47; additional_percent.HB_fail=1; final_pass=3644	false	not_applicable	Frozen regression target applies only to GSM5573466_sample1.csv.gz.	3328	2.15432873275	10.8160288582	0	10000	0.00649878147847	within_preregistered_review_boundaries	consistent_with_sparse_right_skew	status=consistent_with_sparse_right_skew; zero_value_rate=0.925061; gene_mean_le_0.01_fraction=0.466411; gene_mean_le_0.1_fraction=0.724737; gene_mean_Q1=0.000541565; gene_mean_median=0.0151638; gene_mean_Q3=0.116707; gene_mean_mean=0.434026; gene_mean_max=314.738; max_to_median=20755.8	false	trigger=none; distinct=3328; relative_iqr=2.15433; relative_range=10.816; dominant_round_fraction=0; best_fixed_target=10000; best_fixed_target_fraction=0.00649878	13	MT-ND1|MT-ND2|MT-CO1|MT-CO2|MT-ATP8|MT-ATP6|MT-CO3|MT-ND3	13	MT-ND1|MT-ND2|MT-CO1|MT-CO2|MT-ATP8|MT-ATP6|MT-CO3|MT-ND3	HBA1|HBA2|HBB|HBD|HBE1|HBG1|HBG2|HBM|HBQ1|HBZ	HBA1|HBA2|HBB|HBD|HBG1|HBG2|HBM|HBQ1|HBZ	HBE1	HBA1|HBA2|HBB|HBD	HBG1|HBG2|HBM|HBQ1|HBZ	HBEGF|HBP1|HBS1L	4C6F6F498A174A0D0DFA4D1272802C937EC779E2B33EF4A6D2D974EC93719EC3	nonnegative_integer_count_like	public_input_shape_verified_fixed_QC_recalculated_processing_history_pending_F0_step3	public_called_cell_raw_gene_count_matrix	11.33	match	not_compared_definition_changed_to_frozen_exact_globin_panel	enter_full_F1_candidate	enter_full_F1_independent_reQC	file_format_only	file_format_and_public_processing_boundary	full-stream numeric/structure audit passed; per-cell nCount showed no preregistered normalization artifact; row/column identities confirmed gene-by-cell orientation; all 26571 archived feature rows remain unchanged; one per-sample min.cells=3 working feature space was built and nCount, nFeature, percent.mt and percent.HB were recalculated there; the fixed source-aligned plus project QC rule was fully evaluable; the frozen globin panel was applied by exact gene matching; sparse right-skew evidence was present; processed manifest and GEO sample mapping matched; working_features=19440; source_rule_pass=3692; final_fixed_QC_pass=3644; pilot=not_applicable	true	false	false	match	Rows detected in fewer than three cells remain in the immutable archived matrix; they are excluded only from this sample's QC working feature space and are not labeled as a provenance mismatch.
GSE183904	GSM5573471_sample6.csv.gz	GSM5573471	sample6	data/processed_input/GSE183904/GSM5573471_sample6.csv.gz	data/public_downloads/GSE183904_RAW.tar	true	csv	true	gene_by_cell	pass_gene_by_cell	first_header_blank=true; column_barcode_pattern=10x_16nt_barcode_with_numeric_suffix; row_gene_name_issue_count=0; row_label_cell_barcode_like_count=0; rows=26571; columns=2065	26571	2065	2066	|AAACCTGAGCATGGCA_13|AAACCTGCACATGACT_13|AAACCTGCATGGTAGG_13|AAACCTGTCATCATTC_13|AAACGGGAGAAGGTTT_13	AL627309.1|AL669831.5|FAM87B|LINC00115|FAM41C	gene_symbol_or_ensembl_like_name	cell_barcode	true	gene_symbol_or_ensembl_like_name	0	0	10x_16nt_barcode_with_numeric_suffix	13|13|13|13|13	0	0	0	full_stream	numpy_fromstring_with_exact_anomaly_fallback	54869115	1	0	0	0	0	0	0	29873	false	51042967	0.93026772894	709	3234	5375	11227	79680	3	7244	395	665	8304	AL627309.1:0|FAM87B:0|FAM41C:1|AL645608.3:0|LINC01342:1|TTLL10-AS1:0|PRKCZ-AS1:2|TTC34:2|AL512413.1:0|CHD5:0	18267	pass	working_rule=feature_detected_in_at_least_3_cells; detected_in_0=7244; detected_in_1=395; detected_in_2=665; below_3=8304	708	3234	5375	11226	79678	500	1065	1673	2354	5933	0.124507159162	4.23156038789	7.00511945392	10.5335157319	20.0010430792	0	0	0	0	0.257189618892	0	0	50	1	0	1	2064	50	0	51	2014	pass	fixed_rule=500<=nFeature<6000,nCount>1000,percent.mt<=20,percent.HB<5; source_rules=nFeature_and_percent.mt; project_rules=nCount_and_percent.HB; source_pass=2064; additional_nCount_fail=50; additional_percent.HB_fail=0; final_pass=2014	false	not_applicable	Frozen regression target applies only to GSM5573466_sample1.csv.gz.	1927	1.48706976744	14.6922790698	0	10000	0.00532687651332	within_preregistered_review_boundaries	consistent_with_sparse_right_skew	status=consistent_with_sparse_right_skew; zero_value_rate=0.930268; gene_mean_le_0.01_fraction=0.4669; gene_mean_le_0.1_fraction=0.736291; gene_mean_Q1=0; gene_mean_median=0.0150121; gene_mean_Q3=0.108959; gene_mean_mean=0.348186; gene_mean_max=242.788; max_to_median=16172.8	false	trigger=none; distinct=1927; relative_iqr=1.48707; relative_range=14.6923; dominant_round_fraction=0; best_fixed_target=10000; best_fixed_target_fraction=0.00532688	13	MT-ND1|MT-ND2|MT-CO1|MT-CO2|MT-ATP8|MT-ATP6|MT-CO3|MT-ND3	13	MT-ND1|MT-ND2|MT-CO1|MT-CO2|MT-ATP8|MT-ATP6|MT-CO3|MT-ND3	HBA1|HBA2|HBB|HBD|HBE1|HBG1|HBG2|HBM|HBQ1|HBZ	HBA1|HBA2|HBB|HBD|HBG1|HBG2|HBM|HBQ1|HBZ	HBE1	HBA1|HBA2|HBB|HBD	HBG1|HBG2|HBM|HBQ1|HBZ	HBEGF|HBP1|HBS1L	4C6F6F498A174A0D0DFA4D1272802C937EC779E2B33EF4A6D2D974EC93719EC3	nonnegative_integer_count_like	public_input_shape_verified_fixed_QC_recalculated_processing_history_pending_F0_step3	public_called_cell_raw_gene_count_matrix	5.15	match	not_compared_definition_changed_to_frozen_exact_globin_panel	enter_full_F1_candidate	enter_full_F1_independent_reQC	file_format_only	file_format_and_public_processing_boundary	full-stream numeric/structure audit passed; per-cell nCount showed no preregistered normalization artifact; row/column identities confirmed gene-by-cell orientation; all 26571 archived feature rows remain unchanged; one per-sample min.cells=3 working feature space was built and nCount, nFeature, percent.mt and percent.HB were recalculated there; the fixed source-aligned plus project QC rule was fully evaluable; the frozen globin panel was applied by exact gene matching; sparse right-skew evidence was present; processed manifest and GEO sample mapping matched; working_features=18267; source_rule_pass=2064; final_fixed_QC_pass=2014; pilot=not_applicable	true	false	false	match	Rows detected in fewer than three cells remain in the immutable archived matrix; they are excluded only from this sample's QC working feature space and are not labeled as a provenance mismatch.
GSE183904	GSM5573472_sample7.csv.gz	GSM5573472	sample7	data/processed_input/GSE183904/GSM5573472_sample7.csv.gz	data/public_downloads/GSE183904_RAW.tar	true	csv	true	gene_by_cell	pass_gene_by_cell	first_header_blank=true; column_barcode_pattern=10x_16nt_barcode_with_numeric_suffix; row_gene_name_issue_count=0; row_label_cell_barcode_like_count=0; rows=26571; columns=2097	26571	2097	2098	|AAACCTGAGTTATCGC_14|AAACCTGGTAATCGTC_14|AAACGGGAGCAACGGT_14|AAACGGGCATATGGTC_14|AAACGGGGTATCTGCA_14	AL627309.1|AL669831.5|FAM87B|LINC00115|FAM41C	gene_symbol_or_ensembl_like_name	cell_barcode	true	gene_symbol_or_ensembl_like_name	0	0	10x_16nt_barcode_with_numeric_suffix	14|14|14|14|14	0	0	0	full_stream	numpy_fromstring_with_exact_anomaly_fallback	55719387	1	0	0	0	0	0	0	26310	false	51666614	0.92726458028	718	2662	4958	13234	77594	3	6256	725	854	7835	AL627309.1:1|FAM87B:0|AL645608.3:0|PERM1:1|LINC01342:0|TTLL10-AS1:0|AL391244.2:0|AL008733.1:2|AL512413.1:2|CHD5:1	18736	pass	working_rule=feature_detected_in_at_least_3_cells; detected_in_0=6256; detected_in_1=725; detected_in_2=854; below_3=7835	717	2661	4958	13234	77507	499	1012	1561	2429	5950	0.0708717221828	4.4812221515	7.44132799084	12.1364092277	19.993423216	0	0	0	0	0.2416918429	2	0	49	0	0	2	2095	47	0	49	2048	pass	fixed_rule=500<=nFeature<6000,nCount>1000,percent.mt<=20,percent.HB<5; source_rules=nFeature_and_percent.mt; project_rules=nCount_and_percent.HB; source_pass=2095; additional_nCount_fail=47; additional_percent.HB_fail=0; final_pass=2048	false	not_applicable	Frozen regression target applies only to GSM5573466_sample1.csv.gz.	1952	2.13231141589	15.5054457443	0	10000	0.00238435860753	within_preregistered_review_boundaries	consistent_with_sparse_right_skew	status=consistent_with_sparse_right_skew; zero_value_rate=0.927265; gene_mean_le_0.01_fraction=0.449927; gene_mean_le_0.1_fraction=0.710399; gene_mean_Q1=0.000476872; gene_mean_median=0.0181211; gene_mean_Q3=0.126848; gene_mean_mean=0.358301; gene_mean_max=258.238; max_to_median=14250.7	false	trigger=none; distinct=1952; relative_iqr=2.13231; relative_range=15.5054; dominant_round_fraction=0; best_fixed_target=10000; best_fixed_target_fraction=0.00238436	13	MT-ND1|MT-ND2|MT-CO1|MT-CO2|MT-ATP8|MT-ATP6|MT-CO3|MT-ND3	13	MT-ND1|MT-ND2|MT-CO1|MT-CO2|MT-ATP8|MT-ATP6|MT-CO3|MT-ND3	HBA1|HBA2|HBB|HBD|HBE1|HBG1|HBG2|HBM|HBQ1|HBZ	HBA1|HBA2|HBB|HBD|HBG1|HBG2|HBM|HBQ1|HBZ	HBE1	HBA1|HBA2|HBB|HBD	HBG1|HBG2|HBM|HBQ1|HBZ	HBEGF|HBP1|HBS1L	4C6F6F498A174A0D0DFA4D1272802C937EC779E2B33EF4A6D2D974EC93719EC3	nonnegative_integer_count_like	public_input_shape_verified_fixed_QC_recalculated_processing_history_pending_F0_step3	public_called_cell_raw_gene_count_matrix	4.78	match	not_compared_definition_changed_to_frozen_exact_globin_panel	enter_full_F1_candidate	enter_full_F1_independent_reQC	file_format_only	file_format_and_public_processing_boundary	full-stream numeric/structure audit passed; per-cell nCount showed no preregistered normalization artifact; row/column identities confirmed gene-by-cell orientation; all 26571 archived feature rows remain unchanged; one per-sample min.cells=3 working feature space was built and nCount, nFeature, percent.mt and percent.HB were recalculated there; the fixed source-aligned plus project QC rule was fully evaluable; the frozen globin panel was applied by exact gene matching; sparse right-skew evidence was present; processed manifest and GEO sample mapping matched; working_features=18736; source_rule_pass=2095; final_fixed_QC_pass=2048; pilot=not_applicable	true	false	false	match	Rows detected in fewer than three cells remain in the immutable archived matrix; they are excluded only from this sample's QC working feature space and are not labeled as a provenance mismatch.
GSE183904	GSM5573473_sample8.csv.gz	GSM5573473	sample8	data/processed_input/GSE183904/GSM5573473_sample8.csv.gz	data/public_downloads/GSE183904_RAW.tar	true	csv	true	gene_by_cell	pass_gene_by_cell	first_header_blank=true; column_barcode_pattern=10x_16nt_barcode_with_numeric_suffix; row_gene_name_issue_count=0; row_label_cell_barcode_like_count=0; rows=26571; columns=7177	26571	7177	7178	|AAACCTGAGAAGGTTT_15|AAACCTGAGGACTGGT_15|AAACCTGAGTCGTACT_15|AAACCTGCAAAGCGGT_15|AAACCTGCAAGCGAGT_15	AL627309.1|AL669831.5|FAM87B|LINC00115|FAM41C	gene_symbol_or_ensembl_like_name	cell_barcode	true	gene_symbol_or_ensembl_like_name	0	0	10x_16nt_barcode_with_numeric_suffix	15|15|15|15|15	0	0	0	full_stream	numpy_fromstring_with_exact_anomaly_fallback	190700067	1	0	0	0	0	0	0	18095	false	178134105	0.934106147954	663	2042	3015	5538	48902	3	5551	169	432	6152	FAM41C:0|LINC01342:0|AL512413.1:0|LINC01134:2|TAS1R1:0|BX323043.1:0|AL109811.4:0|MASP2:0|AL031283.2:0|CELA2A:0	20419	pass	working_rule=feature_detected_in_at_least_3_cells; detected_in_0=5551; detected_in_1=169; detected_in_2=432; below_3=6152	663	2042	3015	5538	48902	499	947	1277	1979	5993	0	3.10351600864	4.29184549356	6.05060506051	19.9950968375	0	0	0	0	30.7251264755	1	0	287	0	9	1	7176	286	9	296	6881	pass	fixed_rule=500<=nFeature<6000,nCount>1000,percent.mt<=20,percent.HB<5; source_rules=nFeature_and_percent.mt; project_rules=nCount_and_percent.HB; source_pass=7176; additional_nCount_fail=286; additional_percent.HB_fail=9; final_pass=6881	false	not_applicable	Frozen regression target applies only to GSM5573466_sample1.csv.gz.	4713	1.15953565506	15.999668325	0	10000	0.0040406855232	within_preregistered_review_boundaries	consistent_with_sparse_right_skew	status=consistent_with_sparse_right_skew; zero_value_rate=0.934106; gene_mean_le_0.01_fraction=0.477174; gene_mean_le_0.1_fraction=0.74363; gene_mean_Q1=0.000418002; gene_mean_median=0.0133761; gene_mean_Q3=0.104361; gene_mean_mean=0.220772; gene_mean_max=111.51; max_to_median=8336.54	false	trigger=none; distinct=4713; relative_iqr=1.15954; relative_range=15.9997; dominant_round_fraction=0; best_fixed_target=10000; best_fixed_target_fraction=0.00404069	13	MT-ND1|MT-ND2|MT-CO1|MT-CO2|MT-ATP8|MT-ATP6|MT-CO3|MT-ND3	13	MT-ND1|MT-ND2|MT-CO1|MT-CO2|MT-ATP8|MT-ATP6|MT-CO3|MT-ND3	HBA1|HBA2|HBB|HBD|HBE1|HBG1|HBG2|HBM|HBQ1|HBZ	HBA1|HBA2|HBB|HBD|HBG1|HBG2|HBM|HBQ1|HBZ	HBE1	HBA1|HBA2|HBB|HBQ1|HBZ	HBD|HBG1|HBG2|HBM	HBEGF|HBP1|HBS1L	4C6F6F498A174A0D0DFA4D1272802C937EC779E2B33EF4A6D2D974EC93719EC3	nonnegative_integer_count_like	public_input_shape_verified_fixed_QC_recalculated_processing_history_pending_F0_step3	public_called_cell_raw_gene_count_matrix	20.35	match	not_compared_definition_changed_to_frozen_exact_globin_panel	enter_full_F1_candidate	enter_full_F1_independent_reQC	file_format_only	file_format_and_public_processing_boundary	full-stream numeric/structure audit passed; per-cell nCount showed no preregistered normalization artifact; row/column identities confirmed gene-by-cell orientation; all 26571 archived feature rows remain unchanged; one per-sample min.cells=3 working feature space was built and nCount, nFeature, percent.mt and percent.HB were recalculated there; the fixed source-aligned plus project QC rule was fully evaluable; the frozen globin panel was applied by exact gene matching; sparse right-skew evidence was present; processed manifest and GEO sample mapping matched; working_features=20419; source_rule_pass=7176; final_fixed_QC_pass=6881; pilot=not_applicable	true	false	false	match	Rows detected in fewer than three cells remain in the immutable archived matrix; they are excluded only from this sample's QC working feature space and are not labeled as a provenance mismatch.
GSE183904	GSM5573474_sample9.csv.gz	GSM5573474	sample9	data/processed_input/GSE183904/GSM5573474_sample9.csv.gz	data/public_downloads/GSE183904_RAW.tar	true	csv	true	gene_by_cell	pass_gene_by_cell	first_header_blank=true; column_barcode_pattern=10x_16nt_barcode_with_numeric_suffix; row_gene_name_issue_count=0; row_label_cell_barcode_like_count=0; rows=26571; columns=3319	26571	3319	3320	|AAACCTGAGTGTTAGA_16|AAACCTGCACTGCCAG_16|AAACCTGCAGATGGCA_16|AAACCTGGTAATCACC_16|AAACCTGGTGCGATAG_16	AL627309.1|AL669831.5|FAM87B|LINC00115|FAM41C	gene_symbol_or_ensembl_like_name	cell_barcode	true	gene_symbol_or_ensembl_like_name	0	0	10x_16nt_barcode_with_numeric_suffix	16|16|16|16|16	0	0	0	full_stream	numpy_fromstring_with_exact_anomaly_fallback	88189149	1	0	0	0	0	0	0	29696	false	83260031	0.944107432083	677	2511	4169	9510.5	67852	3	7167	337	584	8088	FAM87B:0|FAM41C:0|AL645608.3:1|PERM1:2|AL645608.2:0|TTLL10-AS1:0|TMEM240:0|AL512413.1:2|CHD5:2|TAS1R1:1	18483	pass	working_rule=feature_detected_in_at_least_3_cells; detected_in_0=7167; detected_in_1=337; detected_in_2=584; below_3=8088	677	2511	4169	9501	67851	500	942.5	1297	1808.5	5751	0.173611111111	5.30368216739	8.02775024777	12.7056209923	19.9938385705	0	0	0	0	0.216684723727	0	0	51	0	0	0	3319	51	0	51	3268	pass	fixed_rule=500<=nFeature<6000,nCount>1000,percent.mt<=20,percent.HB<5; source_rules=nFeature_and_percent.mt; project_rules=nCount_and_percent.HB; source_pass=3319; additional_nCount_fail=51; additional_percent.HB_fail=0; final_pass=3268	false	not_applicable	Frozen regression target applies only to GSM5573466_sample1.csv.gz.	2864	1.67893979372	16.112976733	0	10000	0.00542332027719	within_preregistered_review_boundaries	consistent_with_sparse_right_skew	status=consistent_with_sparse_right_skew; zero_value_rate=0.944107; gene_mean_le_0.01_fraction=0.498589; gene_mean_le_0.1_fraction=0.799292; gene_mean_Q1=0; gene_mean_median=0.010244; gene_mean_Q3=0.07442; gene_mean_mean=0.283135; gene_mean_max=1522.09; max_to_median=148583	false	trigger=none; distinct=2864; relative_iqr=1.67894; relative_range=16.113; dominant_round_fraction=0; best_fixed_target=10000; best_fixed_target_fraction=0.00542332	13	MT-ND1|MT-ND2|MT-CO1|MT-CO2|MT-ATP8|MT-ATP6|MT-CO3|MT-ND3	13	MT-ND1|MT-ND2|MT-CO1|MT-CO2|MT-ATP8|MT-ATP6|MT-CO3|MT-ND3	HBA1|HBA2|HBB|HBD|HBE1|HBG1|HBG2|HBM|HBQ1|HBZ	HBA1|HBA2|HBB|HBD|HBG1|HBG2|HBM|HBQ1|HBZ	HBE1	HBB|HBD|HBQ1	HBA1|HBA2|HBG1|HBG2|HBM|HBZ	HBEGF|HBP1|HBS1L	4C6F6F498A174A0D0DFA4D1272802C937EC779E2B33EF4A6D2D974EC93719EC3	nonnegative_integer_count_like	public_input_shape_verified_fixed_QC_recalculated_processing_history_pending_F0_step3	public_called_cell_raw_gene_count_matrix	7.37	match	not_compared_definition_changed_to_frozen_exact_globin_panel	enter_full_F1_candidate	enter_full_F1_independent_reQC	file_format_only	file_format_and_public_processing_boundary	full-stream numeric/structure audit passed; per-cell nCount showed no preregistered normalization artifact; row/column identities confirmed gene-by-cell orientation; all 26571 archived feature rows remain unchanged; one per-sample min.cells=3 working feature space was built and nCount, nFeature, percent.mt and percent.HB were recalculated there; the fixed source-aligned plus project QC rule was fully evaluable; the frozen globin panel was applied by exact gene matching; sparse right-skew evidence was present; processed manifest and GEO sample mapping matched; working_features=18483; source_rule_pass=3319; final_fixed_QC_pass=3268; pilot=not_applicable	true	false	false	match	Rows detected in fewer than three cells remain in the immutable archived matrix; they are excluded only from this sample's QC working feature space and are not labeled as a provenance mismatch.
GSE183904	GSM5573475_sample10.csv.gz	GSM5573475	sample10	data/processed_input/GSE183904/GSM5573475_sample10.csv.gz	data/public_downloads/GSE183904_RAW.tar	true	csv	true	gene_by_cell	pass_gene_by_cell	first_header_blank=true; column_barcode_pattern=10x_16nt_barcode_with_numeric_suffix; row_gene_name_issue_count=0; row_label_cell_barcode_like_count=0; rows=26571; columns=2668	26571	2668	2669	|AAACCTGAGCCAGAAC_17|AAACCTGAGTAGATGT_17|AAACCTGAGTCGAGTG_17|AAACCTGAGTGAATTG_17|AAACCTGCATCTCCCA_17	AL627309.1|AL669831.5|FAM87B|LINC00115|FAM41C	gene_symbol_or_ensembl_like_name	cell_barcode	true	gene_symbol_or_ensembl_like_name	0	0	10x_16nt_barcode_with_numeric_suffix	17|17|17|17|17	0	0	0	full_stream	numpy_fromstring_with_exact_anomaly_fallback	70891428	1	0	0	0	0	0	0	16236	false	66730050	0.941299278102	736	2300	3520	8607.25	53364	3	7300	393	649	8342	AL627309.1:0|FAM87B:0|FAM41C:0|AL645608.3:0|PERM1:0|LINC01342:1|TTLL10-AS1:0|AL391244.2:0|CALML6:1|PRKCZ-AS1:1	18229	pass	working_rule=feature_detected_in_at_least_3_cells; detected_in_0=7300; detected_in_1=393; detected_in_2=649; below_3=8342	733	2299.75	3520	8605.25	53359	500	985.75	1318.5	1863.75	5975	0.156379357925	3.93685318635	5.98743979703	9.48639204967	19.9867197875	0	0	0	0	0.102704553235	0	0	64	0	0	0	2668	64	0	64	2604	pass	fixed_rule=500<=nFeature<6000,nCount>1000,percent.mt<=20,percent.HB<5; source_rules=nFeature_and_percent.mt; project_rules=nCount_and_percent.HB; source_pass=2668; additional_nCount_fail=64; additional_percent.HB_fail=0; final_pass=2604	false	not_applicable	Frozen regression target applies only to GSM5573466_sample1.csv.gz.	2275	1.79183238636	14.9511363636	0	10000	0.00374812593703	within_preregistered_review_boundaries	consistent_with_sparse_right_skew	status=consistent_with_sparse_right_skew; zero_value_rate=0.941299; gene_mean_le_0.01_fraction=0.491777; gene_mean_le_0.1_fraction=0.777238; gene_mean_Q1=0; gene_mean_median=0.0108696; gene_mean_Q3=0.083958; gene_mean_mean=0.251138; gene_mean_max=211.655; max_to_median=19472.2	false	trigger=none; distinct=2275; relative_iqr=1.79183; relative_range=14.9511; dominant_round_fraction=0; best_fixed_target=10000; best_fixed_target_fraction=0.00374813	13	MT-ND1|MT-ND2|MT-CO1|MT-CO2|MT-ATP8|MT-ATP6|MT-CO3|MT-ND3	13	MT-ND1|MT-ND2|MT-CO1|MT-CO2|MT-ATP8|MT-ATP6|MT-CO3|MT-ND3	HBA1|HBA2|HBB|HBD|HBE1|HBG1|HBG2|HBM|HBQ1|HBZ	HBA1|HBA2|HBB|HBD|HBG1|HBG2|HBM|HBQ1|HBZ	HBE1	HBA1|HBA2|HBB|HBD	HBG1|HBG2|HBM|HBQ1|HBZ	HBEGF|HBP1|HBS1L	4C6F6F498A174A0D0DFA4D1272802C937EC779E2B33EF4A6D2D974EC93719EC3	nonnegative_integer_count_like	public_input_shape_verified_fixed_QC_recalculated_processing_history_pending_F0_step3	public_called_cell_raw_gene_count_matrix	6.24	match	not_compared_definition_changed_to_frozen_exact_globin_panel	enter_full_F1_candidate	enter_full_F1_independent_reQC	file_format_only	file_format_and_public_processing_boundary	full-stream numeric/structure audit passed; per-cell nCount showed no preregistered normalization artifact; row/column identities confirmed gene-by-cell orientation; all 26571 archived feature rows remain unchanged; one per-sample min.cells=3 working feature space was built and nCount, nFeature, percent.mt and percent.HB were recalculated there; the fixed source-aligned plus project QC rule was fully evaluable; the frozen globin panel was applied by exact gene matching; sparse right-skew evidence was present; processed manifest and GEO sample mapping matched; working_features=18229; source_rule_pass=2668; final_fixed_QC_pass=2604; pilot=not_applicable	true	false	false	match	Rows detected in fewer than three cells remain in the immutable archived matrix; they are excluded only from this sample's QC working feature space and are not labeled as a provenance mismatch.
GSE183904	GSM5573476_sample11.csv.gz	GSM5573476	sample11	data/processed_input/GSE183904/GSM5573476_sample11.csv.gz	data/public_downloads/GSE183904_RAW.tar	true	csv	true	gene_by_cell	pass_gene_by_cell	first_header_blank=true; column_barcode_pattern=10x_16nt_barcode_with_numeric_suffix; row_gene_name_issue_count=0; row_label_cell_barcode_like_count=0; rows=26571; columns=851	26571	851	852	|AAACCTGGTCCAGTGC_18|AAACCTGGTCGTTGTA_18|AAACGGGAGAGGGATA_18|AAACGGGTCAAACAAG_18|AAAGATGGTAAGAGGA_18	AL627309.1|AL669831.5|FAM87B|LINC00115|FAM41C	gene_symbol_or_ensembl_like_name	cell_barcode	true	gene_symbol_or_ensembl_like_name	0	0	10x_16nt_barcode_with_numeric_suffix	18|18|18|18|18	0	0	0	full_stream	numpy_fromstring_with_exact_anomaly_fallback	22611921	1	0	0	0	0	0	0	10242	false	20811747	0.920388276609	731	2700.5	4938	10666.5	50111	3	8646	506	685	9837	AL627309.1:0|FAM87B:0|FAM41C:0|AL645608.3:0|AL645608.1:2|PERM1:0|AL645608.2:0|LINC01342:0|TTLL10-AS1:2|AL391244.3:1	16734	pass	working_rule=feature_detected_in_at_least_3_cells; detected_in_0=8646; detected_in_1=506; detected_in_2=685; below_3=9837	731	2700	4937	10664	50071	500	1128	1721	2872	5982	0	2.59102063797	3.88785625774	5.72925847379	19.5246179966	0	0	0	0	55.7352468673	0	0	30	0	2	0	851	30	2	32	819	pass	fixed_rule=500<=nFeature<6000,nCount>1000,percent.mt<=20,percent.HB<5; source_rules=nFeature_and_percent.mt; project_rules=nCount_and_percent.HB; source_pass=851; additional_nCount_fail=30; additional_percent.HB_fail=2; final_pass=819	false	not_applicable	Frozen regression target applies only to GSM5573466_sample1.csv.gz.	818	1.6132037262	10	0	1000	0.00117508813161	within_preregistered_review_boundaries	consistent_with_sparse_right_skew	status=consistent_with_sparse_right_skew; zero_value_rate=0.920388; gene_mean_le_0.01_fraction=0.455948; gene_mean_le_0.1_fraction=0.69892; gene_mean_Q1=0; gene_mean_median=0.0164512; gene_mean_Q3=0.13866; gene_mean_mean=0.316332; gene_mean_max=118.075; max_to_median=7177.29	false	trigger=none; distinct=818; relative_iqr=1.6132; relative_range=10; dominant_round_fraction=0; best_fixed_target=1000; best_fixed_target_fraction=0.00117509	13	MT-ND1|MT-ND2|MT-CO1|MT-CO2|MT-ATP8|MT-ATP6|MT-CO3|MT-ND3	13	MT-ND1|MT-ND2|MT-CO1|MT-CO2|MT-ATP8|MT-ATP6|MT-CO3|MT-ND3	HBA1|HBA2|HBB|HBD|HBE1|HBG1|HBG2|HBM|HBQ1|HBZ	HBA1|HBA2|HBB|HBD|HBG1|HBG2|HBM|HBQ1|HBZ	HBE1	HBA1|HBA2|HBB	HBD|HBG1|HBG2|HBM|HBQ1|HBZ	HBEGF|HBP1|HBS1L	4C6F6F498A174A0D0DFA4D1272802C937EC779E2B33EF4A6D2D974EC93719EC3	nonnegative_integer_count_like	public_input_shape_verified_fixed_QC_recalculated_processing_history_pending_F0_step3	public_called_cell_raw_gene_count_matrix	2.38	match	not_compared_definition_changed_to_frozen_exact_globin_panel	enter_full_F1_candidate	enter_full_F1_independent_reQC	file_format_only	file_format_and_public_processing_boundary	full-stream numeric/structure audit passed; per-cell nCount showed no preregistered normalization artifact; row/column identities confirmed gene-by-cell orientation; all 26571 archived feature rows remain unchanged; one per-sample min.cells=3 working feature space was built and nCount, nFeature, percent.mt and percent.HB were recalculated there; the fixed source-aligned plus project QC rule was fully evaluable; the frozen globin panel was applied by exact gene matching; sparse right-skew evidence was present; processed manifest and GEO sample mapping matched; working_features=16734; source_rule_pass=851; final_fixed_QC_pass=819; pilot=not_applicable	true	false	false	match	Rows detected in fewer than three cells remain in the immutable archived matrix; they are excluded only from this sample's QC working feature space and are not labeled as a provenance mismatch.
GSE183904	GSM5573477_sample12.csv.gz	GSM5573477	sample12	data/processed_input/GSE183904/GSM5573477_sample12.csv.gz	data/public_downloads/GSE183904_RAW.tar	true	csv	true	gene_by_cell	pass_gene_by_cell	first_header_blank=true; column_barcode_pattern=10x_16nt_barcode_with_numeric_suffix; row_gene_name_issue_count=0; row_label_cell_barcode_like_count=0; rows=26571; columns=592	26571	592	593	|AAACCTGCAAGAAAGG_19|AAACGGGGTCCAGTGC_19|AAACGGGTCGCGTTTC_19|AAAGATGGTTGTCTTT_19|AAAGCAAGTGGTCCGT_19	AL627309.1|AL669831.5|FAM87B|LINC00115|FAM41C	gene_symbol_or_ensembl_like_name	cell_barcode	true	gene_symbol_or_ensembl_like_name	0	0	10x_16nt_barcode_with_numeric_suffix	19|19|19|19|19	0	0	0	full_stream	numpy_fromstring_with_exact_anomaly_fallback	15730032	1	0	0	0	0	0	0	4691	false	14501258	0.921883566416	725	2267	4587	9087	43196	3	8777	821	826	10424	AL627309.1:0|FAM41C:1|AL645608.3:0|AL645608.1:0|PERM1:0|AL645608.2:0|LINC01342:0|TTLL10-AS1:0|TAS1R3:0|AL391244.3:0	16147	pass	working_rule=feature_detected_in_at_least_3_cells; detected_in_0=8777; detected_in_1=821; detected_in_2=826; below_3=10424	724	2265.75	4585	9080	43192	500	1014.25	1641	2672.75	5937	0	2.99157397215	4.22803157928	6.66707526354	19.9303283015	0	0	0	0	3.57724523034	0	0	35	0	0	0	592	35	0	35	557	pass	fixed_rule=500<=nFeature<6000,nCount>1000,percent.mt<=20,percent.HB<5; source_rules=nFeature_and_percent.mt; project_rules=nCount_and_percent.HB; source_pass=592; additional_nCount_fail=35; additional_percent.HB_fail=0; final_pass=557	false	not_applicable	Frozen regression target applies only to GSM5573466_sample1.csv.gz.	575	1.48681055156	9.25899280576	0	1000	0.00337837837838	within_preregistered_review_boundaries	consistent_with_sparse_right_skew	status=consistent_with_sparse_right_skew; zero_value_rate=0.921884; gene_mean_le_0.01_fraction=0.448308; gene_mean_le_0.1_fraction=0.696398; gene_mean_Q1=0; gene_mean_median=0.0168919; gene_mean_Q3=0.141892; gene_mean_mean=0.309855; gene_mean_max=117.215; max_to_median=6939.1	false	trigger=none; distinct=575; relative_iqr=1.48681; relative_range=9.25899; dominant_round_fraction=0; best_fixed_target=1000; best_fixed_target_fraction=0.00337838	13	MT-ND1|MT-ND2|MT-CO1|MT-CO2|MT-ATP8|MT-ATP6|MT-CO3|MT-ND3	13	MT-ND1|MT-ND2|MT-CO1|MT-CO2|MT-ATP8|MT-ATP6|MT-CO3|MT-ND3	HBA1|HBA2|HBB|HBD|HBE1|HBG1|HBG2|HBM|HBQ1|HBZ	HBA1|HBA2|HBB|HBD|HBG1|HBG2|HBM|HBQ1|HBZ	HBE1	HBA1|HBA2|HBB	HBD|HBG1|HBG2|HBM|HBQ1|HBZ	HBEGF|HBP1|HBS1L	4C6F6F498A174A0D0DFA4D1272802C937EC779E2B33EF4A6D2D974EC93719EC3	nonnegative_integer_count_like	public_input_shape_verified_fixed_QC_recalculated_processing_history_pending_F0_step3	public_called_cell_raw_gene_count_matrix	1.7	match	not_compared_definition_changed_to_frozen_exact_globin_panel	enter_full_F1_candidate	enter_full_F1_independent_reQC	file_format_only	file_format_and_public_processing_boundary	full-stream numeric/structure audit passed; per-cell nCount showed no preregistered normalization artifact; row/column identities confirmed gene-by-cell orientation; all 26571 archived feature rows remain unchanged; one per-sample min.cells=3 working feature space was built and nCount, nFeature, percent.mt and percent.HB were recalculated there; the fixed source-aligned plus project QC rule was fully evaluable; the frozen globin panel was applied by exact gene matching; sparse right-skew evidence was present; processed manifest and GEO sample mapping matched; working_features=16147; source_rule_pass=592; final_fixed_QC_pass=557; pilot=not_applicable	true	false	false	match	Rows detected in fewer than three cells remain in the immutable archived matrix; they are excluded only from this sample's QC working feature space and are not labeled as a provenance mismatch.
GSE183904	GSM5573478_sample13.csv.gz	GSM5573478	sample13	data/processed_input/GSE183904/GSM5573478_sample13.csv.gz	data/public_downloads/GSE183904_RAW.tar	true	csv	true	gene_by_cell	pass_gene_by_cell	first_header_blank=true; column_barcode_pattern=10x_16nt_barcode_with_numeric_suffix; row_gene_name_issue_count=0; row_label_cell_barcode_like_count=0; rows=26571; columns=2339	26571	2339	2340	|AAACCTGCACTAAGTC_20|AAACCTGCATCCGGGT_20|AAACCTGCATTCTCAT_20|AAACCTGGTATTCTCT_20|AAACCTGGTTAAGATG_20	AL627309.1|AL669831.5|FAM87B|LINC00115|FAM41C	gene_symbol_or_ensembl_like_name	cell_barcode	true	gene_symbol_or_ensembl_like_name	0	0	10x_16nt_barcode_with_numeric_suffix	20|20|20|20|20	0	0	0	full_stream	numpy_fromstring_with_exact_anomaly_fallback	62149569	1	0	0	0	0	0	0	10282	false	60204331	0.96870070008	698	1056.5	1331	1995	15899	3	10200	106	311	10617	AL627309.1:0|FAM87B:0|FAM41C:0|AL645608.3:0|PERM1:0|LINC01342:0|TTLL10-AS1:0|AL391244.2:0|FNDC10:1|AL109917.1:0	15954	pass	working_rule=feature_detected_in_at_least_3_cells; detected_in_0=10200; detected_in_1=106; detected_in_2=311; below_3=10617	697	1056	1331	1995	15893	498	586	701	934	3344	0.0447227191413	3.4840960727	5.03833515882	8.99218345519	19.9819168174	0	0	0	0	1.69902912621	4	0	442	0	0	4	2335	438	0	442	1897	pass	fixed_rule=500<=nFeature<6000,nCount>1000,percent.mt<=20,percent.HB<5; source_rules=nFeature_and_percent.mt; project_rules=nCount_and_percent.HB; source_pass=2335; additional_nCount_fail=438; additional_percent.HB_fail=0; final_pass=1897	false	not_applicable	Frozen regression target applies only to GSM5573466_sample1.csv.gz.	1386	0.705108940646	11.4207362885	0	1000	0.0239418554938	within_preregistered_review_boundaries	consistent_with_sparse_right_skew	status=consistent_with_sparse_right_skew; zero_value_rate=0.968701; gene_mean_le_0.01_fraction=0.588311; gene_mean_le_0.1_fraction=0.909375; gene_mean_Q1=0; gene_mean_median=0.0038478; gene_mean_Q3=0.0307824; gene_mean_mean=0.0697185; gene_mean_max=27.4575; max_to_median=7135.89	false	trigger=none; distinct=1386; relative_iqr=0.705109; relative_range=11.4207; dominant_round_fraction=0; best_fixed_target=1000; best_fixed_target_fraction=0.0239419	13	MT-ND1|MT-ND2|MT-CO1|MT-CO2|MT-ATP8|MT-ATP6|MT-CO3|MT-ND3	13	MT-ND1|MT-ND2|MT-CO1|MT-CO2|MT-ATP8|MT-ATP6|MT-CO3|MT-ND3	HBA1|HBA2|HBB|HBD|HBE1|HBG1|HBG2|HBM|HBQ1|HBZ	HBA1|HBA2|HBB|HBD|HBG1|HBG2|HBM|HBQ1|HBZ	HBE1	HBA1|HBA2|HBB	HBD|HBG1|HBG2|HBM|HBQ1|HBZ	HBEGF|HBP1|HBS1L	4C6F6F498A174A0D0DFA4D1272802C937EC779E2B33EF4A6D2D974EC93719EC3	nonnegative_integer_count_like	public_input_shape_verified_fixed_QC_recalculated_processing_history_pending_F0_step3	public_called_cell_raw_gene_count_matrix	5.04	match	not_compared_definition_changed_to_frozen_exact_globin_panel	enter_full_F1_candidate	enter_full_F1_independent_reQC	file_format_only	file_format_and_public_processing_boundary	full-stream numeric/structure audit passed; per-cell nCount showed no preregistered normalization artifact; row/column identities confirmed gene-by-cell orientation; all 26571 archived feature rows remain unchanged; one per-sample min.cells=3 working feature space was built and nCount, nFeature, percent.mt and percent.HB were recalculated there; the fixed source-aligned plus project QC rule was fully evaluable; the frozen globin panel was applied by exact gene matching; sparse right-skew evidence was present; processed manifest and GEO sample mapping matched; working_features=15954; source_rule_pass=2335; final_fixed_QC_pass=1897; pilot=not_applicable	true	false	false	match	Rows detected in fewer than three cells remain in the immutable archived matrix; they are excluded only from this sample's QC working feature space and are not labeled as a provenance mismatch.
GSE183904	GSM5573479_sample14.csv.gz	GSM5573479	sample14	data/processed_input/GSE183904/GSM5573479_sample14.csv.gz	data/public_downloads/GSE183904_RAW.tar	true	csv	true	gene_by_cell	pass_gene_by_cell	first_header_blank=true; column_barcode_pattern=10x_16nt_barcode_with_numeric_suffix; row_gene_name_issue_count=0; row_label_cell_barcode_like_count=0; rows=26571; columns=7276	26571	7276	7277	|AAACCTGAGACAAAGG_3|AAACCTGAGATCCTGT_3|AAACCTGAGCGAAGGG_3|AAACCTGAGCTGTTCA_3|AAACCTGAGGCCATAG_3	AL627309.1|AL669831.5|FAM87B|LINC00115|FAM41C	gene_symbol_or_ensembl_like_name	cell_barcode	true	gene_symbol_or_ensembl_like_name	0	0	10x_16nt_barcode_with_numeric_suffix	3|3|3|3|3	0	0	0	full_stream	numpy_fromstring_with_exact_anomaly_fallback	193330596	1	0	0	0	0	0	0	16419	false	183069478	0.946924500248	672	2070.75	3016.5	4324.5	45503	3	5885	231	436	6552	FAM87B:2|AL645608.3:0|PERM1:0|AL645608.2:2|LINC01342:2|CHD5:0|TAS1R1:0|BX323043.1:0|AL109811.4:0|MASP2:2	20019	pass	working_rule=feature_detected_in_at_least_3_cells; detected_in_0=5885; detected_in_1=231; detected_in_2=436; below_3=6552	672	2070.75	3016.5	4324.5	45501	499	894	1179.5	1536	5993	0.0422154677474	5.30755589656	7.25607696784	10.0775987729	19.9865936767	0	0	0	0	40.8228980322	1	0	192	0	15	1	7275	191	15	207	7069	pass	fixed_rule=500<=nFeature<6000,nCount>1000,percent.mt<=20,percent.HB<5; source_rules=nFeature_and_percent.mt; project_rules=nCount_and_percent.HB; source_pass=7275; additional_nCount_fail=191; additional_percent.HB_fail=15; final_pass=7069	false	not_applicable	Frozen regression target applies only to GSM5573466_sample1.csv.gz.	4373	0.747140726007	14.8619260733	0	1000	0.00329851566795	within_preregistered_review_boundaries	consistent_with_sparse_right_skew	status=consistent_with_sparse_right_skew; zero_value_rate=0.946925; gene_mean_le_0.01_fraction=0.501298; gene_mean_le_0.1_fraction=0.798013; gene_mean_Q1=0.000412314; gene_mean_median=0.00989555; gene_mean_Q3=0.073392; gene_mean_mean=0.166809; gene_mean_max=62.0991; max_to_median=6275.46	false	trigger=none; distinct=4373; relative_iqr=0.747141; relative_range=14.8619; dominant_round_fraction=0; best_fixed_target=1000; best_fixed_target_fraction=0.00329852	13	MT-ND1|MT-ND2|MT-CO1|MT-CO2|MT-ATP8|MT-ATP6|MT-CO3|MT-ND3	13	MT-ND1|MT-ND2|MT-CO1|MT-CO2|MT-ATP8|MT-ATP6|MT-CO3|MT-ND3	HBA1|HBA2|HBB|HBD|HBE1|HBG1|HBG2|HBM|HBQ1|HBZ	HBA1|HBA2|HBB|HBD|HBG1|HBG2|HBM|HBQ1|HBZ	HBE1	HBA1|HBA2|HBB|HBM|HBQ1	HBD|HBG1|HBG2|HBZ	HBEGF|HBP1|HBS1L	4C6F6F498A174A0D0DFA4D1272802C937EC779E2B33EF4A6D2D974EC93719EC3	nonnegative_integer_count_like	public_input_shape_verified_fixed_QC_recalculated_processing_history_pending_F0_step3	public_called_cell_raw_gene_count_matrix	20.31	match	not_compared_definition_changed_to_frozen_exact_globin_panel	enter_full_F1_candidate	enter_full_F1_independent_reQC	file_format_only	file_format_and_public_processing_boundary	full-stream numeric/structure audit passed; per-cell nCount showed no preregistered normalization artifact; row/column identities confirmed gene-by-cell orientation; all 26571 archived feature rows remain unchanged; one per-sample min.cells=3 working feature space was built and nCount, nFeature, percent.mt and percent.HB were recalculated there; the fixed source-aligned plus project QC rule was fully evaluable; the frozen globin panel was applied by exact gene matching; sparse right-skew evidence was present; processed manifest and GEO sample mapping matched; working_features=20019; source_rule_pass=7275; final_fixed_QC_pass=7069; pilot=not_applicable	true	false	false	match	Rows detected in fewer than three cells remain in the immutable archived matrix; they are excluded only from this sample's QC working feature space and are not labeled as a provenance mismatch.
GSE183904	GSM5573480_sample15.csv.gz	GSM5573480	sample15	data/processed_input/GSE183904/GSM5573480_sample15.csv.gz	data/public_downloads/GSE183904_RAW.tar	true	csv	true	gene_by_cell	pass_gene_by_cell	first_header_blank=true; column_barcode_pattern=10x_16nt_barcode_with_numeric_suffix; row_gene_name_issue_count=0; row_label_cell_barcode_like_count=0; rows=26571; columns=13626	26571	13626	13627	|AAACCTGAGAGGGATA_21|AAACCTGAGGTTCCTA_21|AAACCTGCAAGAGTCG_21|AAACCTGCAAGTTCTG_21|AAACCTGCAGGCTGAA_21	AL627309.1|AL669831.5|FAM87B|LINC00115|FAM41C	gene_symbol_or_ensembl_like_name	cell_barcode	true	gene_symbol_or_ensembl_like_name	0	0	10x_16nt_barcode_with_numeric_suffix	21|21|21|21|21	0	0	0	full_stream	numpy_fromstring_with_exact_anomaly_fallback	362056446	1	0	0	0	0	0	0	29184	false	338394117	0.934644641018	700	2350.25	3620.5	7728.5	60664	3	4550	111	376	5037	LINC01342:0|AL008733.1:0|BX323043.1:0|AL109811.4:0|AL031283.2:0|CLCNKA:0|CLCNKB:0|BX284668.2:0|AL109936.2:2|AL009181.1:0	21534	pass	working_rule=feature_detected_in_at_least_3_cells; detected_in_0=4550; detected_in_1=111; detected_in_2=376; below_3=5037	700	2350.25	3620.5	7728.5	60661	499	1016	1411.5	2056	5996	0	3.52209627089	5.07017980594	7.69085449384	19.9867637326	0	0	0	0	64.1425859523	1	0	396	0	59	1	13625	396	59	456	13170	pass	fixed_rule=500<=nFeature<6000,nCount>1000,percent.mt<=20,percent.HB<5; source_rules=nFeature_and_percent.mt; project_rules=nCount_and_percent.HB; source_pass=13625; additional_nCount_fail=396; additional_percent.HB_fail=59; final_pass=13170	false	not_applicable	Frozen regression target applies only to GSM5573466_sample1.csv.gz.	7869	1.48549924044	16.5623532661	0.00058711287245	1000	0.00455012476149	within_preregistered_review_boundaries	consistent_with_sparse_right_skew	status=consistent_with_sparse_right_skew; zero_value_rate=0.934645; gene_mean_le_0.01_fraction=0.488916; gene_mean_le_0.1_fraction=0.755034; gene_mean_Q1=0.000440335; gene_mean_median=0.0116689; gene_mean_Q3=0.0970938; gene_mean_mean=0.261447; gene_mean_max=95.1069; max_to_median=8150.48	false	trigger=none; distinct=7869; relative_iqr=1.4855; relative_range=16.5624; dominant_round_fraction=0.000587113; best_fixed_target=1000; best_fixed_target_fraction=0.00455012	13	MT-ND1|MT-ND2|MT-CO1|MT-CO2|MT-ATP8|MT-ATP6|MT-CO3|MT-ND3	13	MT-ND1|MT-ND2|MT-CO1|MT-CO2|MT-ATP8|MT-ATP6|MT-CO3|MT-ND3	HBA1|HBA2|HBB|HBD|HBE1|HBG1|HBG2|HBM|HBQ1|HBZ	HBA1|HBA2|HBB|HBD|HBG1|HBG2|HBM|HBQ1|HBZ	HBE1	HBA1|HBA2|HBB|HBD|HBG1|HBM|HBQ1|HBZ	HBG2	HBEGF|HBP1|HBS1L	4C6F6F498A174A0D0DFA4D1272802C937EC779E2B33EF4A6D2D974EC93719EC3	nonnegative_integer_count_like	public_input_shape_verified_fixed_QC_recalculated_processing_history_pending_F0_step3	public_called_cell_raw_gene_count_matrix	57.41	match	not_compared_definition_changed_to_frozen_exact_globin_panel	enter_full_F1_candidate	enter_full_F1_independent_reQC	file_format_only	file_format_and_public_processing_boundary	full-stream numeric/structure audit passed; per-cell nCount showed no preregistered normalization artifact; row/column identities confirmed gene-by-cell orientation; all 26571 archived feature rows remain unchanged; one per-sample min.cells=3 working feature space was built and nCount, nFeature, percent.mt and percent.HB were recalculated there; the fixed source-aligned plus project QC rule was fully evaluable; the frozen globin panel was applied by exact gene matching; sparse right-skew evidence was present; processed manifest and GEO sample mapping matched; working_features=21534; source_rule_pass=13625; final_fixed_QC_pass=13170; pilot=not_applicable	true	false	false	match	Rows detected in fewer than three cells remain in the immutable archived matrix; they are excluded only from this sample's QC working feature space and are not labeled as a provenance mismatch.
GSE183904	GSM5573481_sample16.csv.gz	GSM5573481	sample16	data/processed_input/GSE183904/GSM5573481_sample16.csv.gz	data/public_downloads/GSE183904_RAW.tar	true	csv	true	gene_by_cell	pass_gene_by_cell	first_header_blank=true; column_barcode_pattern=10x_16nt_barcode_with_numeric_suffix; row_gene_name_issue_count=0; row_label_cell_barcode_like_count=0; rows=26571; columns=1689	26571	1689	1690	|AAACCTGAGGGAACGG_22|AAACCTGAGTTAGCGG_22|AAACCTGGTCTCACCT_22|AAACCTGGTGACTACT_22|AAACCTGGTGCGGTAA_22	AL627309.1|AL669831.5|FAM87B|LINC00115|FAM41C	gene_symbol_or_ensembl_like_name	cell_barcode	true	gene_symbol_or_ensembl_like_name	0	0	10x_16nt_barcode_with_numeric_suffix	22|22|22|22|22	0	0	0	full_stream	numpy_fromstring_with_exact_anomaly_fallback	44878419	1	0	0	0	0	0	0	21465	false	41449265	0.923590133601	635	2998	4862	11002	62916	3	8452	372	570	9394	AL627309.1:1|FAM87B:0|AL645608.3:1|AL645608.1:0|LINC01342:0|TTLL10-AS1:0|TAS1R3:0|AL391244.2:0|TMEM240:2|AL109917.1:1	17177	pass	working_rule=feature_detected_in_at_least_3_cells; detected_in_0=8452; detected_in_1=372; detected_in_2=570; below_3=9394	633	2998	4862	11002	62913	500	988	1490	2642	5989	0	2.52081406105	3.83451059536	6.48959693103	19.9388067313	0	0.0166597251145	0.0331455087836	0.0647458724506	88.3940353655	0	0	51	0	51	0	1689	51	49	100	1589	pass	fixed_rule=500<=nFeature<6000,nCount>1000,percent.mt<=20,percent.HB<5; source_rules=nFeature_and_percent.mt; project_rules=nCount_and_percent.HB; source_pass=1689; additional_nCount_fail=51; additional_percent.HB_fail=49; final_pass=1589	false	not_applicable	Frozen regression target applies only to GSM5573466_sample1.csv.gz.	1599	1.64623611682	12.8097490745	0	1000	0.00355239786856	within_preregistered_review_boundaries	consistent_with_sparse_right_skew	status=consistent_with_sparse_right_skew; zero_value_rate=0.92359; gene_mean_le_0.01_fraction=0.479809; gene_mean_le_0.1_fraction=0.70321; gene_mean_Q1=0; gene_mean_median=0.0124334; gene_mean_Q3=0.139728; gene_mean_mean=0.352094; gene_mean_max=154.81; max_to_median=12451.1	false	trigger=none; distinct=1599; relative_iqr=1.64624; relative_range=12.8097; dominant_round_fraction=0; best_fixed_target=1000; best_fixed_target_fraction=0.0035524	13	MT-ND1|MT-ND2|MT-CO1|MT-CO2|MT-ATP8|MT-ATP6|MT-CO3|MT-ND3	13	MT-ND1|MT-ND2|MT-CO1|MT-CO2|MT-ATP8|MT-ATP6|MT-CO3|MT-ND3	HBA1|HBA2|HBB|HBD|HBE1|HBG1|HBG2|HBM|HBQ1|HBZ	HBA1|HBA2|HBB|HBD|HBG1|HBG2|HBM|HBQ1|HBZ	HBE1	HBA1|HBA2|HBB|HBD|HBM|HBQ1	HBG1|HBG2|HBZ	HBEGF|HBP1|HBS1L	4C6F6F498A174A0D0DFA4D1272802C937EC779E2B33EF4A6D2D974EC93719EC3	nonnegative_integer_count_like	public_input_shape_verified_fixed_QC_recalculated_processing_history_pending_F0_step3	public_called_cell_raw_gene_count_matrix	3.89	match	not_compared_definition_changed_to_frozen_exact_globin_panel	enter_full_F1_candidate	enter_full_F1_independent_reQC	file_format_only	file_format_and_public_processing_boundary	full-stream numeric/structure audit passed; per-cell nCount showed no preregistered normalization artifact; row/column identities confirmed gene-by-cell orientation; all 26571 archived feature rows remain unchanged; one per-sample min.cells=3 working feature space was built and nCount, nFeature, percent.mt and percent.HB were recalculated there; the fixed source-aligned plus project QC rule was fully evaluable; the frozen globin panel was applied by exact gene matching; sparse right-skew evidence was present; processed manifest and GEO sample mapping matched; working_features=17177; source_rule_pass=1689; final_fixed_QC_pass=1589; pilot=not_applicable	true	false	false	match	Rows detected in fewer than three cells remain in the immutable archived matrix; they are excluded only from this sample's QC working feature space and are not labeled as a provenance mismatch.
GSE183904	GSM5573482_sample17.csv.gz	GSM5573482	sample17	data/processed_input/GSE183904/GSM5573482_sample17.csv.gz	data/public_downloads/GSE183904_RAW.tar	true	csv	true	gene_by_cell	pass_gene_by_cell	first_header_blank=true; column_barcode_pattern=10x_16nt_barcode_with_numeric_suffix; row_gene_name_issue_count=0; row_label_cell_barcode_like_count=0; rows=26571; columns=7380	26571	7380	7381	|AAACCTGAGCGATAGC_23|AAACCTGAGCGGATCA_23|AAACCTGAGCGTTTAC_23|AAACCTGAGGGCATGT_23|AAACCTGAGGGTCGAT_23	AL627309.1|AL669831.5|FAM87B|LINC00115|FAM41C	gene_symbol_or_ensembl_like_name	cell_barcode	true	gene_symbol_or_ensembl_like_name	0	0	10x_16nt_barcode_with_numeric_suffix	23|23|23|23|23	0	0	0	full_stream	numpy_fromstring_with_exact_anomaly_fallback	196093980	1	0	0	0	0	0	0	17853	false	181974649	0.927997121584	642	2220	6125.5	11736.75	55500	3	6319	3	112	6434	AL645608.2:0|LINC01342:0|TTLL10-AS1:0|TTLL10:0|CALML6:0|HES5:0|LINC00982:0|AL008733.1:0|AL512413.1:0|TAS1R1:0	20137	pass	working_rule=feature_detected_in_at_least_3_cells; detected_in_0=6319; detected_in_1=3; detected_in_2=112; below_3=6434	642	2220	6125.5	11736.75	55499	500	908	1719.5	2612.25	5988	0	0.293330984387	1.87013037053	3.53799411579	19.9369085174	0	0	0	0	53.1613976705	0	0	102	0	25	0	7380	102	25	127	7253	pass	fixed_rule=500<=nFeature<6000,nCount>1000,percent.mt<=20,percent.HB<5; source_rules=nFeature_and_percent.mt; project_rules=nCount_and_percent.HB; source_pass=7380; additional_nCount_fail=102; additional_percent.HB_fail=25; final_pass=7253	false	not_applicable	Frozen regression target applies only to GSM5573466_sample1.csv.gz.	5820	1.55362827524	8.95567708758	0	10000	0.00894308943089	within_preregistered_review_boundaries	consistent_with_sparse_right_skew	status=consistent_with_sparse_right_skew; zero_value_rate=0.927997; gene_mean_le_0.01_fraction=0.490648; gene_mean_le_0.1_fraction=0.758496; gene_mean_Q1=0.000406504; gene_mean_median=0.0109756; gene_mean_Q3=0.0939702; gene_mean_mean=0.319561; gene_mean_max=190.312; max_to_median=17339.5	false	trigger=none; distinct=5820; relative_iqr=1.55363; relative_range=8.95568; dominant_round_fraction=0; best_fixed_target=10000; best_fixed_target_fraction=0.00894309	13	MT-ND1|MT-ND2|MT-CO1|MT-CO2|MT-ATP8|MT-ATP6|MT-CO3|MT-ND3	13	MT-ND1|MT-ND2|MT-CO1|MT-CO2|MT-ATP8|MT-ATP6|MT-CO3|MT-ND3	HBA1|HBA2|HBB|HBD|HBE1|HBG1|HBG2|HBM|HBQ1|HBZ	HBA1|HBA2|HBB|HBD|HBG1|HBG2|HBM|HBQ1|HBZ	HBE1	HBA1|HBA2|HBB|HBD|HBQ1	HBG1|HBG2|HBM|HBZ	HBEGF|HBP1|HBS1L	4C6F6F498A174A0D0DFA4D1272802C937EC779E2B33EF4A6D2D974EC93719EC3	nonnegative_integer_count_like	public_input_shape_verified_fixed_QC_recalculated_processing_history_pending_F0_step3	public_called_cell_raw_gene_count_matrix	20.61	match	not_compared_definition_changed_to_frozen_exact_globin_panel	enter_full_F1_candidate	enter_full_F1_independent_reQC	file_format_only	file_format_and_public_processing_boundary	full-stream numeric/structure audit passed; per-cell nCount showed no preregistered normalization artifact; row/column identities confirmed gene-by-cell orientation; all 26571 archived feature rows remain unchanged; one per-sample min.cells=3 working feature space was built and nCount, nFeature, percent.mt and percent.HB were recalculated there; the fixed source-aligned plus project QC rule was fully evaluable; the frozen globin panel was applied by exact gene matching; sparse right-skew evidence was present; processed manifest and GEO sample mapping matched; working_features=20137; source_rule_pass=7380; final_fixed_QC_pass=7253; pilot=not_applicable	true	false	false	match	Rows detected in fewer than three cells remain in the immutable archived matrix; they are excluded only from this sample's QC working feature space and are not labeled as a provenance mismatch.
GSE183904	GSM5573483_sample18.csv.gz	GSM5573483	sample18	data/processed_input/GSE183904/GSM5573483_sample18.csv.gz	data/public_downloads/GSE183904_RAW.tar	true	csv	true	gene_by_cell	pass_gene_by_cell	first_header_blank=true; column_barcode_pattern=10x_16nt_barcode_with_numeric_suffix; row_gene_name_issue_count=0; row_label_cell_barcode_like_count=0; rows=26571; columns=6859	26571	6859	6860	|AAACCTGAGTGTCCCG_24|AAACCTGCAGCTCGCA_24|AAACCTGCAGGCTGAA_24|AAACCTGCATCCTTGC_24|AAACCTGGTAAACCTC_24	AL627309.1|AL669831.5|FAM87B|LINC00115|FAM41C	gene_symbol_or_ensembl_like_name	cell_barcode	true	gene_symbol_or_ensembl_like_name	0	0	10x_16nt_barcode_with_numeric_suffix	24|24|24|24|24	0	0	0	full_stream	numpy_fromstring_with_exact_anomaly_fallback	182250489	1	0	0	0	0	0	0	11302	false	174054101	0.955026798309	705	1775	2658	5424.5	44997	3	5622	143	431	6196	FAM87B:0|AL645608.3:0|TTLL10-AS1:0|CALML6:2|AL008733.1:2|BX323043.1:0|AL109811.4:0|AL109811.1:0|AC243836.1:0|AL031283.2:1	20375	pass	working_rule=feature_detected_in_at_least_3_cells; detected_in_0=5622; detected_in_1=143; detected_in_2=431; below_3=6196	705	1775	2658	5424.5	44996	499	739	985	1400	5986	0.107095046854	3.49877042045	5.85001963094	9.75782247214	19.9830890643	0	0	0	0	53.3373421527	2	0	233	0	59	2	6857	233	58	293	6566	pass	fixed_rule=500<=nFeature<6000,nCount>1000,percent.mt<=20,percent.HB<5; source_rules=nFeature_and_percent.mt; project_rules=nCount_and_percent.HB; source_pass=6857; additional_nCount_fail=233; additional_percent.HB_fail=58; final_pass=6566	false	not_applicable	Frozen regression target applies only to GSM5573466_sample1.csv.gz.	4370	1.3730248307	16.6636568849	0	10000	0.00524857850999	within_preregistered_review_boundaries	consistent_with_sparse_right_skew	status=consistent_with_sparse_right_skew; zero_value_rate=0.955027; gene_mean_le_0.01_fraction=0.517293; gene_mean_le_0.1_fraction=0.843627; gene_mean_Q1=0.000437382; gene_mean_median=0.00831025; gene_mean_Q3=0.0548185; gene_mean_mean=0.164665; gene_mean_max=117.066; max_to_median=14087	false	trigger=none; distinct=4370; relative_iqr=1.37302; relative_range=16.6637; dominant_round_fraction=0; best_fixed_target=10000; best_fixed_target_fraction=0.00524858	13	MT-ND1|MT-ND2|MT-CO1|MT-CO2|MT-ATP8|MT-ATP6|MT-CO3|MT-ND3	13	MT-ND1|MT-ND2|MT-CO1|MT-CO2|MT-ATP8|MT-ATP6|MT-CO3|MT-ND3	HBA1|HBA2|HBB|HBD|HBE1|HBG1|HBG2|HBM|HBQ1|HBZ	HBA1|HBA2|HBB|HBD|HBG1|HBG2|HBM|HBQ1|HBZ	HBE1	HBA1|HBA2|HBB|HBD|HBG1|HBG2|HBM|HBZ	HBQ1	HBEGF|HBP1|HBS1L	4C6F6F498A174A0D0DFA4D1272802C937EC779E2B33EF4A6D2D974EC93719EC3	nonnegative_integer_count_like	public_input_shape_verified_fixed_QC_recalculated_processing_history_pending_F0_step3	public_called_cell_raw_gene_count_matrix	19.36	match	not_compared_definition_changed_to_frozen_exact_globin_panel	enter_full_F1_candidate	enter_full_F1_independent_reQC	file_format_only	file_format_and_public_processing_boundary	full-stream numeric/structure audit passed; per-cell nCount showed no preregistered normalization artifact; row/column identities confirmed gene-by-cell orientation; all 26571 archived feature rows remain unchanged; one per-sample min.cells=3 working feature space was built and nCount, nFeature, percent.mt and percent.HB were recalculated there; the fixed source-aligned plus project QC rule was fully evaluable; the frozen globin panel was applied by exact gene matching; sparse right-skew evidence was present; processed manifest and GEO sample mapping matched; working_features=20375; source_rule_pass=6857; final_fixed_QC_pass=6566; pilot=not_applicable	true	false	false	match	Rows detected in fewer than three cells remain in the immutable archived matrix; they are excluded only from this sample's QC working feature space and are not labeled as a provenance mismatch.
GSE183904	GSM5573484_sample19.csv.gz	GSM5573484	sample19	data/processed_input/GSE183904/GSM5573484_sample19.csv.gz	data/public_downloads/GSE183904_RAW.tar	true	csv	true	gene_by_cell	pass_gene_by_cell	first_header_blank=true; column_barcode_pattern=10x_16nt_barcode_with_numeric_suffix; row_gene_name_issue_count=0; row_label_cell_barcode_like_count=0; rows=26571; columns=1215	26571	1215	1216	|AAACCTGAGAGACTTA_26|AAACCTGCAAGCGAGT_26|AAACCTGCACACCGCA_26|AAACGGGAGCGGATCA_26|AAACGGGAGTGAATTG_26	AL627309.1|AL669831.5|FAM87B|LINC00115|FAM41C	gene_symbol_or_ensembl_like_name	cell_barcode	true	gene_symbol_or_ensembl_like_name	0	0	10x_16nt_barcode_with_numeric_suffix	26|26|26|26|26	0	0	0	full_stream	numpy_fromstring_with_exact_anomaly_fallback	32283765	1	0	0	0	0	0	0	6327	false	28774432	0.891297282086	702	3504.5	7993	19457.5	51768	3	8277	196	493	8966	FAM41C:0|AL645608.3:0|PERM1:0|RNF223:0|LINC01342:0|AL390719.2:0|AL391244.2:2|CALML6:0|PRKCZ-AS1:0|HES5:2	17605	pass	working_rule=feature_detected_in_at_least_3_cells; detected_in_0=8277; detected_in_1=196; detected_in_2=493; below_3=8966	702	3503.5	7989	19454.5	51764	498	1457	2579	4337	5995	0	2.09140551852	2.82752120641	4.19995420915	19.4866920152	0	0	0	0.00575848119918	56.9064290261	1	0	42	0	7	1	1214	42	7	50	1165	pass	fixed_rule=500<=nFeature<6000,nCount>1000,percent.mt<=20,percent.HB<5; source_rules=nFeature_and_percent.mt; project_rules=nCount_and_percent.HB; source_pass=1214; additional_nCount_fail=42; additional_percent.HB_fail=7; final_pass=1165	false	not_applicable	Frozen regression target applies only to GSM5573466_sample1.csv.gz.	1188	1.99587138746	6.38884023521	0	1000	0.00493827160494	within_preregistered_review_boundaries	consistent_with_sparse_right_skew	status=consistent_with_sparse_right_skew; zero_value_rate=0.891297; gene_mean_le_0.01_fraction=0.44891; gene_mean_le_0.1_fraction=0.645516; gene_mean_Q1=0; gene_mean_median=0.0213992; gene_mean_Q3=0.204938; gene_mean_mean=0.46561; gene_mean_max=123.698; max_to_median=5780.5	false	trigger=none; distinct=1188; relative_iqr=1.99587; relative_range=6.38884; dominant_round_fraction=0; best_fixed_target=1000; best_fixed_target_fraction=0.00493827	13	MT-ND1|MT-ND2|MT-CO1|MT-CO2|MT-ATP8|MT-ATP6|MT-CO3|MT-ND3	13	MT-ND1|MT-ND2|MT-CO1|MT-CO2|MT-ATP8|MT-ATP6|MT-CO3|MT-ND3	HBA1|HBA2|HBB|HBD|HBE1|HBG1|HBG2|HBM|HBQ1|HBZ	HBA1|HBA2|HBB|HBD|HBG1|HBG2|HBM|HBQ1|HBZ	HBE1	HBA1|HBA2|HBB|HBD|HBM	HBG1|HBG2|HBQ1|HBZ	HBEGF|HBP1|HBS1L	4C6F6F498A174A0D0DFA4D1272802C937EC779E2B33EF4A6D2D974EC93719EC3	nonnegative_integer_count_like	public_input_shape_verified_fixed_QC_recalculated_processing_history_pending_F0_step3	public_called_cell_raw_gene_count_matrix	2.85	match	not_compared_definition_changed_to_frozen_exact_globin_panel	enter_full_F1_candidate	enter_full_F1_independent_reQC	file_format_only	file_format_and_public_processing_boundary	full-stream numeric/structure audit passed; per-cell nCount showed no preregistered normalization artifact; row/column identities confirmed gene-by-cell orientation; all 26571 archived feature rows remain unchanged; one per-sample min.cells=3 working feature space was built and nCount, nFeature, percent.mt and percent.HB were recalculated there; the fixed source-aligned plus project QC rule was fully evaluable; the frozen globin panel was applied by exact gene matching; sparse right-skew evidence was present; processed manifest and GEO sample mapping matched; working_features=17605; source_rule_pass=1214; final_fixed_QC_pass=1165; pilot=not_applicable	true	false	false	match	Rows detected in fewer than three cells remain in the immutable archived matrix; they are excluded only from this sample's QC working feature space and are not labeled as a provenance mismatch.
GSE183904	GSM5573485_sample20.csv.gz	GSM5573485	sample20	data/processed_input/GSE183904/GSM5573485_sample20.csv.gz	data/public_downloads/GSE183904_RAW.tar	true	csv	true	gene_by_cell	pass_gene_by_cell	first_header_blank=true; column_barcode_pattern=10x_16nt_barcode_with_numeric_suffix; row_gene_name_issue_count=0; row_label_cell_barcode_like_count=0; rows=26571; columns=4487	26571	4487	4488	|AAACCTGAGGAACTGC_27|AAACCTGAGGGTTCCC_27|AAACCTGCATGCTGGC_27|AAACCTGGTACATCCA_27|AAACCTGGTATCAGTC_27	AL627309.1|AL669831.5|FAM87B|LINC00115|FAM41C	gene_symbol_or_ensembl_like_name	cell_barcode	true	gene_symbol_or_ensembl_like_name	0	0	10x_16nt_barcode_with_numeric_suffix	27|27|27|27|27	0	0	0	full_stream	numpy_fromstring_with_exact_anomaly_fallback	119224077	1	0	0	0	0	0	0	8972	false	110887055	0.930072664769	651	2227	3582	6077	62425	3	6360	241	525	7126	AL627309.1:0|AL645608.3:0|AL645608.1:0|LINC01342:0|TTLL10-AS1:0|AL512413.1:0|TAS1R1:2|BX323043.1:2|AL109811.4:0|AL109811.1:0	19445	pass	working_rule=feature_detected_in_at_least_3_cells; detected_in_0=6360; detected_in_1=241; detected_in_2=525; below_3=7126	650	2227	3582	6077	62424	500	1043.5	1455	2138.5	5996	0.074794315632	2.02347424666	2.81814178776	3.9433505547	19.7478991597	0	0	0	0	15.3846153846	0	0	220	0	2	0	4487	220	2	222	4265	pass	fixed_rule=500<=nFeature<6000,nCount>1000,percent.mt<=20,percent.HB<5; source_rules=nFeature_and_percent.mt; project_rules=nCount_and_percent.HB; source_pass=4487; additional_nCount_fail=220; additional_percent.HB_fail=2; final_pass=4265	false	not_applicable	Frozen regression target applies only to GSM5573466_sample1.csv.gz.	3498	1.07481853713	17.2456728085	0	1000	0.00378872297749	within_preregistered_review_boundaries	consistent_with_sparse_right_skew	status=consistent_with_sparse_right_skew; zero_value_rate=0.930073; gene_mean_le_0.01_fraction=0.478416; gene_mean_le_0.1_fraction=0.731738; gene_mean_Q1=0.000445732; gene_mean_median=0.013372; gene_mean_Q3=0.111879; gene_mean_mean=0.234276; gene_mean_max=65.2309; max_to_median=4878.18	false	trigger=none; distinct=3498; relative_iqr=1.07482; relative_range=17.2457; dominant_round_fraction=0; best_fixed_target=1000; best_fixed_target_fraction=0.00378872	13	MT-ND1|MT-ND2|MT-CO1|MT-CO2|MT-ATP8|MT-ATP6|MT-CO3|MT-ND3	13	MT-ND1|MT-ND2|MT-CO1|MT-CO2|MT-ATP8|MT-ATP6|MT-CO3|MT-ND3	HBA1|HBA2|HBB|HBD|HBE1|HBG1|HBG2|HBM|HBQ1|HBZ	HBA1|HBA2|HBB|HBD|HBG1|HBG2|HBM|HBQ1|HBZ	HBE1	HBA1|HBA2|HBB|HBD|HBQ1|HBZ	HBG1|HBG2|HBM	HBEGF|HBP1|HBS1L	4C6F6F498A174A0D0DFA4D1272802C937EC779E2B33EF4A6D2D974EC93719EC3	nonnegative_integer_count_like	public_input_shape_verified_fixed_QC_recalculated_processing_history_pending_F0_step3	public_called_cell_raw_gene_count_matrix	9.32	match	not_compared_definition_changed_to_frozen_exact_globin_panel	enter_full_F1_candidate	enter_full_F1_independent_reQC	file_format_only	file_format_and_public_processing_boundary	full-stream numeric/structure audit passed; per-cell nCount showed no preregistered normalization artifact; row/column identities confirmed gene-by-cell orientation; all 26571 archived feature rows remain unchanged; one per-sample min.cells=3 working feature space was built and nCount, nFeature, percent.mt and percent.HB were recalculated there; the fixed source-aligned plus project QC rule was fully evaluable; the frozen globin panel was applied by exact gene matching; sparse right-skew evidence was present; processed manifest and GEO sample mapping matched; working_features=19445; source_rule_pass=4487; final_fixed_QC_pass=4265; pilot=not_applicable	true	false	false	match	Rows detected in fewer than three cells remain in the immutable archived matrix; they are excluded only from this sample's QC working feature space and are not labeled as a provenance mismatch.
GSE183904	GSM5573486_sample21.csv.gz	GSM5573486	sample21	data/processed_input/GSE183904/GSM5573486_sample21.csv.gz	data/public_downloads/GSE183904_RAW.tar	true	csv	true	gene_by_cell	pass_gene_by_cell	first_header_blank=true; column_barcode_pattern=10x_16nt_barcode_with_numeric_suffix; row_gene_name_issue_count=0; row_label_cell_barcode_like_count=0; rows=26571; columns=1879	26571	1879	1880	|AAACCTGCACAGGAGT_4|AAACCTGCATCACAAC_4|AAACCTGGTCCATCCT_4|AAACCTGGTGGCGAAT_4|AAACCTGTCACCAGGC_4	AL627309.1|AL669831.5|FAM87B|LINC00115|FAM41C	gene_symbol_or_ensembl_like_name	cell_barcode	true	gene_symbol_or_ensembl_like_name	0	0	10x_16nt_barcode_with_numeric_suffix	4|4|4|4|4	0	0	0	full_stream	numpy_fromstring_with_exact_anomaly_fallback	49926909	1	0	0	0	0	0	0	19949	false	46260005	0.926554555981	703	2801	5221	14838.5	50334	3	7637	219	453	8309	AL627309.1:0|FAM87B:0|FAM41C:0|AL645608.3:0|AL645608.1:0|AL645608.2:0|LINC01342:1|TTLL10-AS1:0|FO704657.1:2|PRKCZ-AS1:0	18262	pass	working_rule=feature_detected_in_at_least_3_cells; detected_in_0=7637; detected_in_1=219; detected_in_2=453; below_3=8309	703	2801	5221	14837	50333	499	1075	1530	2548.5	5971	0	4.01786370443	6.29740289589	9.82325918597	19.9886428166	0	0	0	0	0.0865800865801	2	0	31	0	0	2	1877	29	0	31	1848	pass	fixed_rule=500<=nFeature<6000,nCount>1000,percent.mt<=20,percent.HB<5; source_rules=nFeature_and_percent.mt; project_rules=nCount_and_percent.HB; source_pass=1877; additional_nCount_fail=29; additional_percent.HB_fail=0; final_pass=1848	false	not_applicable	Frozen regression target applies only to GSM5573466_sample1.csv.gz.	1742	2.30559279831	9.50603332695	0	1000	0.00319318786589	within_preregistered_review_boundaries	consistent_with_sparse_right_skew	status=consistent_with_sparse_right_skew; zero_value_rate=0.926555; gene_mean_le_0.01_fraction=0.456174; gene_mean_le_0.1_fraction=0.72184; gene_mean_Q1=0; gene_mean_median=0.0164981; gene_mean_Q3=0.117616; gene_mean_mean=0.354136; gene_mean_max=267.768; max_to_median=16230.2	false	trigger=none; distinct=1742; relative_iqr=2.30559; relative_range=9.50603; dominant_round_fraction=0; best_fixed_target=1000; best_fixed_target_fraction=0.00319319	13	MT-ND1|MT-ND2|MT-CO1|MT-CO2|MT-ATP8|MT-ATP6|MT-CO3|MT-ND3	13	MT-ND1|MT-ND2|MT-CO1|MT-CO2|MT-ATP8|MT-ATP6|MT-CO3|MT-ND3	HBA1|HBA2|HBB|HBD|HBE1|HBG1|HBG2|HBM|HBQ1|HBZ	HBA1|HBA2|HBB|HBD|HBG1|HBG2|HBM|HBQ1|HBZ	HBE1	HBA1|HBA2|HBB|HBD	HBG1|HBG2|HBM|HBQ1|HBZ	HBEGF|HBP1|HBS1L	4C6F6F498A174A0D0DFA4D1272802C937EC779E2B33EF4A6D2D974EC93719EC3	nonnegative_integer_count_like	public_input_shape_verified_fixed_QC_recalculated_processing_history_pending_F0_step3	public_called_cell_raw_gene_count_matrix	4.09	match	not_compared_definition_changed_to_frozen_exact_globin_panel	enter_full_F1_candidate	enter_full_F1_independent_reQC	file_format_only	file_format_and_public_processing_boundary	full-stream numeric/structure audit passed; per-cell nCount showed no preregistered normalization artifact; row/column identities confirmed gene-by-cell orientation; all 26571 archived feature rows remain unchanged; one per-sample min.cells=3 working feature space was built and nCount, nFeature, percent.mt and percent.HB were recalculated there; the fixed source-aligned plus project QC rule was fully evaluable; the frozen globin panel was applied by exact gene matching; sparse right-skew evidence was present; processed manifest and GEO sample mapping matched; working_features=18262; source_rule_pass=1877; final_fixed_QC_pass=1848; pilot=not_applicable	true	false	false	match	Rows detected in fewer than three cells remain in the immutable archived matrix; they are excluded only from this sample's QC working feature space and are not labeled as a provenance mismatch.
GSE183904	GSM5573487_sample22.csv.gz	GSM5573487	sample22	data/processed_input/GSE183904/GSM5573487_sample22.csv.gz	data/public_downloads/GSE183904_RAW.tar	true	csv	true	gene_by_cell	pass_gene_by_cell	first_header_blank=true; column_barcode_pattern=10x_16nt_barcode_with_numeric_suffix; row_gene_name_issue_count=0; row_label_cell_barcode_like_count=0; rows=26571; columns=399	26571	399	400	|AAAGCAAAGATCTGCT_5|AAATGCCCAAAGGAAG_5|AACACGTGTATAAACG_5|AACCGCGAGAGACTAT_5|AACTCTTCATCACGTA_5	AL627309.1|AL669831.5|FAM87B|LINC00115|FAM41C	gene_symbol_or_ensembl_like_name	cell_barcode	true	gene_symbol_or_ensembl_like_name	0	0	10x_16nt_barcode_with_numeric_suffix	5|5|5|5|5	0	0	0	full_stream	numpy_fromstring_with_exact_anomaly_fallback	10601829	1	0	0	0	0	0	0	7357	false	9989921	0.94228278913	728	2671.5	4755	7046.5	36421	3	12718	300	571	13589	AL627309.1:0|FAM87B:0|FAM41C:0|AL645608.3:0|AL645608.1:0|SAMD11:0|PERM1:0|AL645608.8:0|AL645608.2:0|RNF223:0	12982	pass	working_rule=feature_detected_in_at_least_3_cells; detected_in_0=12718; detected_in_1=300; detected_in_2=571; below_3=13589	727	2671	4753	7044	36090	503	964.5	1442	1852	5687	0.0368731563422	2.76677420154	3.52585627938	4.60504017749	19.8106394929	0	0	0	0	0.0513610683102	0	0	3	0	0	0	399	3	0	3	396	pass	fixed_rule=500<=nFeature<6000,nCount>1000,percent.mt<=20,percent.HB<5; source_rules=nFeature_and_percent.mt; project_rules=nCount_and_percent.HB; source_pass=399; additional_nCount_fail=3; additional_percent.HB_fail=0; final_pass=396	false	not_applicable	Frozen regression target applies only to GSM5573466_sample1.csv.gz.	392	0.920084121977	7.50641430074	0	10000	0.00501253132832	within_preregistered_review_boundaries	consistent_with_sparse_right_skew	status=consistent_with_sparse_right_skew; zero_value_rate=0.942283; gene_mean_le_0.01_fraction=0.530654; gene_mean_le_0.1_fraction=0.800346; gene_mean_Q1=0; gene_mean_median=0.00501253; gene_mean_Q3=0.0651629; gene_mean_mean=0.208052; gene_mean_max=323.855; max_to_median=64609	false	trigger=none; distinct=392; relative_iqr=0.920084; relative_range=7.50641; dominant_round_fraction=0; best_fixed_target=10000; best_fixed_target_fraction=0.00501253	13	MT-ND1|MT-ND2|MT-CO1|MT-CO2|MT-ATP8|MT-ATP6|MT-CO3|MT-ND3	13	MT-ND1|MT-ND2|MT-CO1|MT-CO2|MT-ATP8|MT-ATP6|MT-CO3|MT-ND3	HBA1|HBA2|HBB|HBD|HBE1|HBG1|HBG2|HBM|HBQ1|HBZ	HBA1|HBA2|HBB|HBD|HBG1|HBG2|HBM|HBQ1|HBZ	HBE1	HBB	HBA1|HBA2|HBD|HBG1|HBG2|HBM|HBQ1|HBZ	HBEGF|HBP1|HBS1L	4C6F6F498A174A0D0DFA4D1272802C937EC779E2B33EF4A6D2D974EC93719EC3	nonnegative_integer_count_like	public_input_shape_verified_fixed_QC_recalculated_processing_history_pending_F0_step3	public_called_cell_raw_gene_count_matrix	1.22	match	not_compared_definition_changed_to_frozen_exact_globin_panel	enter_full_F1_candidate	enter_full_F1_independent_reQC	file_format_only	file_format_and_public_processing_boundary	full-stream numeric/structure audit passed; per-cell nCount showed no preregistered normalization artifact; row/column identities confirmed gene-by-cell orientation; all 26571 archived feature rows remain unchanged; one per-sample min.cells=3 working feature space was built and nCount, nFeature, percent.mt and percent.HB were recalculated there; the fixed source-aligned plus project QC rule was fully evaluable; the frozen globin panel was applied by exact gene matching; sparse right-skew evidence was present; processed manifest and GEO sample mapping matched; working_features=12982; source_rule_pass=399; final_fixed_QC_pass=396; pilot=not_applicable	true	false	false	match	Rows detected in fewer than three cells remain in the immutable archived matrix; they are excluded only from this sample's QC working feature space and are not labeled as a provenance mismatch.
GSE183904	GSM5573488_sample23.csv.gz	GSM5573488	sample23	data/processed_input/GSE183904/GSM5573488_sample23.csv.gz	data/public_downloads/GSE183904_RAW.tar	true	csv	true	gene_by_cell	pass_gene_by_cell	first_header_blank=true; column_barcode_pattern=10x_16nt_barcode_with_numeric_suffix; row_gene_name_issue_count=0; row_label_cell_barcode_like_count=0; rows=26571; columns=3809	26571	3809	3810	|AAACCTGAGCGAGAAA_6|AAACCTGAGGAGTTTA_6|AAACCTGCAGACAAGC_6|AAACCTGGTAAGGGAA_6|AAACCTGGTAGGGTAC_6	AL627309.1|AL669831.5|FAM87B|LINC00115|FAM41C	gene_symbol_or_ensembl_like_name	cell_barcode	true	gene_symbol_or_ensembl_like_name	0	0	10x_16nt_barcode_with_numeric_suffix	6|6|6|6|6	0	0	0	full_stream	numpy_fromstring_with_exact_anomaly_fallback	101208939	1	0	0	0	0	0	0	16860	false	95368161	0.942289899907	717	1881	3636	6775	49442	3	6897	229	479	7605	AL627309.1:0|AL645608.3:0|PERM1:0|AL645608.2:0|LINC01342:0|TTLL10-AS1:0|AL109917.1:2|TTC34:1|AL512413.1:2|CHD5:0	18966	pass	working_rule=feature_detected_in_at_least_3_cells; detected_in_0=6897; detected_in_1=229; detected_in_2=479; below_3=7605	717	1881	3636	6774	49441	500	839	1332	2031	5187	0.134770889488	5.68319226119	8.71025794841	12.966316552	19.9819711538	0	0	0	0	15.424774561	0	0	140	0	1	0	3809	140	1	141	3668	pass	fixed_rule=500<=nFeature<6000,nCount>1000,percent.mt<=20,percent.HB<5; source_rules=nFeature_and_percent.mt; project_rules=nCount_and_percent.HB; source_pass=3809; additional_nCount_fail=140; additional_percent.HB_fail=1; final_pass=3668	false	not_applicable	Frozen regression target applies only to GSM5573466_sample1.csv.gz.	3127	1.34598459846	13.4007150715	0	1000	0.00603833027041	within_preregistered_review_boundaries	consistent_with_sparse_right_skew	status=consistent_with_sparse_right_skew; zero_value_rate=0.94229; gene_mean_le_0.01_fraction=0.494411; gene_mean_le_0.1_fraction=0.794513; gene_mean_Q1=0; gene_mean_median=0.010764; gene_mean_Q3=0.0766605; gene_mean_mean=0.201209; gene_mean_max=498.04; max_to_median=46269.1	false	trigger=none; distinct=3127; relative_iqr=1.34598; relative_range=13.4007; dominant_round_fraction=0; best_fixed_target=1000; best_fixed_target_fraction=0.00603833	13	MT-ND1|MT-ND2|MT-CO1|MT-CO2|MT-ATP8|MT-ATP6|MT-CO3|MT-ND3	13	MT-ND1|MT-ND2|MT-CO1|MT-CO2|MT-ATP8|MT-ATP6|MT-CO3|MT-ND3	HBA1|HBA2|HBB|HBD|HBE1|HBG1|HBG2|HBM|HBQ1|HBZ	HBA1|HBA2|HBB|HBD|HBG1|HBG2|HBM|HBQ1|HBZ	HBE1	HBA1|HBA2|HBB	HBD|HBG1|HBG2|HBM|HBQ1|HBZ	HBEGF|HBP1|HBS1L	4C6F6F498A174A0D0DFA4D1272802C937EC779E2B33EF4A6D2D974EC93719EC3	nonnegative_integer_count_like	public_input_shape_verified_fixed_QC_recalculated_processing_history_pending_F0_step3	public_called_cell_raw_gene_count_matrix	7.59	match	not_compared_definition_changed_to_frozen_exact_globin_panel	enter_full_F1_candidate	enter_full_F1_independent_reQC	file_format_only	file_format_and_public_processing_boundary	full-stream numeric/structure audit passed; per-cell nCount showed no preregistered normalization artifact; row/column identities confirmed gene-by-cell orientation; all 26571 archived feature rows remain unchanged; one per-sample min.cells=3 working feature space was built and nCount, nFeature, percent.mt and percent.HB were recalculated there; the fixed source-aligned plus project QC rule was fully evaluable; the frozen globin panel was applied by exact gene matching; sparse right-skew evidence was present; processed manifest and GEO sample mapping matched; working_features=18966; source_rule_pass=3809; final_fixed_QC_pass=3668; pilot=not_applicable	true	false	false	match	Rows detected in fewer than three cells remain in the immutable archived matrix; they are excluded only from this sample's QC working feature space and are not labeled as a provenance mismatch.
GSE183904	GSM5573489_sample24.csv.gz	GSM5573489	sample24	data/processed_input/GSE183904/GSM5573489_sample24.csv.gz	data/public_downloads/GSE183904_RAW.tar	true	csv	true	gene_by_cell	pass_gene_by_cell	first_header_blank=true; column_barcode_pattern=10x_16nt_barcode_with_numeric_suffix; row_gene_name_issue_count=0; row_label_cell_barcode_like_count=0; rows=26571; columns=2597	26571	2597	2598	|AAACCTGAGAACAACT_7|AAACCTGAGCTAACTC_7|AAACCTGAGTGAATTG_7|AAACCTGGTCCGTCAG_7|AAACCTGGTTACGGAG_7	AL627309.1|AL669831.5|FAM87B|LINC00115|FAM41C	gene_symbol_or_ensembl_like_name	cell_barcode	true	gene_symbol_or_ensembl_like_name	0	0	10x_16nt_barcode_with_numeric_suffix	7|7|7|7|7	0	0	0	full_stream	numpy_fromstring_with_exact_anomaly_fallback	69004887	1	0	0	0	0	0	0	11575	false	65441067	0.94835409266	672	1594	2536	5309	38728	3	8120	133	432	8685	AL627309.1:0|FAM87B:0|AL645608.3:0|AL645608.1:0|AL645608.2:0|LINC01342:2|TTLL10-AS1:0|AL391244.2:0|AL109917.1:0|CALML6:1	17886	pass	working_rule=feature_detected_in_at_least_3_cells; detected_in_0=8120; detected_in_1=133; detected_in_2=432; below_3=8685	672	1594	2536	5309	38725	498	726	1019	1660	5963	0	4.5551982851	7.0843373494	10.9120521173	19.9967405476	0	0	0	0	5.78859060403	1	0	109	0	1	1	2596	108	1	110	2487	pass	fixed_rule=500<=nFeature<6000,nCount>1000,percent.mt<=20,percent.HB<5; source_rules=nFeature_and_percent.mt; project_rules=nCount_and_percent.HB; source_pass=2596; additional_nCount_fail=108; additional_percent.HB_fail=1; final_pass=2487	false	not_applicable	Frozen regression target applies only to GSM5573466_sample1.csv.gz.	2105	1.46490536278	15.0063091483	0	1000	0.00847131305352	within_preregistered_review_boundaries	consistent_with_sparse_right_skew	status=consistent_with_sparse_right_skew; zero_value_rate=0.948354; gene_mean_le_0.01_fraction=0.503293; gene_mean_le_0.1_fraction=0.797825; gene_mean_Q1=0; gene_mean_median=0.00924143; gene_mean_Q3=0.0747016; gene_mean_mean=0.175053; gene_mean_max=71.0008; max_to_median=7682.88	false	trigger=none; distinct=2105; relative_iqr=1.46491; relative_range=15.0063; dominant_round_fraction=0; best_fixed_target=1000; best_fixed_target_fraction=0.00847131	13	MT-ND1|MT-ND2|MT-CO1|MT-CO2|MT-ATP8|MT-ATP6|MT-CO3|MT-ND3	13	MT-ND1|MT-ND2|MT-CO1|MT-CO2|MT-ATP8|MT-ATP6|MT-CO3|MT-ND3	HBA1|HBA2|HBB|HBD|HBE1|HBG1|HBG2|HBM|HBQ1|HBZ	HBA1|HBA2|HBB|HBD|HBG1|HBG2|HBM|HBQ1|HBZ	HBE1	HBA1|HBA2|HBB|HBD	HBG1|HBG2|HBM|HBQ1|HBZ	HBEGF|HBP1|HBS1L	4C6F6F498A174A0D0DFA4D1272802C937EC779E2B33EF4A6D2D974EC93719EC3	nonnegative_integer_count_like	public_input_shape_verified_fixed_QC_recalculated_processing_history_pending_F0_step3	public_called_cell_raw_gene_count_matrix	5.48	match	not_compared_definition_changed_to_frozen_exact_globin_panel	enter_full_F1_candidate	enter_full_F1_independent_reQC	file_format_only	file_format_and_public_processing_boundary	full-stream numeric/structure audit passed; per-cell nCount showed no preregistered normalization artifact; row/column identities confirmed gene-by-cell orientation; all 26571 archived feature rows remain unchanged; one per-sample min.cells=3 working feature space was built and nCount, nFeature, percent.mt and percent.HB were recalculated there; the fixed source-aligned plus project QC rule was fully evaluable; the frozen globin panel was applied by exact gene matching; sparse right-skew evidence was present; processed manifest and GEO sample mapping matched; working_features=17886; source_rule_pass=2596; final_fixed_QC_pass=2487; pilot=not_applicable	true	false	false	match	Rows detected in fewer than three cells remain in the immutable archived matrix; they are excluded only from this sample's QC working feature space and are not labeled as a provenance mismatch.
GSE183904	GSM5573490_sample25.csv.gz	GSM5573490	sample25	data/processed_input/GSE183904/GSM5573490_sample25.csv.gz	data/public_downloads/GSE183904_RAW.tar	true	csv	true	gene_by_cell	pass_gene_by_cell	first_header_blank=true; column_barcode_pattern=10x_16nt_barcode_with_numeric_suffix; row_gene_name_issue_count=0; row_label_cell_barcode_like_count=0; rows=26571; columns=4140	26571	4140	4141	|AAACCTGAGCGAGAAA_1|AAACCTGAGGAGCGTT_1|AAACCTGAGGGAGTAA_1|AAACCTGCAGCTATTG_1|AAACCTGTCAGCTTAG_1	AL627309.1|AL669831.5|FAM87B|LINC00115|FAM41C	gene_symbol_or_ensembl_like_name	cell_barcode	true	gene_symbol_or_ensembl_like_name	0	0	10x_16nt_barcode_with_numeric_suffix	1|1|1|1|1	0	0	0	full_stream	numpy_fromstring_with_exact_anomaly_fallback	110003940	1	0	0	0	0	0	0	23850	false	101916588	0.92648125149	698	2663	4873.5	10895.75	58082	3	6235	178	410	6823	FAM87B:2|AL645608.3:2|CHD5:2|AL109811.4:1|DRAXIN:2|CELA2B:0|AL451042.1:1|AL021920.3:2|AL050344.1:2|AL353622.2:0	19748	pass	working_rule=feature_detected_in_at_least_3_cells; detected_in_0=6235; detected_in_1=178; detected_in_2=410; below_3=6823	698	2662.75	4873.5	10895.5	58080	499	1093	1632.5	2637.25	5938	0.00828775070446	3.91143474566	5.8153966871	8.71049297224	19.9916177703	0	0	0	0	45.9301227573	1	0	42	0	4	1	4139	41	4	46	4094	pass	fixed_rule=500<=nFeature<6000,nCount>1000,percent.mt<=20,percent.HB<5; source_rules=nFeature_and_percent.mt; project_rules=nCount_and_percent.HB; source_pass=4139; additional_nCount_fail=41; additional_percent.HB_fail=4; final_pass=4094	false	not_applicable	Frozen regression target applies only to GSM5573466_sample1.csv.gz.	3543	1.689289012	11.7746999077	0	10000	0.00507246376812	within_preregistered_review_boundaries	consistent_with_sparse_right_skew	status=consistent_with_sparse_right_skew; zero_value_rate=0.926481; gene_mean_le_0.01_fraction=0.467352; gene_mean_le_0.1_fraction=0.729555; gene_mean_Q1=0.000483092; gene_mean_median=0.0149758; gene_mean_Q3=0.112681; gene_mean_mean=0.333918; gene_mean_max=1378.88; max_to_median=92073.4	false	trigger=none; distinct=3543; relative_iqr=1.68929; relative_range=11.7747; dominant_round_fraction=0; best_fixed_target=10000; best_fixed_target_fraction=0.00507246	13	MT-ND1|MT-ND2|MT-CO1|MT-CO2|MT-ATP8|MT-ATP6|MT-CO3|MT-ND3	13	MT-ND1|MT-ND2|MT-CO1|MT-CO2|MT-ATP8|MT-ATP6|MT-CO3|MT-ND3	HBA1|HBA2|HBB|HBD|HBE1|HBG1|HBG2|HBM|HBQ1|HBZ	HBA1|HBA2|HBB|HBD|HBG1|HBG2|HBM|HBQ1|HBZ	HBE1	HBA1|HBA2|HBB|HBD|HBQ1|HBZ	HBG1|HBG2|HBM	HBEGF|HBP1|HBS1L	4C6F6F498A174A0D0DFA4D1272802C937EC779E2B33EF4A6D2D974EC93719EC3	nonnegative_integer_count_like	public_input_shape_verified_fixed_QC_recalculated_processing_history_pending_F0_step3	public_called_cell_raw_gene_count_matrix	9.34	match	not_compared_definition_changed_to_frozen_exact_globin_panel	enter_full_F1_candidate	enter_full_F1_independent_reQC	file_format_only	file_format_and_public_processing_boundary	full-stream numeric/structure audit passed; per-cell nCount showed no preregistered normalization artifact; row/column identities confirmed gene-by-cell orientation; all 26571 archived feature rows remain unchanged; one per-sample min.cells=3 working feature space was built and nCount, nFeature, percent.mt and percent.HB were recalculated there; the fixed source-aligned plus project QC rule was fully evaluable; the frozen globin panel was applied by exact gene matching; sparse right-skew evidence was present; processed manifest and GEO sample mapping matched; working_features=19748; source_rule_pass=4139; final_fixed_QC_pass=4094; pilot=not_applicable	true	false	false	match	Rows detected in fewer than three cells remain in the immutable archived matrix; they are excluded only from this sample's QC working feature space and are not labeled as a provenance mismatch.
GSE183904	GSM5573491_sample26.csv.gz	GSM5573491	sample26	data/processed_input/GSE183904/GSM5573491_sample26.csv.gz	data/public_downloads/GSE183904_RAW.tar	true	csv	true	gene_by_cell	pass_gene_by_cell	first_header_blank=true; column_barcode_pattern=10x_16nt_barcode_with_numeric_suffix; row_gene_name_issue_count=0; row_label_cell_barcode_like_count=0; rows=26571; columns=2681	26571	2681	2682	|AAACCTGAGATCCCAT_2|AAACCTGGTAAGTTCC_2|AAACCTGTCAAGAAGT_2|AAACCTGTCCAGGGCT_2|AAACGGGAGACTACAA_2	AL627309.1|AL669831.5|FAM87B|LINC00115|FAM41C	gene_symbol_or_ensembl_like_name	cell_barcode	true	gene_symbol_or_ensembl_like_name	0	0	10x_16nt_barcode_with_numeric_suffix	2|2|2|2|2	0	0	0	full_stream	numpy_fromstring_with_exact_anomaly_fallback	71236851	1	0	0	0	0	0	0	22680	false	66966685	0.940056783251	699	2244	3775	10810	52590	3	7755	178	405	8338	FAM87B:0|FAM41C:2|AL645608.3:0|AL645608.2:0|TTLL10-AS1:0|AL391244.3:2|TMEM240:2|CALML6:0|AL512413.1:0|CHD5:0	18233	pass	working_rule=feature_detected_in_at_least_3_cells; detected_in_0=7755; detected_in_1=178; detected_in_2=405; below_3=8338	699	2244	3775	10809	52587	497	951	1295	1977	5970	0	2.72911051213	4.71482889734	7.39130434783	20.0023727607	0	0	0	0	43.0122116689	1	0	57	1	26	2	2679	56	26	84	2597	pass	fixed_rule=500<=nFeature<6000,nCount>1000,percent.mt<=20,percent.HB<5; source_rules=nFeature_and_percent.mt; project_rules=nCount_and_percent.HB; source_pass=2679; additional_nCount_fail=56; additional_percent.HB_fail=26; final_pass=2597	false	not_applicable	Frozen regression target applies only to GSM5573466_sample1.csv.gz.	2377	2.26913907285	13.7459602649	0	10000	0.00596792241701	within_preregistered_review_boundaries	consistent_with_sparse_right_skew	status=consistent_with_sparse_right_skew; zero_value_rate=0.940057; gene_mean_le_0.01_fraction=0.488126; gene_mean_le_0.1_fraction=0.773249; gene_mean_Q1=0; gene_mean_median=0.0111899; gene_mean_Q3=0.0856024; gene_mean_mean=0.289535; gene_mean_max=246.326; max_to_median=22013.4	false	trigger=none; distinct=2377; relative_iqr=2.26914; relative_range=13.746; dominant_round_fraction=0; best_fixed_target=10000; best_fixed_target_fraction=0.00596792	13	MT-ND1|MT-ND2|MT-CO1|MT-CO2|MT-ATP8|MT-ATP6|MT-CO3|MT-ND3	13	MT-ND1|MT-ND2|MT-CO1|MT-CO2|MT-ATP8|MT-ATP6|MT-CO3|MT-ND3	HBA1|HBA2|HBB|HBD|HBE1|HBG1|HBG2|HBM|HBQ1|HBZ	HBA1|HBA2|HBB|HBD|HBG1|HBG2|HBM|HBQ1|HBZ	HBE1	HBA1|HBA2|HBB|HBD|HBM	HBG1|HBG2|HBQ1|HBZ	HBEGF|HBP1|HBS1L	4C6F6F498A174A0D0DFA4D1272802C937EC779E2B33EF4A6D2D974EC93719EC3	nonnegative_integer_count_like	public_input_shape_verified_fixed_QC_recalculated_processing_history_pending_F0_step3	public_called_cell_raw_gene_count_matrix	6.19	match	not_compared_definition_changed_to_frozen_exact_globin_panel	enter_full_F1_candidate	enter_full_F1_independent_reQC	file_format_only	file_format_and_public_processing_boundary	full-stream numeric/structure audit passed; per-cell nCount showed no preregistered normalization artifact; row/column identities confirmed gene-by-cell orientation; all 26571 archived feature rows remain unchanged; one per-sample min.cells=3 working feature space was built and nCount, nFeature, percent.mt and percent.HB were recalculated there; the fixed source-aligned plus project QC rule was fully evaluable; the frozen globin panel was applied by exact gene matching; sparse right-skew evidence was present; processed manifest and GEO sample mapping matched; working_features=18233; source_rule_pass=2679; final_fixed_QC_pass=2597; pilot=not_applicable	true	false	false	match	Rows detected in fewer than three cells remain in the immutable archived matrix; they are excluded only from this sample's QC working feature space and are not labeled as a provenance mismatch.
GSE183904	GSM5573492_sample27.csv.gz	GSM5573492	sample27	data/processed_input/GSE183904/GSM5573492_sample27.csv.gz	data/public_downloads/GSE183904_RAW.tar	true	csv	true	gene_by_cell	pass_gene_by_cell	first_header_blank=true; column_barcode_pattern=10x_16nt_barcode_with_numeric_suffix; row_gene_name_issue_count=0; row_label_cell_barcode_like_count=0; rows=26571; columns=4600	26571	4600	4601	|AAACCTGAGACAATAC_25|AAACCTGAGCAGGCTA_25|AAACCTGAGCTGAACG_25|AAACCTGAGTAGGTGC_25|AAACCTGAGTGACATA_25	AL627309.1|AL669831.5|FAM87B|LINC00115|FAM41C	gene_symbol_or_ensembl_like_name	cell_barcode	true	gene_symbol_or_ensembl_like_name	0	0	10x_16nt_barcode_with_numeric_suffix	25|25|25|25|25	0	0	0	full_stream	numpy_fromstring_with_exact_anomaly_fallback	122226600	1	0	0	0	0	0	0	14038	false	117012129	0.957337674451	618	1291.75	2022.5	3697.25	25080	3	8199	0	38	8237	AL627309.1:0|FAM87B:0|AL645608.3:0|AL645608.1:0|PERM1:0|LINC01342:0|TTLL10-AS1:0|TTC34:0|AL008733.1:0|AL512413.1:0	18334	pass	working_rule=feature_detected_in_at_least_3_cells; detected_in_0=8199; detected_in_1=0; detected_in_2=38; below_3=8237	618	1291.75	2022.5	3697.25	25080	499	653	881.5	1394.25	4496	0	1.95312120301	2.81924569849	4.15614948778	19.8876404494	0	0	0	0.00986059960882	55.7022809124	1	0	450	0	109	1	4599	450	108	559	4041	pass	fixed_rule=500<=nFeature<6000,nCount>1000,percent.mt<=20,percent.HB<5; source_rules=nFeature_and_percent.mt; project_rules=nCount_and_percent.HB; source_pass=4599; additional_nCount_fail=450; additional_percent.HB_fail=108; final_pass=4041	false	not_applicable	Frozen regression target applies only to GSM5573466_sample1.csv.gz.	2902	1.18936959209	12.0949320148	0	1000	0.0126086956522	within_preregistered_review_boundaries	consistent_with_sparse_right_skew	status=consistent_with_sparse_right_skew; zero_value_rate=0.957338; gene_mean_le_0.01_fraction=0.548831; gene_mean_le_0.1_fraction=0.856761; gene_mean_Q1=0; gene_mean_median=0.00586957; gene_mean_Q3=0.0491304; gene_mean_mean=0.118041; gene_mean_max=55.958; max_to_median=9533.59	false	trigger=none; distinct=2902; relative_iqr=1.18937; relative_range=12.0949; dominant_round_fraction=0; best_fixed_target=1000; best_fixed_target_fraction=0.0126087	13	MT-ND1|MT-ND2|MT-CO1|MT-CO2|MT-ATP8|MT-ATP6|MT-CO3|MT-ND3	13	MT-ND1|MT-ND2|MT-CO1|MT-CO2|MT-ATP8|MT-ATP6|MT-CO3|MT-ND3	HBA1|HBA2|HBB|HBD|HBE1|HBG1|HBG2|HBM|HBQ1|HBZ	HBA1|HBA2|HBB|HBD|HBG1|HBG2|HBM|HBQ1|HBZ	HBE1	HBA1|HBA2|HBB|HBD|HBG1|HBM	HBG2|HBQ1|HBZ	HBEGF|HBP1|HBS1L	4C6F6F498A174A0D0DFA4D1272802C937EC779E2B33EF4A6D2D974EC93719EC3	nonnegative_integer_count_like	public_input_shape_verified_fixed_QC_recalculated_processing_history_pending_F0_step3	public_called_cell_raw_gene_count_matrix	9.58	match	not_compared_definition_changed_to_frozen_exact_globin_panel	enter_full_F1_candidate	enter_full_F1_independent_reQC	file_format_only	file_format_and_public_processing_boundary	full-stream numeric/structure audit passed; per-cell nCount showed no preregistered normalization artifact; row/column identities confirmed gene-by-cell orientation; all 26571 archived feature rows remain unchanged; one per-sample min.cells=3 working feature space was built and nCount, nFeature, percent.mt and percent.HB were recalculated there; the fixed source-aligned plus project QC rule was fully evaluable; the frozen globin panel was applied by exact gene matching; sparse right-skew evidence was present; processed manifest and GEO sample mapping matched; working_features=18334; source_rule_pass=4599; final_fixed_QC_pass=4041; pilot=not_applicable	true	false	false	match	Rows detected in fewer than three cells remain in the immutable archived matrix; they are excluded only from this sample's QC working feature space and are not labeled as a provenance mismatch.
GSE183904	GSM5573493_sample28.csv.gz	GSM5573493	sample28	data/processed_input/GSE183904/GSM5573493_sample28.csv.gz	data/public_downloads/GSE183904_RAW.tar	true	csv	true	gene_by_cell	pass_gene_by_cell	first_header_blank=true; column_barcode_pattern=10x_16nt_barcode_with_numeric_suffix; row_gene_name_issue_count=0; row_label_cell_barcode_like_count=0; rows=26571; columns=6173	26571	6173	6174	|AAACCTGAGAAACGCC_28|AAACCTGAGCTACCTA_28|AAACCTGAGGGTATCG_28|AAACCTGCACAAGCCC_28|AAACCTGCACCCAGTG_28	AL627309.1|AL669831.5|FAM87B|LINC00115|FAM41C	gene_symbol_or_ensembl_like_name	cell_barcode	true	gene_symbol_or_ensembl_like_name	0	0	10x_16nt_barcode_with_numeric_suffix	28|28|28|28|28	0	0	0	full_stream	numpy_fromstring_with_exact_anomaly_fallback	164022783	1	0	0	0	0	0	0	28813	false	152702345	0.930982526982	722	3509	6216	12977	62760	3	5557	172	431	6160	AL645608.3:0|AL512413.1:2|BX323043.1:0|AL109811.4:0|MASP2:0|CELA2B:0|SRARP:0|CLCNKA:0|CLCNKB:0|LINC01772:2	20411	pass	working_rule=feature_detected_in_at_least_3_cells; detected_in_0=5557; detected_in_1=172; detected_in_2=431; below_3=6160	722	3509	6215	12977	62760	500	1214	1697	2265	5981	0.210572980162	3.35667215815	5.87066872655	9.4694808899	19.9815837937	0	0	0	0	0.4004004004	0	0	52	0	0	0	6173	52	0	52	6121	pass	fixed_rule=500<=nFeature<6000,nCount>1000,percent.mt<=20,percent.HB<5; source_rules=nFeature_and_percent.mt; project_rules=nCount_and_percent.HB; source_pass=6173; additional_nCount_fail=52; additional_percent.HB_fail=0; final_pass=6121	false	not_applicable	Frozen regression target applies only to GSM5573466_sample1.csv.gz.	5140	1.52316602317	9.98037323037	0	10000	0.00502186943139	within_preregistered_review_boundaries	consistent_with_sparse_right_skew	status=consistent_with_sparse_right_skew; zero_value_rate=0.930983; gene_mean_le_0.01_fraction=0.47597; gene_mean_le_0.1_fraction=0.755259; gene_mean_Q1=0.000485987; gene_mean_median=0.0132837; gene_mean_Q3=0.0967115; gene_mean_mean=0.349207; gene_mean_max=373.659; max_to_median=28129.2	false	trigger=none; distinct=5140; relative_iqr=1.52317; relative_range=9.98037; dominant_round_fraction=0; best_fixed_target=10000; best_fixed_target_fraction=0.00502187	13	MT-ND1|MT-ND2|MT-CO1|MT-CO2|MT-ATP8|MT-ATP6|MT-CO3|MT-ND3	13	MT-ND1|MT-ND2|MT-CO1|MT-CO2|MT-ATP8|MT-ATP6|MT-CO3|MT-ND3	HBA1|HBA2|HBB|HBD|HBE1|HBG1|HBG2|HBM|HBQ1|HBZ	HBA1|HBA2|HBB|HBD|HBG1|HBG2|HBM|HBQ1|HBZ	HBE1	HBA1|HBA2|HBB|HBD|HBZ	HBG1|HBG2|HBM|HBQ1	HBEGF|HBP1|HBS1L	4C6F6F498A174A0D0DFA4D1272802C937EC779E2B33EF4A6D2D974EC93719EC3	nonnegative_integer_count_like	public_input_shape_verified_fixed_QC_recalculated_processing_history_pending_F0_step3	public_called_cell_raw_gene_count_matrix	18.23	match	not_compared_definition_changed_to_frozen_exact_globin_panel	enter_full_F1_candidate	enter_full_F1_independent_reQC	file_format_only	file_format_and_public_processing_boundary	full-stream numeric/structure audit passed; per-cell nCount showed no preregistered normalization artifact; row/column identities confirmed gene-by-cell orientation; all 26571 archived feature rows remain unchanged; one per-sample min.cells=3 working feature space was built and nCount, nFeature, percent.mt and percent.HB were recalculated there; the fixed source-aligned plus project QC rule was fully evaluable; the frozen globin panel was applied by exact gene matching; sparse right-skew evidence was present; processed manifest and GEO sample mapping matched; working_features=20411; source_rule_pass=6173; final_fixed_QC_pass=6121; pilot=not_applicable	true	false	false	match	Rows detected in fewer than three cells remain in the immutable archived matrix; they are excluded only from this sample's QC working feature space and are not labeled as a provenance mismatch.
GSE183904	GSM5573494_sample29.csv.gz	GSM5573494	sample29	data/processed_input/GSE183904/GSM5573494_sample29.csv.gz	data/public_downloads/GSE183904_RAW.tar	true	csv	true	gene_by_cell	pass_gene_by_cell	first_header_blank=true; column_barcode_pattern=10x_16nt_barcode_with_numeric_suffix; row_gene_name_issue_count=0; row_label_cell_barcode_like_count=0; rows=26571; columns=3593	26571	3593	3594	|AAACCTGCACCGATAT_29|AAACCTGCAGGACGTA_29|AAACCTGGTTCAGCGC_29|AAACCTGGTTGTCTTT_29|AAACCTGTCACAATGC_29	AL627309.1|AL669831.5|FAM87B|LINC00115|FAM41C	gene_symbol_or_ensembl_like_name	cell_barcode	true	gene_symbol_or_ensembl_like_name	0	0	10x_16nt_barcode_with_numeric_suffix	29|29|29|29|29	0	0	0	full_stream	numpy_fromstring_with_exact_anomaly_fallback	95469603	1	0	0	0	0	0	0	16105	false	88102246	0.922830337945	653	1975	5509	14428	52642	3	6909	323	558	7790	AL627309.1:0|FAM87B:0|FAM41C:0|AL645608.3:2|AL645608.2:0|LINC01342:2|TTLL10-AS1:0|CALML6:2|PRKCZ-AS1:1|TTC34:1	18781	pass	working_rule=feature_detected_in_at_least_3_cells; detected_in_0=6909; detected_in_1=323; detected_in_2=558; below_3=7790	652	1975	5508	14427	52642	499	867	1522	3156	5933	0	3.42740216557	5.71600481348	11.6073660528	19.9592322066	0	0	0	0	0.0411015207563	1	0	114	0	0	1	3592	114	0	115	3478	pass	fixed_rule=500<=nFeature<6000,nCount>1000,percent.mt<=20,percent.HB<5; source_rules=nFeature_and_percent.mt; project_rules=nCount_and_percent.HB; source_pass=3592; additional_nCount_fail=114; additional_percent.HB_fail=0; final_pass=3478	false	not_applicable	Frozen regression target applies only to GSM5573466_sample1.csv.gz.	3130	2.26048284625	9.43710292249	0	10000	0.0066796548845	within_preregistered_review_boundaries	consistent_with_sparse_right_skew	status=consistent_with_sparse_right_skew; zero_value_rate=0.92283; gene_mean_le_0.01_fraction=0.475707; gene_mean_le_0.1_fraction=0.720522; gene_mean_Q1=0; gene_mean_median=0.0136376; gene_mean_Q3=0.12246; gene_mean_mean=0.349228; gene_mean_max=228.48; max_to_median=16753.6	false	trigger=none; distinct=3130; relative_iqr=2.26048; relative_range=9.4371; dominant_round_fraction=0; best_fixed_target=10000; best_fixed_target_fraction=0.00667965	13	MT-ND1|MT-ND2|MT-CO1|MT-CO2|MT-ATP8|MT-ATP6|MT-CO3|MT-ND3	13	MT-ND1|MT-ND2|MT-CO1|MT-CO2|MT-ATP8|MT-ATP6|MT-CO3|MT-ND3	HBA1|HBA2|HBB|HBD|HBE1|HBG1|HBG2|HBM|HBQ1|HBZ	HBA1|HBA2|HBB|HBD|HBG1|HBG2|HBM|HBQ1|HBZ	HBE1	HBA1|HBD	HBA2|HBB|HBG1|HBG2|HBM|HBQ1|HBZ	HBEGF|HBP1|HBS1L	4C6F6F498A174A0D0DFA4D1272802C937EC779E2B33EF4A6D2D974EC93719EC3	nonnegative_integer_count_like	public_input_shape_verified_fixed_QC_recalculated_processing_history_pending_F0_step3	public_called_cell_raw_gene_count_matrix	7.65	match	not_compared_definition_changed_to_frozen_exact_globin_panel	enter_full_F1_candidate	enter_full_F1_independent_reQC	file_format_only	file_format_and_public_processing_boundary	full-stream numeric/structure audit passed; per-cell nCount showed no preregistered normalization artifact; row/column identities confirmed gene-by-cell orientation; all 26571 archived feature rows remain unchanged; one per-sample min.cells=3 working feature space was built and nCount, nFeature, percent.mt and percent.HB were recalculated there; the fixed source-aligned plus project QC rule was fully evaluable; the frozen globin panel was applied by exact gene matching; sparse right-skew evidence was present; processed manifest and GEO sample mapping matched; working_features=18781; source_rule_pass=3592; final_fixed_QC_pass=3478; pilot=not_applicable	true	false	false	match	Rows detected in fewer than three cells remain in the immutable archived matrix; they are excluded only from this sample's QC working feature space and are not labeled as a provenance mismatch.
GSE183904	GSM5573495_sample30.csv.gz	GSM5573495	sample30	data/processed_input/GSE183904/GSM5573495_sample30.csv.gz	data/public_downloads/GSE183904_RAW.tar	true	csv	true	gene_by_cell	pass_gene_by_cell	first_header_blank=true; column_barcode_pattern=10x_16nt_barcode_with_numeric_suffix; row_gene_name_issue_count=0; row_label_cell_barcode_like_count=0; rows=26571; columns=3798	26571	3798	3799	|AAACCTGAGCCAACAG_30|AAACCTGCATTAGGCT_30|AAACCTGGTAAGTTCC_30|AAACGGGAGGGATACC_30|AAACGGGAGTCTCGGC_30	AL627309.1|AL669831.5|FAM87B|LINC00115|FAM41C	gene_symbol_or_ensembl_like_name	cell_barcode	true	gene_symbol_or_ensembl_like_name	0	0	10x_16nt_barcode_with_numeric_suffix	30|30|30|30|30	0	0	0	full_stream	numpy_fromstring_with_exact_anomaly_fallback	100916658	1	0	0	0	0	0	0	15242	false	96282824	0.954082565834	681	1765	2651.5	6813.75	35027	3	7415	237	515	8167	FAM87B:0|FAM41C:0|AL645608.3:0|PERM1:1|AL645608.2:0|TTLL10-AS1:0|AL391244.2:0|CALML6:0|PRKCZ-AS1:0|TTC34:0	18404	pass	working_rule=feature_detected_in_at_least_3_cells; detected_in_0=7415; detected_in_1=237; detected_in_2=515; below_3=8167	681	1765	2651.5	6813.75	35020	500	762.25	1003	1423.5	5588	0	3.18118171492	5.01587452692	7.59616078967	20.251396648	0	0	0	0	1.32464951981	0	0	67	1	0	1	3797	67	0	68	3730	pass	fixed_rule=500<=nFeature<6000,nCount>1000,percent.mt<=20,percent.HB<5; source_rules=nFeature_and_percent.mt; project_rules=nCount_and_percent.HB; source_pass=3797; additional_nCount_fail=67; additional_percent.HB_fail=0; final_pass=3730	false	not_applicable	Frozen regression target applies only to GSM5573466_sample1.csv.gz.	2884	1.90411088063	12.953422591	0	10000	0.00473933649289	within_preregistered_review_boundaries	consistent_with_sparse_right_skew	status=consistent_with_sparse_right_skew; zero_value_rate=0.954083; gene_mean_le_0.01_fraction=0.519401; gene_mean_le_0.1_fraction=0.83768; gene_mean_Q1=0; gene_mean_median=0.00816219; gene_mean_Q3=0.0576619; gene_mean_mean=0.191259; gene_mean_max=165.527; max_to_median=20279.7	false	trigger=none; distinct=2884; relative_iqr=1.90411; relative_range=12.9534; dominant_round_fraction=0; best_fixed_target=10000; best_fixed_target_fraction=0.00473934	13	MT-ND1|MT-ND2|MT-CO1|MT-CO2|MT-ATP8|MT-ATP6|MT-CO3|MT-ND3	13	MT-ND1|MT-ND2|MT-CO1|MT-CO2|MT-ATP8|MT-ATP6|MT-CO3|MT-ND3	HBA1|HBA2|HBB|HBD|HBE1|HBG1|HBG2|HBM|HBQ1|HBZ	HBA1|HBA2|HBB|HBD|HBG1|HBG2|HBM|HBQ1|HBZ	HBE1	HBA1|HBA2|HBB|HBD	HBG1|HBG2|HBM|HBQ1|HBZ	HBEGF|HBP1|HBS1L	4C6F6F498A174A0D0DFA4D1272802C937EC779E2B33EF4A6D2D974EC93719EC3	nonnegative_integer_count_like	public_input_shape_verified_fixed_QC_recalculated_processing_history_pending_F0_step3	public_called_cell_raw_gene_count_matrix	7.92	match	not_compared_definition_changed_to_frozen_exact_globin_panel	enter_full_F1_candidate	enter_full_F1_independent_reQC	file_format_only	file_format_and_public_processing_boundary	full-stream numeric/structure audit passed; per-cell nCount showed no preregistered normalization artifact; row/column identities confirmed gene-by-cell orientation; all 26571 archived feature rows remain unchanged; one per-sample min.cells=3 working feature space was built and nCount, nFeature, percent.mt and percent.HB were recalculated there; the fixed source-aligned plus project QC rule was fully evaluable; the frozen globin panel was applied by exact gene matching; sparse right-skew evidence was present; processed manifest and GEO sample mapping matched; working_features=18404; source_rule_pass=3797; final_fixed_QC_pass=3730; pilot=not_applicable	true	false	false	match	Rows detected in fewer than three cells remain in the immutable archived matrix; they are excluded only from this sample's QC working feature space and are not labeled as a provenance mismatch.
GSE183904	GSM5573496_sample31.csv.gz	GSM5573496	sample31	data/processed_input/GSE183904/GSM5573496_sample31.csv.gz	data/public_downloads/GSE183904_RAW.tar	true	csv	true	gene_by_cell	pass_gene_by_cell	first_header_blank=true; column_barcode_pattern=10x_16nt_barcode_with_numeric_suffix; row_gene_name_issue_count=0; row_label_cell_barcode_like_count=0; rows=26571; columns=1996	26571	1996	1997	|AAACCTGAGAGACGAA_31|AAACCTGCATATGGTC_31|AAACCTGCATGAAGTA_31|AAACCTGTCGGATGTT_31|AAACCTGTCTAACTGG_31	AL627309.1|AL669831.5|FAM87B|LINC00115|FAM41C	gene_symbol_or_ensembl_like_name	cell_barcode	true	gene_symbol_or_ensembl_like_name	0	0	10x_16nt_barcode_with_numeric_suffix	31|31|31|31|31	0	0	0	full_stream	numpy_fromstring_with_exact_anomaly_fallback	53035716	1	0	0	0	0	0	0	17173	false	50009783	0.942945372888	628	1678	2951.5	7518.75	48493	3	7519	620	750	8889	FAM87B:2|FAM41C:0|AL645608.3:0|PERM1:0|AL645608.2:0|LINC01342:1|TTLL10-AS1:0|AL391244.2:0|TMEM240:2|AL109917.1:2	17682	pass	working_rule=feature_detected_in_at_least_3_cells; detected_in_0=7519; detected_in_1=620; detected_in_2=750; below_3=8889	628	1677.75	2950.5	7515.5	48489	500	808	1178	1863.5	5983	0.216150786789	3.78404536302	6.47759366319	12.3243650713	19.9783822735	0	0	0	0	36.5504358655	0	0	135	0	3	0	1996	135	3	138	1858	pass	fixed_rule=500<=nFeature<6000,nCount>1000,percent.mt<=20,percent.HB<5; source_rules=nFeature_and_percent.mt; project_rules=nCount_and_percent.HB; source_pass=1996; additional_nCount_fail=135; additional_percent.HB_fail=3; final_pass=1858	false	not_applicable	Frozen regression target applies only to GSM5573466_sample1.csv.gz.	1777	1.97890902931	16.2171777063	0	1000	0.0065130260521	within_preregistered_review_boundaries	consistent_with_sparse_right_skew	status=consistent_with_sparse_right_skew; zero_value_rate=0.942945; gene_mean_le_0.01_fraction=0.490046; gene_mean_le_0.1_fraction=0.773362; gene_mean_Q1=0; gene_mean_median=0.011022; gene_mean_Q3=0.0856713; gene_mean_mean=0.232173; gene_mean_max=101.39; max_to_median=9198.86	false	trigger=none; distinct=1777; relative_iqr=1.97891; relative_range=16.2172; dominant_round_fraction=0; best_fixed_target=1000; best_fixed_target_fraction=0.00651303	13	MT-ND1|MT-ND2|MT-CO1|MT-CO2|MT-ATP8|MT-ATP6|MT-CO3|MT-ND3	13	MT-ND1|MT-ND2|MT-CO1|MT-CO2|MT-ATP8|MT-ATP6|MT-CO3|MT-ND3	HBA1|HBA2|HBB|HBD|HBE1|HBG1|HBG2|HBM|HBQ1|HBZ	HBA1|HBA2|HBB|HBD|HBG1|HBG2|HBM|HBQ1|HBZ	HBE1	HBA1|HBA2|HBB|HBD	HBG1|HBG2|HBM|HBQ1|HBZ	HBEGF|HBP1|HBS1L	4C6F6F498A174A0D0DFA4D1272802C937EC779E2B33EF4A6D2D974EC93719EC3	nonnegative_integer_count_like	public_input_shape_verified_fixed_QC_recalculated_processing_history_pending_F0_step3	public_called_cell_raw_gene_count_matrix	4.47	match	not_compared_definition_changed_to_frozen_exact_globin_panel	enter_full_F1_candidate	enter_full_F1_independent_reQC	file_format_only	file_format_and_public_processing_boundary	full-stream numeric/structure audit passed; per-cell nCount showed no preregistered normalization artifact; row/column identities confirmed gene-by-cell orientation; all 26571 archived feature rows remain unchanged; one per-sample min.cells=3 working feature space was built and nCount, nFeature, percent.mt and percent.HB were recalculated there; the fixed source-aligned plus project QC rule was fully evaluable; the frozen globin panel was applied by exact gene matching; sparse right-skew evidence was present; processed manifest and GEO sample mapping matched; working_features=17682; source_rule_pass=1996; final_fixed_QC_pass=1858; pilot=not_applicable	true	false	false	match	Rows detected in fewer than three cells remain in the immutable archived matrix; they are excluded only from this sample's QC working feature space and are not labeled as a provenance mismatch.
GSE183904	GSM5573497_sample32.csv.gz	GSM5573497	sample32	data/processed_input/GSE183904/GSM5573497_sample32.csv.gz	data/public_downloads/GSE183904_RAW.tar	true	csv	true	gene_by_cell	pass_gene_by_cell	first_header_blank=true; column_barcode_pattern=10x_16nt_barcode_with_numeric_suffix; row_gene_name_issue_count=0; row_label_cell_barcode_like_count=0; rows=26571; columns=2252	26571	2252	2253	|AAACCTGAGGAGTACC_36|AAACCTGGTCAAACTC_36|AAACGGGAGCCAGTTT_36|AAACGGGAGGGTCTCC_36|AAACGGGAGTGGGCTA_36	AL627309.1|AL669831.5|FAM87B|LINC00115|FAM41C	gene_symbol_or_ensembl_like_name	cell_barcode	true	gene_symbol_or_ensembl_like_name	0	0	10x_16nt_barcode_with_numeric_suffix	36|36|36|36|36	0	0	0	full_stream	numpy_fromstring_with_exact_anomaly_fallback	59837892	1	0	0	0	0	0	0	22857	false	56019593	0.936189279529	653	2011.75	3472.5	6775.5	57185	3	7052	509	658	8219	FAM87B:0|FAM41C:0|AL645608.2:0|LINC01342:2|TTLL10-AS1:0|AL391244.2:1|TMEM240:2|CALML6:0|TTC34:1|AL512413.1:1	18352	pass	working_rule=feature_detected_in_at_least_3_cells; detected_in_0=7052; detected_in_1=509; detected_in_2=658; below_3=8219	652	2011	3472.5	6775.25	57179	498	907.75	1273	2020.25	5987	0.154122784485	5.56463847035	8.23479704272	12.4649714719	19.9730094467	0	0	0	0	16.8727562824	1	0	118	0	2	1	2251	118	2	121	2131	pass	fixed_rule=500<=nFeature<6000,nCount>1000,percent.mt<=20,percent.HB<5; source_rules=nFeature_and_percent.mt; project_rules=nCount_and_percent.HB; source_pass=2251; additional_nCount_fail=118; additional_percent.HB_fail=2; final_pass=2131	false	not_applicable	Frozen regression target applies only to GSM5573466_sample1.csv.gz.	1984	1.37185025198	16.2799136069	0	1000	0.0044404973357	within_preregistered_review_boundaries	consistent_with_sparse_right_skew	status=consistent_with_sparse_right_skew; zero_value_rate=0.936189; gene_mean_le_0.01_fraction=0.46833; gene_mean_le_0.1_fraction=0.74762; gene_mean_Q1=0; gene_mean_median=0.0146536; gene_mean_Q3=0.101243; gene_mean_mean=0.234382; gene_mean_max=105.094; max_to_median=7171.85	false	trigger=none; distinct=1984; relative_iqr=1.37185; relative_range=16.2799; dominant_round_fraction=0; best_fixed_target=1000; best_fixed_target_fraction=0.0044405	13	MT-ND1|MT-ND2|MT-CO1|MT-CO2|MT-ATP8|MT-ATP6|MT-CO3|MT-ND3	13	MT-ND1|MT-ND2|MT-CO1|MT-CO2|MT-ATP8|MT-ATP6|MT-CO3|MT-ND3	HBA1|HBA2|HBB|HBD|HBE1|HBG1|HBG2|HBM|HBQ1|HBZ	HBA1|HBA2|HBB|HBD|HBG1|HBG2|HBM|HBQ1|HBZ	HBE1	HBA2|HBB|HBD	HBA1|HBG1|HBG2|HBM|HBQ1|HBZ	HBEGF|HBP1|HBS1L	4C6F6F498A174A0D0DFA4D1272802C937EC779E2B33EF4A6D2D974EC93719EC3	nonnegative_integer_count_like	public_input_shape_verified_fixed_QC_recalculated_processing_history_pending_F0_step3	public_called_cell_raw_gene_count_matrix	4.96	match	not_compared_definition_changed_to_frozen_exact_globin_panel	enter_full_F1_candidate	enter_full_F1_independent_reQC	file_format_only	file_format_and_public_processing_boundary	full-stream numeric/structure audit passed; per-cell nCount showed no preregistered normalization artifact; row/column identities confirmed gene-by-cell orientation; all 26571 archived feature rows remain unchanged; one per-sample min.cells=3 working feature space was built and nCount, nFeature, percent.mt and percent.HB were recalculated there; the fixed source-aligned plus project QC rule was fully evaluable; the frozen globin panel was applied by exact gene matching; sparse right-skew evidence was present; processed manifest and GEO sample mapping matched; working_features=18352; source_rule_pass=2251; final_fixed_QC_pass=2131; pilot=not_applicable	true	false	false	match	Rows detected in fewer than three cells remain in the immutable archived matrix; they are excluded only from this sample's QC working feature space and are not labeled as a provenance mismatch.
GSE183904	GSM5573498_sample33.csv.gz	GSM5573498	sample33	data/processed_input/GSE183904/GSM5573498_sample33.csv.gz	data/public_downloads/GSE183904_RAW.tar	true	csv	true	gene_by_cell	pass_gene_by_cell	first_header_blank=true; column_barcode_pattern=10x_16nt_barcode_with_numeric_suffix; row_gene_name_issue_count=0; row_label_cell_barcode_like_count=0; rows=26571; columns=5823	26571	5823	5824	|AAACCTGAGCTCAACT_37|AAACCTGAGGCATGTG_37|AAACCTGAGGGATCTG_37|AAACCTGAGTAGGCCA_37|AAACCTGCACCAGTTA_37	AL627309.1|AL669831.5|FAM87B|LINC00115|FAM41C	gene_symbol_or_ensembl_like_name	cell_barcode	true	gene_symbol_or_ensembl_like_name	0	0	10x_16nt_barcode_with_numeric_suffix	37|37|37|37|37	0	0	0	full_stream	numpy_fromstring_with_exact_anomaly_fallback	154722933	1	0	0	0	0	0	0	20795	false	144636779	0.934811512396	606	2038	3079	8713.5	63306	3	5978	387	583	6948	FAM87B:0|AL645608.3:2|PERM1:0|AL645608.2:0|TTLL10-AS1:0|AL391244.2:0|AL008733.1:0|TAS1R1:0|BX323043.1:0|AL109811.4:0	19623	pass	working_rule=feature_detected_in_at_least_3_cells; detected_in_0=5978; detected_in_1=387; detected_in_2=583; below_3=6948	606	2038	3079	8713.5	63306	499	941	1241	1975.5	5999	0.0698812019567	4.66015448569	7.00905813033	11.2133130791	19.9947103941	0	0	0	0	44.9359841782	1	0	203	0	5	1	5822	202	5	208	5615	pass	fixed_rule=500<=nFeature<6000,nCount>1000,percent.mt<=20,percent.HB<5; source_rules=nFeature_and_percent.mt; project_rules=nCount_and_percent.HB; source_pass=5822; additional_nCount_fail=202; additional_percent.HB_fail=5; final_pass=5615	false	not_applicable	Frozen regression target applies only to GSM5573466_sample1.csv.gz.	4319	2.16807405002	20.3637544657	0	10000	0.00394985402713	within_preregistered_review_boundaries	consistent_with_sparse_right_skew	status=consistent_with_sparse_right_skew; zero_value_rate=0.934812; gene_mean_le_0.01_fraction=0.48839; gene_mean_le_0.1_fraction=0.742163; gene_mean_Q1=0.000343466; gene_mean_median=0.0116778; gene_mean_Q3=0.105015; gene_mean_mean=0.285872; gene_mean_max=174.465; max_to_median=14939.8	false	trigger=none; distinct=4319; relative_iqr=2.16807; relative_range=20.3638; dominant_round_fraction=0; best_fixed_target=10000; best_fixed_target_fraction=0.00394985	13	MT-ND1|MT-ND2|MT-CO1|MT-CO2|MT-ATP8|MT-ATP6|MT-CO3|MT-ND3	13	MT-ND1|MT-ND2|MT-CO1|MT-CO2|MT-ATP8|MT-ATP6|MT-CO3|MT-ND3	HBA1|HBA2|HBB|HBD|HBE1|HBG1|HBG2|HBM|HBQ1|HBZ	HBA1|HBA2|HBB|HBD|HBG1|HBG2|HBM|HBQ1|HBZ	HBE1	HBA1|HBA2|HBB|HBD|HBQ1	HBG1|HBG2|HBM|HBZ	HBEGF|HBP1|HBS1L	4C6F6F498A174A0D0DFA4D1272802C937EC779E2B33EF4A6D2D974EC93719EC3	nonnegative_integer_count_like	public_input_shape_verified_fixed_QC_recalculated_processing_history_pending_F0_step3	public_called_cell_raw_gene_count_matrix	13.75	match	not_compared_definition_changed_to_frozen_exact_globin_panel	enter_full_F1_candidate	enter_full_F1_independent_reQC	file_format_only	file_format_and_public_processing_boundary	full-stream numeric/structure audit passed; per-cell nCount showed no preregistered normalization artifact; row/column identities confirmed gene-by-cell orientation; all 26571 archived feature rows remain unchanged; one per-sample min.cells=3 working feature space was built and nCount, nFeature, percent.mt and percent.HB were recalculated there; the fixed source-aligned plus project QC rule was fully evaluable; the frozen globin panel was applied by exact gene matching; sparse right-skew evidence was present; processed manifest and GEO sample mapping matched; working_features=19623; source_rule_pass=5822; final_fixed_QC_pass=5615; pilot=not_applicable	true	false	false	match	Rows detected in fewer than three cells remain in the immutable archived matrix; they are excluded only from this sample's QC working feature space and are not labeled as a provenance mismatch.
GSE183904	GSM5573499_sample34.csv.gz	GSM5573499	sample34	data/processed_input/GSE183904/GSM5573499_sample34.csv.gz	data/public_downloads/GSE183904_RAW.tar	true	csv	true	gene_by_cell	pass_gene_by_cell	first_header_blank=true; column_barcode_pattern=10x_16nt_barcode_with_numeric_suffix; row_gene_name_issue_count=0; row_label_cell_barcode_like_count=0; rows=26571; columns=12463	26571	12463	12464	|AAACCTGAGAAGGACA_38|AAACCTGAGCGGATCA_38|AAACCTGAGGATTCGG_38|AAACCTGAGGCGATAC_38|AAACCTGAGGCTAGCA_38	AL627309.1|AL669831.5|FAM87B|LINC00115|FAM41C	gene_symbol_or_ensembl_like_name	cell_barcode	true	gene_symbol_or_ensembl_like_name	0	0	10x_16nt_barcode_with_numeric_suffix	38|38|38|38|38	0	0	0	full_stream	numpy_fromstring_with_exact_anomaly_fallback	331154373	1	0	0	0	0	0	0	21479	false	307755140	0.929340407653	663	2132.5	3341	7470	60211	3	4161	226	501	4888	AL627309.1:2|AL645608.3:0|TTLL10-AS1:0|AL391244.2:0|AL008733.1:0|CHD5:1|TAS1R1:0|BX323043.1:0|AL109811.4:0|AC243836.1:0	21683	pass	working_rule=feature_detected_in_at_least_3_cells; detected_in_0=4161; detected_in_1=226; detected_in_2=501; below_3=4888	663	2132.5	3341	7470	60211	500	1015	1372	2339.5	5996	0	3.32409358201	4.49377368706	6.34750394994	19.9871877002	0	0	0	0	49.8373605948	0	0	380	0	18	0	12463	380	18	398	12065	pass	fixed_rule=500<=nFeature<6000,nCount>1000,percent.mt<=20,percent.HB<5; source_rules=nFeature_and_percent.mt; project_rules=nCount_and_percent.HB; source_pass=12463; additional_nCount_fail=380; additional_percent.HB_fail=18; final_pass=12065	false	not_applicable	Frozen regression target applies only to GSM5573466_sample1.csv.gz.	7282	1.59757557617	17.8234061658	0	10000	0.00353045013239	within_preregistered_review_boundaries	consistent_with_sparse_right_skew	status=consistent_with_sparse_right_skew; zero_value_rate=0.92934; gene_mean_le_0.01_fraction=0.471379; gene_mean_le_0.1_fraction=0.728576; gene_mean_Q1=0.000481425; gene_mean_median=0.014523; gene_mean_Q3=0.115221; gene_mean_mean=0.245894; gene_mean_max=80.9129; max_to_median=5571.37	false	trigger=none; distinct=7282; relative_iqr=1.59758; relative_range=17.8234; dominant_round_fraction=0; best_fixed_target=10000; best_fixed_target_fraction=0.00353045	13	MT-ND1|MT-ND2|MT-CO1|MT-CO2|MT-ATP8|MT-ATP6|MT-CO3|MT-ND3	13	MT-ND1|MT-ND2|MT-CO1|MT-CO2|MT-ATP8|MT-ATP6|MT-CO3|MT-ND3	HBA1|HBA2|HBB|HBD|HBE1|HBG1|HBG2|HBM|HBQ1|HBZ	HBA1|HBA2|HBB|HBD|HBG1|HBG2|HBM|HBQ1|HBZ	HBE1	HBA1|HBA2|HBB|HBD|HBG2|HBM|HBQ1	HBG1|HBZ	HBEGF|HBP1|HBS1L	4C6F6F498A174A0D0DFA4D1272802C937EC779E2B33EF4A6D2D974EC93719EC3	nonnegative_integer_count_like	public_input_shape_verified_fixed_QC_recalculated_processing_history_pending_F0_step3	public_called_cell_raw_gene_count_matrix	54.4	match	not_compared_definition_changed_to_frozen_exact_globin_panel	enter_full_F1_candidate	enter_full_F1_independent_reQC	file_format_only	file_format_and_public_processing_boundary	full-stream numeric/structure audit passed; per-cell nCount showed no preregistered normalization artifact; row/column identities confirmed gene-by-cell orientation; all 26571 archived feature rows remain unchanged; one per-sample min.cells=3 working feature space was built and nCount, nFeature, percent.mt and percent.HB were recalculated there; the fixed source-aligned plus project QC rule was fully evaluable; the frozen globin panel was applied by exact gene matching; sparse right-skew evidence was present; processed manifest and GEO sample mapping matched; working_features=21683; source_rule_pass=12463; final_fixed_QC_pass=12065; pilot=not_applicable	true	false	false	match	Rows detected in fewer than three cells remain in the immutable archived matrix; they are excluded only from this sample's QC working feature space and are not labeled as a provenance mismatch.
GSE183904	GSM5573500_sample35.csv.gz	GSM5573500	sample35	data/processed_input/GSE183904/GSM5573500_sample35.csv.gz	data/public_downloads/GSE183904_RAW.tar	true	csv	true	gene_by_cell	pass_gene_by_cell	first_header_blank=true; column_barcode_pattern=10x_16nt_barcode_with_numeric_suffix; row_gene_name_issue_count=0; row_label_cell_barcode_like_count=0; rows=26571; columns=8388	26571	8388	8389	|AAACCCAAGAAGTATC_32|AAACCCACAACCGCTG_32|AAACCCACAAGCGAAC_32|AAACCCACAAGGCCTC_32|AAACCCACACAAATGA_32	AL627309.1|AL669831.5|FAM87B|LINC00115|FAM41C	gene_symbol_or_ensembl_like_name	cell_barcode	true	gene_symbol_or_ensembl_like_name	0	0	10x_16nt_barcode_with_numeric_suffix	32|32|32|32|32	0	0	0	full_stream	numpy_fromstring_with_exact_anomaly_fallback	222877548	1	0	0	0	0	0	0	10285	false	214956349	0.964459412484	1064	1695	2492	5175	29776	3	5952	533	803	7288	AL627309.1:2|PERM1:1|AL645608.2:0|LINC01342:1|TTLL10-AS1:0|AL391244.2:0|LINC01770:0|CALML6:2|PRKCZ-AS1:2|CAMTA1-DT:0	19283	pass	working_rule=feature_detected_in_at_least_3_cells; detected_in_0=5952; detected_in_1=533; detected_in_2=803; below_3=7288	1064	1694.75	2492	5175	29774	499	617	794	1075	5263	0.604513702311	6.36993098003	10.7604269739	15.186604638	19.9918951776	0	0	0	0	17.3519736842	2	0	0	0	4	2	8386	0	4	6	8382	pass	fixed_rule=500<=nFeature<6000,nCount>1000,percent.mt<=20,percent.HB<5; source_rules=nFeature_and_percent.mt; project_rules=nCount_and_percent.HB; source_pass=8386; additional_nCount_fail=0; additional_percent.HB_fail=4; final_pass=8382	false	not_applicable	Frozen regression target applies only to GSM5573466_sample1.csv.gz.	4568	1.39646869984	11.5216693419	0	10000	0.00345731998093	within_preregistered_review_boundaries	consistent_with_sparse_right_skew	status=consistent_with_sparse_right_skew; zero_value_rate=0.964459; gene_mean_le_0.01_fraction=0.569568; gene_mean_le_0.1_fraction=0.893606; gene_mean_Q1=0.000238436; gene_mean_median=0.00500715; gene_mean_Q3=0.0349309; gene_mean_mean=0.14486; gene_mean_max=491.312; max_to_median=98122	false	trigger=none; distinct=4568; relative_iqr=1.39647; relative_range=11.5217; dominant_round_fraction=0; best_fixed_target=10000; best_fixed_target_fraction=0.00345732	13	MT-ND1|MT-ND2|MT-CO1|MT-CO2|MT-ATP8|MT-ATP6|MT-CO3|MT-ND3	13	MT-ND1|MT-ND2|MT-CO1|MT-CO2|MT-ATP8|MT-ATP6|MT-CO3|MT-ND3	HBA1|HBA2|HBB|HBD|HBE1|HBG1|HBG2|HBM|HBQ1|HBZ	HBA1|HBA2|HBB|HBD|HBG1|HBG2|HBM|HBQ1|HBZ	HBE1	HBA1|HBA2|HBB|HBD	HBG1|HBG2|HBM|HBQ1|HBZ	HBEGF|HBP1|HBS1L	4C6F6F498A174A0D0DFA4D1272802C937EC779E2B33EF4A6D2D974EC93719EC3	nonnegative_integer_count_like	public_input_shape_verified_fixed_QC_recalculated_processing_history_pending_F0_step3	public_called_cell_raw_gene_count_matrix	30.85	match	not_compared_definition_changed_to_frozen_exact_globin_panel	enter_full_F1_candidate	enter_full_F1_independent_reQC	file_format_only	file_format_and_public_processing_boundary	full-stream numeric/structure audit passed; per-cell nCount showed no preregistered normalization artifact; row/column identities confirmed gene-by-cell orientation; all 26571 archived feature rows remain unchanged; one per-sample min.cells=3 working feature space was built and nCount, nFeature, percent.mt and percent.HB were recalculated there; the fixed source-aligned plus project QC rule was fully evaluable; the frozen globin panel was applied by exact gene matching; sparse right-skew evidence was present; processed manifest and GEO sample mapping matched; working_features=19283; source_rule_pass=8386; final_fixed_QC_pass=8382; pilot=not_applicable	true	false	false	match	Rows detected in fewer than three cells remain in the immutable archived matrix; they are excluded only from this sample's QC working feature space and are not labeled as a provenance mismatch.
GSE183904	GSM5573501_sample36.csv.gz	GSM5573501	sample36	data/processed_input/GSE183904/GSM5573501_sample36.csv.gz	data/public_downloads/GSE183904_RAW.tar	true	csv	true	gene_by_cell	pass_gene_by_cell	first_header_blank=true; column_barcode_pattern=10x_16nt_barcode_with_numeric_suffix; row_gene_name_issue_count=0; row_label_cell_barcode_like_count=0; rows=26571; columns=3363	26571	3363	3364	|AAACCCACAGTGTGCC_33|AAACCCACATAGATGA_33|AAACCCATCACGGGAA_33|AAACGAAAGAGCAGCT_33|AAACGAAAGGTCACCC_33	AL627309.1|AL669831.5|FAM87B|LINC00115|FAM41C	gene_symbol_or_ensembl_like_name	cell_barcode	true	gene_symbol_or_ensembl_like_name	0	0	10x_16nt_barcode_with_numeric_suffix	33|33|33|33|33	0	0	0	full_stream	numpy_fromstring_with_exact_anomaly_fallback	89358273	1	0	0	0	0	0	0	36824	false	83568643	0.935208797063	743	3475.5	5097	7813.5	75660	3	7214	456	608	8278	FAM87B:0|AL645608.3:1|AL645608.1:1|PERM1:0|AL645608.2:0|LINC01342:2|TTLL10-AS1:0|AL391244.2:0|LINC01770:0|CALML6:0	18293	pass	working_rule=feature_detected_in_at_least_3_cells; detected_in_0=7214; detected_in_1=456; detected_in_2=608; below_3=8278	743	3475	5097	7813.5	75659	499	936.5	1608	2079	5959	0	2.31378463298	4.35	6.62147875952	19.9874095058	0	0	0	0	12.5364431487	1	0	57	0	2	1	3362	56	2	59	3304	pass	fixed_rule=500<=nFeature<6000,nCount>1000,percent.mt<=20,percent.HB<5; source_rules=nFeature_and_percent.mt; project_rules=nCount_and_percent.HB; source_pass=3362; additional_nCount_fail=56; additional_percent.HB_fail=2; final_pass=3304	false	not_applicable	Frozen regression target applies only to GSM5573466_sample1.csv.gz.	2922	0.851088875809	14.6982538748	0	10000	0.0035682426405	within_preregistered_review_boundaries	consistent_with_sparse_right_skew	status=consistent_with_sparse_right_skew; zero_value_rate=0.935209; gene_mean_le_0.01_fraction=0.506379; gene_mean_le_0.1_fraction=0.759625; gene_mean_Q1=0; gene_mean_median=0.00921796; gene_mean_Q3=0.0935177; gene_mean_mean=0.310834; gene_mean_max=916.53; max_to_median=99428.7	false	trigger=none; distinct=2922; relative_iqr=0.851089; relative_range=14.6983; dominant_round_fraction=0; best_fixed_target=10000; best_fixed_target_fraction=0.00356824	13	MT-ND1|MT-ND2|MT-CO1|MT-CO2|MT-ATP8|MT-ATP6|MT-CO3|MT-ND3	13	MT-ND1|MT-ND2|MT-CO1|MT-CO2|MT-ATP8|MT-ATP6|MT-CO3|MT-ND3	HBA1|HBA2|HBB|HBD|HBE1|HBG1|HBG2|HBM|HBQ1|HBZ	HBA1|HBA2|HBB|HBD|HBG1|HBG2|HBM|HBQ1|HBZ	HBE1	HBA1|HBA2|HBB|HBD	HBG1|HBG2|HBM|HBQ1|HBZ	HBEGF|HBP1|HBS1L	4C6F6F498A174A0D0DFA4D1272802C937EC779E2B33EF4A6D2D974EC93719EC3	nonnegative_integer_count_like	public_input_shape_verified_fixed_QC_recalculated_processing_history_pending_F0_step3	public_called_cell_raw_gene_count_matrix	7.45	match	not_compared_definition_changed_to_frozen_exact_globin_panel	enter_full_F1_candidate	enter_full_F1_independent_reQC	file_format_only	file_format_and_public_processing_boundary	full-stream numeric/structure audit passed; per-cell nCount showed no preregistered normalization artifact; row/column identities confirmed gene-by-cell orientation; all 26571 archived feature rows remain unchanged; one per-sample min.cells=3 working feature space was built and nCount, nFeature, percent.mt and percent.HB were recalculated there; the fixed source-aligned plus project QC rule was fully evaluable; the frozen globin panel was applied by exact gene matching; sparse right-skew evidence was present; processed manifest and GEO sample mapping matched; working_features=18293; source_rule_pass=3362; final_fixed_QC_pass=3304; pilot=not_applicable	true	false	false	match	Rows detected in fewer than three cells remain in the immutable archived matrix; they are excluded only from this sample's QC working feature space and are not labeled as a provenance mismatch.
GSE183904	GSM5573502_sample37.csv.gz	GSM5573502	sample37	data/processed_input/GSE183904/GSM5573502_sample37.csv.gz	data/public_downloads/GSE183904_RAW.tar	true	csv	true	gene_by_cell	pass_gene_by_cell	first_header_blank=true; column_barcode_pattern=10x_16nt_barcode_with_numeric_suffix; row_gene_name_issue_count=0; row_label_cell_barcode_like_count=0; rows=26571; columns=186	26571	186	187	|AAAGGTAGTGCACAAG_34|AAAGTGAAGTAGCCAG_34|AACAACCGTTAAGAAC_34|AACCATGAGTCTCCTC_34|AACTTCTGTGCATTAC_34	AL627309.1|AL669831.5|FAM87B|LINC00115|FAM41C	gene_symbol_or_ensembl_like_name	cell_barcode	true	gene_symbol_or_ensembl_like_name	0	0	10x_16nt_barcode_with_numeric_suffix	34|34|34|34|34	0	0	0	full_stream	numpy_fromstring_with_exact_anomaly_fallback	4942206	1	0	0	0	0	0	0	30127	false	4476963	0.905863292627	799	1292.5	7018.5	18915.25	61327	3	11046	652	825	12523	AL627309.1:0|FAM87B:0|AL645608.3:0|AL645608.1:0|PERM1:0|AL645608.2:0|RNF223:0|LINC01342:0|AL390719.2:0|TTLL10-AS1:0	14048	pass	working_rule=feature_detected_in_at_least_3_cells; detected_in_0=11046; detected_in_1=652; detected_in_2=825; below_3=12523	798	1289.5	6999.5	18890	61296	496	660.5	2159.5	4290.25	5914	0	2.14661393251	3.68687423401	5.94834423534	17.0539582513	0	0	0	0.00150993537477	6.65362035225	1	0	13	0	1	1	185	12	1	14	172	pass	fixed_rule=500<=nFeature<6000,nCount>1000,percent.mt<=20,percent.HB<5; source_rules=nFeature_and_percent.mt; project_rules=nCount_and_percent.HB; source_pass=185; additional_nCount_fail=12; additional_percent.HB_fail=1; final_pass=172	false	not_applicable	Frozen regression target applies only to GSM5573466_sample1.csv.gz.	185	2.51089976491	8.62406497115	0	1000	0	within_preregistered_review_boundaries	consistent_with_sparse_right_skew	status=consistent_with_sparse_right_skew; zero_value_rate=0.905863; gene_mean_le_0.01_fraction=0.437846; gene_mean_le_0.1_fraction=0.644048; gene_mean_Q1=0; gene_mean_median=0.0215054; gene_mean_Q3=0.209677; gene_mean_mean=0.444899; gene_mean_max=573.871; max_to_median=26685	false	trigger=none; distinct=185; relative_iqr=2.5109; relative_range=8.62406; dominant_round_fraction=0; best_fixed_target=1000; best_fixed_target_fraction=0	13	MT-ND1|MT-ND2|MT-CO1|MT-CO2|MT-ATP8|MT-ATP6|MT-CO3|MT-ND3	13	MT-ND1|MT-ND2|MT-CO1|MT-CO2|MT-ATP8|MT-ATP6|MT-CO3|MT-ND3	HBA1|HBA2|HBB|HBD|HBE1|HBG1|HBG2|HBM|HBQ1|HBZ	HBA1|HBA2|HBB|HBD|HBG1|HBG2|HBM|HBQ1|HBZ	HBE1	HBA1|HBA2|HBB	HBD|HBG1|HBG2|HBM|HBQ1|HBZ	HBEGF|HBP1|HBS1L	4C6F6F498A174A0D0DFA4D1272802C937EC779E2B33EF4A6D2D974EC93719EC3	nonnegative_integer_count_like	public_input_shape_verified_fixed_QC_recalculated_processing_history_pending_F0_step3	public_called_cell_raw_gene_count_matrix	0.85	match	not_compared_definition_changed_to_frozen_exact_globin_panel	enter_full_F1_candidate	enter_full_F1_independent_reQC	file_format_only	file_format_and_public_processing_boundary	full-stream numeric/structure audit passed; per-cell nCount showed no preregistered normalization artifact; row/column identities confirmed gene-by-cell orientation; all 26571 archived feature rows remain unchanged; one per-sample min.cells=3 working feature space was built and nCount, nFeature, percent.mt and percent.HB were recalculated there; the fixed source-aligned plus project QC rule was fully evaluable; the frozen globin panel was applied by exact gene matching; sparse right-skew evidence was present; processed manifest and GEO sample mapping matched; working_features=14048; source_rule_pass=185; final_fixed_QC_pass=172; pilot=not_applicable	true	false	false	match	Rows detected in fewer than three cells remain in the immutable archived matrix; they are excluded only from this sample's QC working feature space and are not labeled as a provenance mismatch.
GSE183904	GSM5573503_sample38.csv.gz	GSM5573503	sample38	data/processed_input/GSE183904/GSM5573503_sample38.csv.gz	data/public_downloads/GSE183904_RAW.tar	true	csv	true	gene_by_cell	pass_gene_by_cell	first_header_blank=true; column_barcode_pattern=10x_16nt_barcode_with_numeric_suffix; row_gene_name_issue_count=0; row_label_cell_barcode_like_count=0; rows=26571; columns=1677	26571	1677	1678	|AAACCCAGTAACGGTG_35|AAACGAACATGTTCGA_35|AAACGCTAGAGAGCAA_35|AAAGAACAGTTAGTGA_35|AAAGAACGTGTTCGAT_35	AL627309.1|AL669831.5|FAM87B|LINC00115|FAM41C	gene_symbol_or_ensembl_like_name	cell_barcode	true	gene_symbol_or_ensembl_like_name	0	0	10x_16nt_barcode_with_numeric_suffix	35|35|35|35|35	0	0	0	full_stream	numpy_fromstring_with_exact_anomaly_fallback	44559567	1	0	0	0	0	0	0	10630	false	40459107	0.907978010648	692	2601	6286	15613	41936	3	6516	772	778	8066	FAM41C:0|AL645608.2:0|LINC01342:0|TTLL10-AS1:0|AL391244.2:0|LINC01770:0|AL109917.1:1|CALML6:2|AL008733.1:0|AL512413.1:0	18505	pass	working_rule=feature_detected_in_at_least_3_cells; detected_in_0=6516; detected_in_1=772; detected_in_2=778; below_3=8066	692	2600	6284	15610	41933	500	1119	2104	3702	5990	0.0152149106124	4.8417132216	6.46758922068	8.83864337102	19.9074074074	0	0	0	0	15.7211538462	0	0	56	0	4	0	1677	56	4	60	1617	pass	fixed_rule=500<=nFeature<6000,nCount>1000,percent.mt<=20,percent.HB<5; source_rules=nFeature_and_percent.mt; project_rules=nCount_and_percent.HB; source_pass=1677; additional_nCount_fail=56; additional_percent.HB_fail=4; final_pass=1617	false	not_applicable	Frozen regression target applies only to GSM5573466_sample1.csv.gz.	1591	2.06999681833	6.56124721604	0	10000	0.00536672629696	within_preregistered_review_boundaries	consistent_with_sparse_right_skew	status=consistent_with_sparse_right_skew; zero_value_rate=0.907978; gene_mean_le_0.01_fraction=0.442249; gene_mean_le_0.1_fraction=0.675963; gene_mean_Q1=0.000596303; gene_mean_median=0.0202743; gene_mean_Q3=0.162194; gene_mean_mean=0.375907; gene_mean_max=374.444; max_to_median=18468.9	false	trigger=none; distinct=1591; relative_iqr=2.07; relative_range=6.56125; dominant_round_fraction=0; best_fixed_target=10000; best_fixed_target_fraction=0.00536673	13	MT-ND1|MT-ND2|MT-CO1|MT-CO2|MT-ATP8|MT-ATP6|MT-CO3|MT-ND3	13	MT-ND1|MT-ND2|MT-CO1|MT-CO2|MT-ATP8|MT-ATP6|MT-CO3|MT-ND3	HBA1|HBA2|HBB|HBD|HBE1|HBG1|HBG2|HBM|HBQ1|HBZ	HBA1|HBA2|HBB|HBD|HBG1|HBG2|HBM|HBQ1|HBZ	HBE1	HBA1|HBA2|HBB	HBD|HBG1|HBG2|HBM|HBQ1|HBZ	HBEGF|HBP1|HBS1L	4C6F6F498A174A0D0DFA4D1272802C937EC779E2B33EF4A6D2D974EC93719EC3	nonnegative_integer_count_like	public_input_shape_verified_fixed_QC_recalculated_processing_history_pending_F0_step3	public_called_cell_raw_gene_count_matrix	3.87	match	not_compared_definition_changed_to_frozen_exact_globin_panel	enter_full_F1_candidate	enter_full_F1_independent_reQC	file_format_only	file_format_and_public_processing_boundary	full-stream numeric/structure audit passed; per-cell nCount showed no preregistered normalization artifact; row/column identities confirmed gene-by-cell orientation; all 26571 archived feature rows remain unchanged; one per-sample min.cells=3 working feature space was built and nCount, nFeature, percent.mt and percent.HB were recalculated there; the fixed source-aligned plus project QC rule was fully evaluable; the frozen globin panel was applied by exact gene matching; sparse right-skew evidence was present; processed manifest and GEO sample mapping matched; working_features=18505; source_rule_pass=1677; final_fixed_QC_pass=1617; pilot=not_applicable	true	false	false	match	Rows detected in fewer than three cells remain in the immutable archived matrix; they are excluded only from this sample's QC working feature space and are not labeled as a provenance mismatch.
GSE183904	GSM5573504_sample39.csv.gz	GSM5573504	sample39	data/processed_input/GSE183904/GSM5573504_sample39.csv.gz	data/public_downloads/GSE183904_RAW.tar	true	csv	true	gene_by_cell	pass_gene_by_cell	first_header_blank=true; column_barcode_pattern=10x_16nt_barcode_with_numeric_suffix; row_gene_name_issue_count=0; row_label_cell_barcode_like_count=0; rows=26571; columns=5369	26571	5369	5370	|AAACCTGAGACGCAAC.1_39|AAACCTGAGTATTGGA.1_39|AAACCTGCACGGTAGA.1_39|AAACCTGCAGGTGCCT.1_39|AAACCTGCATGCAATC.1_39	AL627309.1|AL669831.5|FAM87B|LINC00115|FAM41C	gene_symbol_or_ensembl_like_name	cell_barcode	true	gene_symbol_or_ensembl_like_name	0	0	10x_16nt_barcode_with_numeric_suffix	39|39|39|39|39	0	0	0	full_stream	numpy_fromstring_with_exact_anomaly_fallback	142659699	1	0	0	0	0	0	0	13613	false	134895646	0.945576409775	680	2056	5019	9331	48391	3	6737	237	449	7423	AL627309.1:2|FAM41C:0|AL645608.3:0|PERM1:2|LINC01342:0|TTLL10-AS1:0|AL391244.2:0|FO704657.1:1|AL109917.1:2|CALML6:0	19148	pass	working_rule=feature_detected_in_at_least_3_cells; detected_in_0=6737; detected_in_1=237; detected_in_2=449; below_3=7423	680	2056	5019	9331	48391	499	846	1180	1644	5955	0.0585480093677	2.64248704663	5.32075911049	8.4115459536	19.9841080652	0	0	0	0	5.93047034765	2	0	240	0	2	2	5367	238	1	241	5128	pass	fixed_rule=500<=nFeature<6000,nCount>1000,percent.mt<=20,percent.HB<5; source_rules=nFeature_and_percent.mt; project_rules=nCount_and_percent.HB; source_pass=5367; additional_nCount_fail=238; additional_percent.HB_fail=1; final_pass=5128	false	not_applicable	Frozen regression target applies only to GSM5573466_sample1.csv.gz.	4278	1.44949193066	9.50607690775	0	10000	0.0121065375303	within_preregistered_review_boundaries	consistent_with_sparse_right_skew	status=consistent_with_sparse_right_skew; zero_value_rate=0.945576; gene_mean_le_0.01_fraction=0.509126; gene_mean_le_0.1_fraction=0.793986; gene_mean_Q1=0; gene_mean_median=0.00894021; gene_mean_Q3=0.0748743; gene_mean_mean=0.247748; gene_mean_max=289.298; max_to_median=32359.2	false	trigger=none; distinct=4278; relative_iqr=1.44949; relative_range=9.50608; dominant_round_fraction=0; best_fixed_target=10000; best_fixed_target_fraction=0.0121065	13	MT-ND1|MT-ND2|MT-CO1|MT-CO2|MT-ATP8|MT-ATP6|MT-CO3|MT-ND3	13	MT-ND1|MT-ND2|MT-CO1|MT-CO2|MT-ATP8|MT-ATP6|MT-CO3|MT-ND3	HBA1|HBA2|HBB|HBD|HBE1|HBG1|HBG2|HBM|HBQ1|HBZ	HBA1|HBA2|HBB|HBD|HBG1|HBG2|HBM|HBQ1|HBZ	HBE1	HBA1|HBA2|HBB|HBD	HBG1|HBG2|HBM|HBQ1|HBZ	HBEGF|HBP1|HBS1L	4C6F6F498A174A0D0DFA4D1272802C937EC779E2B33EF4A6D2D974EC93719EC3	nonnegative_integer_count_like	public_input_shape_verified_fixed_QC_recalculated_processing_history_pending_F0_step3	public_called_cell_raw_gene_count_matrix	11.29	match	not_compared_definition_changed_to_frozen_exact_globin_panel	enter_full_F1_candidate	enter_full_F1_independent_reQC	file_format_only	file_format_and_public_processing_boundary	full-stream numeric/structure audit passed; per-cell nCount showed no preregistered normalization artifact; row/column identities confirmed gene-by-cell orientation; all 26571 archived feature rows remain unchanged; one per-sample min.cells=3 working feature space was built and nCount, nFeature, percent.mt and percent.HB were recalculated there; the fixed source-aligned plus project QC rule was fully evaluable; the frozen globin panel was applied by exact gene matching; sparse right-skew evidence was present; processed manifest and GEO sample mapping matched; working_features=19148; source_rule_pass=5367; final_fixed_QC_pass=5128; pilot=not_applicable	true	false	false	match	Rows detected in fewer than three cells remain in the immutable archived matrix; they are excluded only from this sample's QC working feature space and are not labeled as a provenance mismatch.
GSE183904	GSM5573505_sample40.csv.gz	GSM5573505	sample40	data/processed_input/GSE183904/GSM5573505_sample40.csv.gz	data/public_downloads/GSE183904_RAW.tar	true	csv	true	gene_by_cell	pass_gene_by_cell	first_header_blank=true; column_barcode_pattern=10x_16nt_barcode_with_numeric_suffix; row_gene_name_issue_count=0; row_label_cell_barcode_like_count=0; rows=26571; columns=5077	26571	5077	5078	|AAACCCAAGGCCTTCG.1_40|AAACCCAGTACATACC.1_40|AAACCCAGTCCGATCG.1_40|AAACCCAGTGAATAAC.1_40|AAACCCAGTTGTAAAG.1_40	AL627309.1|AL669831.5|FAM87B|LINC00115|FAM41C	gene_symbol_or_ensembl_like_name	cell_barcode	true	gene_symbol_or_ensembl_like_name	0	0	10x_16nt_barcode_with_numeric_suffix	40|40|40|40|40	0	0	0	full_stream	numpy_fromstring_with_exact_anomaly_fallback	134900967	1	0	0	0	0	0	0	27702	false	126767621	0.939708764282	703	2188	3694	6972	57688	3	6815	131	384	7330	AL645608.3:0|AL645608.2:0|LINC01342:0|TTLL10-AS1:0|AL391244.2:0|LINC01770:0|CALML6:0|AL008733.1:0|AL512413.1:0|CENPS-CORT:0	19241	pass	working_rule=feature_detected_in_at_least_3_cells; detected_in_0=6815; detected_in_1=131; detected_in_2=384; below_3=7330	703	2188	3694	6972	57688	500	864	1260	1991	5992	0	5.70061287885	8.13043478261	11.1988747024	19.9941193767	0	0	0	0	18.0734614449	0	0	116	0	1	0	5077	116	1	117	4960	pass	fixed_rule=500<=nFeature<6000,nCount>1000,percent.mt<=20,percent.HB<5; source_rules=nFeature_and_percent.mt; project_rules=nCount_and_percent.HB; source_pass=5077; additional_nCount_fail=116; additional_percent.HB_fail=1; final_pass=4960	false	not_applicable	Frozen regression target applies only to GSM5573466_sample1.csv.gz.	3918	1.2950730915	15.4263670818	0	10000	0.00531810124089	within_preregistered_review_boundaries	consistent_with_sparse_right_skew	status=consistent_with_sparse_right_skew; zero_value_rate=0.939709; gene_mean_le_0.01_fraction=0.505589; gene_mean_le_0.1_fraction=0.771593; gene_mean_Q1=0; gene_mean_median=0.00925744; gene_mean_Q3=0.0860745; gene_mean_mean=0.211787; gene_mean_max=311.364; max_to_median=33633.9	false	trigger=none; distinct=3918; relative_iqr=1.29507; relative_range=15.4264; dominant_round_fraction=0; best_fixed_target=10000; best_fixed_target_fraction=0.0053181	13	MT-ND1|MT-ND2|MT-CO1|MT-CO2|MT-ATP8|MT-ATP6|MT-CO3|MT-ND3	13	MT-ND1|MT-ND2|MT-CO1|MT-CO2|MT-ATP8|MT-ATP6|MT-CO3|MT-ND3	HBA1|HBA2|HBB|HBD|HBE1|HBG1|HBG2|HBM|HBQ1|HBZ	HBA1|HBA2|HBB|HBD|HBG1|HBG2|HBM|HBQ1|HBZ	HBE1	HBA1|HBA2|HBB|HBD|HBZ	HBG1|HBG2|HBM|HBQ1	HBEGF|HBP1|HBS1L	4C6F6F498A174A0D0DFA4D1272802C937EC779E2B33EF4A6D2D974EC93719EC3	nonnegative_integer_count_like	public_input_shape_verified_fixed_QC_recalculated_processing_history_pending_F0_step3	public_called_cell_raw_gene_count_matrix	11.11	match	not_compared_definition_changed_to_frozen_exact_globin_panel	enter_full_F1_candidate	enter_full_F1_independent_reQC	file_format_only	file_format_and_public_processing_boundary	full-stream numeric/structure audit passed; per-cell nCount showed no preregistered normalization artifact; row/column identities confirmed gene-by-cell orientation; all 26571 archived feature rows remain unchanged; one per-sample min.cells=3 working feature space was built and nCount, nFeature, percent.mt and percent.HB were recalculated there; the fixed source-aligned plus project QC rule was fully evaluable; the frozen globin panel was applied by exact gene matching; sparse right-skew evidence was present; processed manifest and GEO sample mapping matched; working_features=19241; source_rule_pass=5077; final_fixed_QC_pass=4960; pilot=not_applicable	true	false	false	match	Rows detected in fewer than three cells remain in the immutable archived matrix; they are excluded only from this sample's QC working feature space and are not labeled as a provenance mismatch.
