sample_id	cluster	cell_type_major	cell_type_minor	cell_state	n_cells	contamination_median	contamination_P90	raw_total_counts	corrected_total_counts	top_marker_genes_expected	raw_top_marker_detected_pairs	corrected_top_marker_detected_pairs	top_marker_cell_pairs	raw_top_marker_count_sum	corrected_top_marker_count_sum	top_marker_detection_retention	top_marker_count_retention	total_count_retention
sample27	8	B/Plasma	IGHG_high_plasma	IGHG_high_antibody_secreting	87	0.999942447402894	0.999988171504715	579245	229141.916560732	30	574	574	2610	16866	16243.9227462997	1	0.963116491539174	0.395587215359187
sample22	5	Fibroblast/CAF	LUM_DCN_PDGFRA_fibroblast	CCL11_CXCL14_stromal_program	10	0.999480993202432	0.999842659061103	42720	17553.4441995916	30	7	7	300	267	266.996650286316	1	0.999987454255863	0.41089522939119
sample34	8	B/Plasma	IGHG_high_plasma	IGHG_high_antibody_secreting	157	0.999353402227882	0.999913344256254	759032	190768.24299955	30	1251	1251	4710	74254	71585.3963500975	1	0.964061146202191	0.251330962330376
sample22	3	Epithelial	Gastric_or_intestinal_like_epithelial_malignancy_pending_CNV	mixed_gastric_and_intestinal_program	25	0.999013520723998	0.999811061036228	136129	54841.5313520169	30	48	48	750	1245	1234.03217996648	1	0.991190505997171	0.402864425302595
sample14	8	B/Plasma	IGHG_high_plasma	IGHG_high_antibody_secreting	83	0.996944456358333	0.999798600045701	271701	142060.877229069	30	653	653	2490	69152	68916.3979309558	1	0.996592982573979	0.522857395552719
sample16	16	Epithelial	Mucous_neck_chief_like_epithelial	MUC6_TFF2_glandular_secretory	7	0.981080928802085	0.991109211300865	67223	57793.7727090028	30	18	18	210	204	96.8755464189811	1	0.474880129504809	0.859732126043211
sample24	18	B/Plasma	B_or_plasma_like_stress_high	stress_high_likely_dissociation_associated	32	0.946565102245672	0.998925967500853	73068	37897.0516371431	30	802	802	960	10256	5159.37828285603	1	0.503059504958662	0.518654563381277
sample20	4	B/Plasma	JCHAIN_TNFRSF17_plasma	antibody_secreting	11	0.868744602002755	0.885757289373044	126440	52285.8316887276	30	76	76	330	5213	5200.65832144981	1	0.997632518981357	0.413522870046881
sample35	24	T/NK	Cycling_T_cell	cycling	18	0.753191970444425	0.996160821375513	58185	36704.94155757	30	92	92	540	159	133.012810622553	1	0.83655855737455	0.630831684412994
sample22	12	B/Plasma	Conventional_B_cell	B_cell	18	0.730606527787709	0.940307136710304	102389	63478.4209820406	30	108	108	540	848	797.655241723212	1	0.940631181277372	0.619973053570605
sample35	11	Myeloid	C1Q_FOLR2_TREM2_macrophage	C1Q_FOLR2_TREM2_TAM_like	244	0.592792295114156	0.901806292763428	572702	331560.762636837	30	1578	1578	7320	5929	5901.38356673859	1	0.995342143150378	0.578941164229978
sample35	13	Myeloid	FCN1_S100A8_A9_inflammatory_monocyte	inflammatory	102	0.566437128223126	0.954549943923925	229173	131047.957727745	30	649	649	3060	2025	1989.8956909617	1	0.982664538746517	0.571829830423935
sample35	12	B/Plasma	Conventional_B_cell	B_cell	76	0.539005778615801	0.938391442621628	151808	74582.8124171726	30	397	397	2280	591	508.880714800578	1	0.861050278850385	0.491296983144318
sample35	20	Myeloid	CD1C_FCER1A_dendritic_cell	antigen_presentation_LAMP3_IDO1	72	0.520069353663936	0.797632375855242	159570	107654.986985432	30	653	653	2160	3313	3243.29407978202	1	0.978959879197711	0.67465680883269
sample23	14	B/Plasma	IGHA_high_plasma	IGHA_high_antibody_secreting	70	0.517734815743575	0.573929585788633	199707	153080.526327922	30	587	587	2100	61247	60358.7186120807	1	0.985496736363915	0.766525591631349
sample9	3	Epithelial	Gastric_or_intestinal_like_epithelial_malignancy_pending_CNV	mixed_gastric_and_intestinal_program	615	0.499414100423327	0.899859365608529	3831009	1934135.06418576	30	7168	7168	18450	117425	110620.688679719	1	0.942053980666121	0.504863095906526
sample13	21	Epithelial	Enteroendocrine_epithelial	neuroendocrine_secretory	11	0.490152050278089	0.799098728314528	80129	63044.5430571465	30	144	144	330	1641	1638.69421932764	1	0.998594892947982	0.786788092415312
sample28	14	B/Plasma	IGHA_high_plasma	IGHA_high_antibody_secreting	507	0.487986482804462	0.999948705075254	6585765	3755078.18764753	30	9341	9341	15210	1032253	706106.72480863	1	0.684044245750441	0.570181017337778
sample22	16	Epithelial	Mucous_neck_chief_like_epithelial	MUC6_TFF2_glandular_secretory	16	0.461828953796077	0.998948190980834	71327	48185.6751179141	30	14	14	480	135	2.0161513942523	1	0.0149344547722393	0.67556009811031
sample35	9	Epithelial	Pit_surface_mucous_like_epithelial	MUC5AC_CYP3A5_CLDN4_high	348	0.455629265366147	0.828195831738114	929918	630648.711127798	30	1550	1550	10440	2836	2319.50158120335	1	0.817877849507528	0.678176689910076
sample35	3	Epithelial	Gastric_or_intestinal_like_epithelial_malignancy_pending_CNV	mixed_gastric_and_intestinal_program	902	0.432523772088243	0.877812773161983	2558246	1698644.67530677	30	7639	7639	27060	45877	44937.6218097811	1	0.979523983908736	0.663988011827937
sample35	6	Endothelial/Pericyte	Vascular_endothelial	PLVAP_EMCN_high	472	0.425475700883942	0.795347742384225	1104106	749940.661838887	30	3502	3502	14160	8255	8240.32580042288	1	0.998222386483692	0.679228861937972
sample37	15	Endothelial/Pericyte	Pericyte_smooth_muscle_like	contractile	2	0.425073471023767	0.765109541772222	37851	36238.0347151795	30	1	1	60	2	1.99991188237948	1	0.999955941189739	0.957386455184261
sample35	10	T/NK	IFNG_CCL4_CD8_cytotoxic_T	IFNG_CCL4_TNF_high_activated	161	0.424317486662121	0.993765488105427	453942	258963.862850719	30	949	949	4830	3387	2831.42780268218	1	0.835969236103388	0.570477864684738
sample35	2	T/NK	CCR6_IL7R_CD4_like_T	activated_costimulatory_checkpoint_high	466	0.406790983607424	0.940385636542044	1067076	459501.140052279	30	2757	2757	13980	5153	4746.57554800283	1	0.921128575199463	0.430617069498591
sample36	8	B/Plasma	IGHG_high_plasma	IGHG_high_antibody_secreting	154	0.393798137103913	0.999632662683021	2338711	1434270.25891459	30	2995	2995	4620	1140423	934260.03374417	1	0.819222370773099	0.613273832856897
sample35	17	Mast	Mast_cell	mast_cell	41	0.392088432174146	0.846191423310748	73529	39925.1209237914	30	317	317	1230	1363	1351.97785835552	1	0.991913322344476	0.542984685277801
sample35	16	Epithelial	Mucous_neck_chief_like_epithelial	MUC6_TFF2_glandular_secretory	237	0.368547666725225	0.75464639667722	680110	520554.417534086	30	2565	2565	7110	25169	22971.6075768439	1	0.912694488332625	0.76539738797266
sample20	9	Epithelial	Pit_surface_mucous_like_epithelial	MUC5AC_CYP3A5_CLDN4_high	52	0.340736973774999	0.832306612780632	123519	84334.5365937968	30	195	195	1560	453	438.890346662251	1	0.968852862389074	0.682765700773134
sample34	19	Epithelial	Chief_like_epithelial	metallothionein_high	31	0.289552919285695	0.845889557719211	170041	112995.510647489	30	148	148	930	1613	1465.93783115731	1	0.908826925701987	0.66451920799977
sample8	8	B/Plasma	IGHG_high_plasma	IGHG_high_antibody_secreting	82	0.248660448739182	0.818030686962321	213216	116823.844871863	30	183	183	2460	1073	930.331913520401	1	0.867038130028333	0.547913125055639
sample28	8	B/Plasma	IGHG_high_plasma	IGHG_high_antibody_secreting	559	0.237133707329029	0.999815047525479	7255450	4870526.65552778	30	11071	11071	16770	767776	608372.173529312	1	0.792382379143542	0.671292153557364
sample35	21	Epithelial	Enteroendocrine_epithelial	neuroendocrine_secretory	146	0.235724225930342	0.749679607522133	488144	387605.757675867	30	1517	1517	4380	102056	102040.690007233	1	0.999849984393209	0.79403978677576
sample35	19	Epithelial	Chief_like_epithelial	metallothionein_high	356	0.221566494977469	0.643857333586962	1363380	1159017.00501877	30	6673	6673	10680	450444	447632.78379033	1	0.993759010643564	0.85010562353766
sample22	13	Myeloid	FCN1_S100A8_A9_inflammatory_monocyte	inflammatory	86	0.219654517714794	0.657246488285075	486068	360306.4306447	30	1734	1734	2580	35030	32939.7889674373	1	0.940330829786962	0.741267540024647
sample34	14	B/Plasma	IGHA_high_plasma	IGHA_high_antibody_secreting	100	0.210133160900017	0.787064679080717	757038	538738.76900032	30	1065	1065	3000	91496	89965.3033469333	1	0.983270343478767	0.711640325849323
sample15	14	B/Plasma	IGHA_high_plasma	IGHA_high_antibody_secreting	223	0.209511800601682	0.974136786098517	2749561	1924579.87013852	30	3402	3402	6690	559827	524483.491323418	1	0.936867088088674	0.699958964408688
sample16	19	Epithelial	Chief_like_epithelial	metallothionein_high	4	0.185490402252465	0.53339906337397	51748	48495.6905837301	30	21	21	120	1410	1393.68117468144	1	0.988426365022298	0.937151012285115
sample38	5	Fibroblast/CAF	LUM_DCN_PDGFRA_fibroblast	CCL11_CXCL14_stromal_program	163	0.175272068857527	0.610336263403307	2477273	1721525.64104549	30	1841	1841	4890	20395	19586.9498191904	1	0.96037998623145	0.694927705200632
sample38	16	Epithelial	Mucous_neck_chief_like_epithelial	MUC6_TFF2_glandular_secretory	23	0.171053716425925	0.310034226550421	132423	117927.127226812	30	218	218	690	2389	2239.90841752275	1	0.937592472801487	0.890533572165044
sample18	18	B/Plasma	B_or_plasma_like_stress_high	stress_high_likely_dissociation_associated	146	0.16834297603843	0.864745729164831	459335	344505.675681266	30	3803	3803	4380	72373	58889.4594559597	1	0.813693773312695	0.750009634975052
sample17	9	Epithelial	Pit_surface_mucous_like_epithelial	MUC5AC_CYP3A5_CLDN4_high	192	0.164412036557521	0.999040139889222	794001	350665.548998893	30	1309	1309	5760	4750	4612.03783226773	1	0.970955333108996	0.441643712034233
sample2	8	B/Plasma	IGHG_high_plasma	IGHG_high_antibody_secreting	87	0.156765591068413	0.816212884459384	1017595	843006.190471331	30	1578	1578	2610	178588	167816.46180252	1	0.939684983327659	0.828429965233056
sample8	11	Myeloid	C1Q_FOLR2_TREM2_macrophage	C1Q_FOLR2_TREM2_TAM_like	201	0.148288149895539	0.557945829408141	912872	820228.645318324	30	2379	2379	6030	25790	25764.918908632	1	0.999027487732918	0.898514408721402
sample35	4	B/Plasma	JCHAIN_TNFRSF17_plasma	antibody_secreting	1558	0.147122380323199	0.645659543284388	7599169	6509438.31105466	30	19202	19202	46740	4499314	4229331.81755423	1	0.939994811998947	0.856598703233822
sample34	4	B/Plasma	JCHAIN_TNFRSF17_plasma	antibody_secreting	144	0.132679360658782	0.850754811078294	2043660	1374241.68539972	30	1993	1993	4320	423425	419611.553382651	1	0.990993808543781	0.672441445935096
sample36	18	B/Plasma	B_or_plasma_like_stress_high	stress_high_likely_dissociation_associated	82	0.131019234529837	0.762076177643843	814386	596406.572766378	30	2315	2315	2460	162529	134948.110171225	1	0.830301731821551	0.732338931128946
sample33	8	B/Plasma	IGHG_high_plasma	IGHG_high_antibody_secreting	166	0.129722198509462	0.895848089190627	2382958	2017254.89003563	30	3426	3426	4980	168162	160649.209306245	1	0.955324088118865	0.846533967462133
sample15	8	B/Plasma	IGHG_high_plasma	IGHG_high_antibody_secreting	339	0.128856928287145	0.86052229482211	5343867	4414400.67976803	30	7244	7244	10170	442308	405728.364776141	1	0.917298273547258	0.826068590361256
sample19	3	Epithelial	Gastric_or_intestinal_like_epithelial_malignancy_pending_CNV	mixed_gastric_and_intestinal_program	36	0.127556887408392	0.950317739217505	281325	211520.400059118	30	22	22	1080	404	395.027547714101	1	0.977790959688368	0.751872034334375
sample32	16	Epithelial	Mucous_neck_chief_like_epithelial	MUC6_TFF2_glandular_secretory	151	0.119906702975757	0.833794396179723	1127160	845790.428314259	30	2596	2596	4530	223482	222033.169447491	1	0.993517014558178	0.750372997901149
sample38	18	B/Plasma	B_or_plasma_like_stress_high	stress_high_likely_dissociation_associated	32	0.118753256026445	0.807861702974502	415856	388236.023836408	30	809	809	960	39230	35381.5653179116	1	0.901900721843274	0.933582835973048
sample34	13	Myeloid	FCN1_S100A8_A9_inflammatory_monocyte	inflammatory	388	0.118446036909751	0.50666815224597	1865776	1455765.92642847	30	6987	6987	11640	92454	92035.2228891932	1	0.995470427338927	0.780246892675471
sample33	14	B/Plasma	IGHA_high_plasma	IGHA_high_antibody_secreting	121	0.117480380473881	0.89516978436041	1594674	1293845.77444438	30	1849	1849	3630	239817	215775.790165303	1	0.899751853143453	0.811354405003393
sample3	18	B/Plasma	B_or_plasma_like_stress_high	stress_high_likely_dissociation_associated	53	0.116144678619541	0.858117069409288	349996	236700.541183618	30	1437	1437	1590	47572	34925.3812857063	1	0.734158355455022	0.676294989610218
sample9	16	Epithelial	Mucous_neck_chief_like_epithelial	MUC6_TFF2_glandular_secretory	109	0.115211287635346	0.80874653201129	663033	408552.912629922	30	1474	1474	3270	77496	29395.8313031783	1	0.379320626912076	0.616187901099828
sample35	18	B/Plasma	B_or_plasma_like_stress_high	stress_high_likely_dissociation_associated	175	0.1127383164065	0.994126156085456	682474	531291.20330713	30	4367	4367	5250	57182	45297.255210026	1	0.79215933702959	0.778478305850669
sample8	9	Epithelial	Pit_surface_mucous_like_epithelial	MUC5AC_CYP3A5_CLDN4_high	107	0.112699471231099	0.759338465359862	543716	263997.145484121	30	283	283	3210	575	451.111046137952	1	0.784540949805133	0.485542352044304
sample33	18	B/Plasma	B_or_plasma_like_stress_high	stress_high_likely_dissociation_associated	39	0.11025887723701	0.430410917144957	115254	100674.062123189	30	869	869	1170	14120	13711.8817172858	1	0.971096438901263	0.87349733738689
sample11	9	Epithelial	Pit_surface_mucous_like_epithelial	MUC5AC_CYP3A5_CLDN4_high	12	0.110102618789202	0.551166685207424	39965	33710.6913231987	30	80	80	360	270	268.675978290266	1	0.995096215889875	0.843505350261447
sample14	4	B/Plasma	JCHAIN_TNFRSF17_plasma	antibody_secreting	189	0.110076213181533	0.461125813007426	2306676	2057906.81290211	30	2818	2818	5670	433705	431720.126571861	1	0.995423448131474	0.892152522895333
sample40	18	B/Plasma	B_or_plasma_like_stress_high	stress_high_likely_dissociation_associated	40	0.106172361595675	0.997656728375196	135234	98009.8966019193	30	1001	1001	1200	19716	13922.351355206	1	0.706144824264859	0.72474301286599
sample40	8	B/Plasma	IGHG_high_plasma	IGHG_high_antibody_secreting	252	0.10611580590158	0.70194331919538	2156095	1869318.27470785	30	5016	5016	7560	1432107	1380254.89895567	1	0.963793137632643	0.866992537299074
sample35	15	Endothelial/Pericyte	Pericyte_smooth_muscle_like	contractile	145	0.103342699321154	0.847437778037882	336160	255748.993412476	30	580	580	4350	1865	1830.73133383278	1	0.981625380071195	0.760795434949061
sample18	8	B/Plasma	IGHG_high_plasma	IGHG_high_antibody_secreting	298	0.0994953641215458	0.558980140184688	1463212	1180656.84998278	30	5240	5240	8940	397035	377273.807597767	1	0.950228084672048	0.806893908731464
sample16	9	Epithelial	Pit_surface_mucous_like_epithelial	MUC5AC_CYP3A5_CLDN4_high	55	0.0978391234423328	0.43065167694039	264694	230682.000634529	30	608	608	1650	3014	2909.63896397583	1	0.965374573316467	0.87150445659716
sample25	14	B/Plasma	IGHA_high_plasma	IGHA_high_antibody_secreting	20	0.0968952704584295	0.45382678208481	193713	145765.031172558	30	245	245	600	53966	53257.7782369773	1	0.986876519233912	0.752479344042777
sample32	21	Epithelial	Enteroendocrine_epithelial	neuroendocrine_secretory	20	0.0963640283665967	0.473390303927304	256506	204801.509947116	30	321	321	600	5965	5963.30384795504	1	0.999715649279973	0.798427755869713
sample24	14	B/Plasma	IGHA_high_plasma	IGHA_high_antibody_secreting	78	0.0961447436639386	0.849745453518256	520499	416116.957019564	30	955	955	2340	172856	168728.480062217	1	0.976121627610362	0.799457745393486
sample18	14	B/Plasma	IGHA_high_plasma	IGHA_high_antibody_secreting	495	0.0925151260636385	0.488657217020975	3721821	3202014.93206141	30	7675	7675	14850	959739	908617.032783276	1	0.94673346897779	0.860335554036964
sample17	10	T/NK	IFNG_CCL4_CD8_cytotoxic_T	IFNG_CCL4_TNF_high_activated	192	0.089993444136273	0.29886434449149	623776	573862.477173126	30	1702	1702	5760	36264	36024.9311211246	1	0.99340754249737	0.919981655551234
sample39	18	B/Plasma	B_or_plasma_like_stress_high	stress_high_likely_dissociation_associated	66	0.0896438850204682	0.999397467578901	263662	202550.10414219	30	1621	1621	1980	19842	14328.2903133231	1	0.722119257802798	0.768218795815057
sample36	4	B/Plasma	JCHAIN_TNFRSF17_plasma	antibody_secreting	329	0.0893307371165298	0.565471832378912	4419918	3299529.38635306	30	4790	4790	9870	2548028	2338994.18030123	1	0.917962510734274	0.746513710515231
sample28	4	B/Plasma	JCHAIN_TNFRSF17_plasma	antibody_secreting	1041	0.0862822736953806	0.85268137230148	16625644	12820928.3418309	30	19729	19729	31230	3083403	1984705.44083513	1	0.643673707535191	0.77115378759649
sample15	9	Epithelial	Pit_surface_mucous_like_epithelial	MUC5AC_CYP3A5_CLDN4_high	286	0.0861156433517619	0.590700630493084	773097	490053.168399068	30	3920	3920	8580	17474	17148.9270278288	1	0.981396762494496	0.633883158774472
sample10	14	B/Plasma	IGHA_high_plasma	IGHA_high_antibody_secreting	128	0.0838348569704772	0.649999328594458	1342288	1129807.79934902	30	1873	1873	3840	433237	402997.766552161	1	0.930201636868876	0.84170297234947
sample23	8	B/Plasma	IGHG_high_plasma	IGHG_high_antibody_secreting	210	0.0830375403683689	0.42257966779465	2387399	2202905.30918907	30	1320	1320	6300	13585	3005.43483275791	1	0.221231861078978	0.922721886533867
sample25	15	Endothelial/Pericyte	Pericyte_smooth_muscle_like	contractile	92	0.0828656831037824	0.23044477656644	313664	291369.673662489	30	644	644	2760	8539	8517.96849017584	1	0.99753700552475	0.928922903688307
sample31	8	B/Plasma	IGHG_high_plasma	IGHG_high_antibody_secreting	34	0.0766471834025236	0.529485384670001	228736	217246.647598334	30	134	134	1020	1982	1940.12461529403	1	0.97887215706056	0.949770248663675
sample15	4	B/Plasma	JCHAIN_TNFRSF17_plasma	antibody_secreting	716	0.0742983433901955	0.410149279549838	10931296	9743400.83216308	30	13275	13275	21480	2623060	2598174.52892736	1	0.99051280905788	0.891330802144877
sample40	14	B/Plasma	IGHA_high_plasma	IGHA_high_antibody_secreting	133	0.0718078379056695	0.652638895833913	1045381	815709.515648599	30	1643	1643	3990	513324	489057.689689872	1	0.952727107421184	0.780298776856092
sample33	4	B/Plasma	JCHAIN_TNFRSF17_plasma	antibody_secreting	244	0.0708473643460666	0.377051448594353	3944119	3478880.10726602	30	4174	4174	7320	850832	842824.725591762	1	0.990588888983679	0.882042379366855
sample20	5	Fibroblast/CAF	LUM_DCN_PDGFRA_fibroblast	CCL11_CXCL14_stromal_program	203	0.0700564059974941	0.852761593979109	4040720	3560562.64389804	30	2122	2122	6090	41145	40030.745687497	1	0.972918840381504	0.881170346843641
sample23	18	B/Plasma	B_or_plasma_like_stress_high	stress_high_likely_dissociation_associated	12	0.0698714132407798	0.423688843607285	33972	21441.4154710506	30	305	305	360	4246	3304.63915568467	1	0.778294666906422	0.631149637084969
sample36	14	B/Plasma	IGHA_high_plasma	IGHA_high_antibody_secreting	335	0.0693000833973819	0.488408375252691	5899607	4911956.88902495	30	5158	5158	10050	3033990	2883000.62796563	1	0.950234057450957	0.832590524932415
sample20	8	B/Plasma	IGHG_high_plasma	IGHG_high_antibody_secreting	91	0.0686302535064275	0.642322764019781	170381	138193.695894379	30	107	107	2730	141	93.8726091462589	1	0.66576318543446	0.811086305951831
sample23	12	B/Plasma	Conventional_B_cell	B_cell	9	0.0671900706551343	0.31251496476851	16043	14660.0478759789	30	53	53	270	112	111.599683880029	1	0.996425748928828	0.913797162374802
sample17	24	T/NK	Cycling_T_cell	cycling	18	0.065883109187	0.646710171383604	73357	67774.7629427819	30	95	95	540	332	331.613358487468	1	0.998835417130926	0.923903144114153
sample39	8	B/Plasma	IGHG_high_plasma	IGHG_high_antibody_secreting	346	0.0655261042313164	0.999928243902293	2863094	2065118.67821533	30	6338	6338	10380	413021	329942.153764999	1	0.798850793942679	0.721289164175305
sample15	18	B/Plasma	B_or_plasma_like_stress_high	stress_high_likely_dissociation_associated	42	0.0640324959714974	0.633967986166649	107952	80315.1235809483	30	1064	1064	1260	19179	18474.7077404448	1	0.96327794673574	0.743989213548136
sample40	4	B/Plasma	JCHAIN_TNFRSF17_plasma	antibody_secreting	258	0.0624133555916937	0.387861393209235	2700231	2441367.47327752	30	3699	3699	7740	1677507	1661776.41638635	1	0.990622642043432	0.904132821702115
sample3	8	B/Plasma	IGHG_high_plasma	IGHG_high_antibody_secreting	134	0.0608316415714665	0.99971264618697	1311898	995541.490151964	30	2266	2266	4020	304255	285323.051329555	1	0.937776047491595	0.758855863910124
sample14	20	Myeloid	CD1C_FCER1A_dendritic_cell	antigen_presentation_LAMP3_IDO1	96	0.0582472141477442	0.397870880447123	365925	325243.823999085	30	1145	1145	2880	20001	19819.220202824	1	0.990911464567973	0.888826464436933
sample9	9	Epithelial	Pit_surface_mucous_like_epithelial	MUC5AC_CYP3A5_CLDN4_high	190	0.0575334062411859	0.763911489367745	641383	412921.775531264	30	1288	1288	5700	4164	3863.69844347577	1	0.927881470575354	0.643799064726168
sample32	4	B/Plasma	JCHAIN_TNFRSF17_plasma	antibody_secreting	42	0.055842776829922	0.188900390275001	482639	458345.014015621	30	601	601	1260	126693	126646.585086269	1	0.999633642634314	0.949664270843468
sample5	14	B/Plasma	IGHA_high_plasma	IGHA_high_antibody_secreting	383	0.0524865187905632	0.979855704968927	8203779	6742826.81482077	30	7242	7242	11490	1769283	1598166.93548003	1	0.903285079594404	0.821917169492348
sample14	9	Epithelial	Pit_surface_mucous_like_epithelial	MUC5AC_CYP3A5_CLDN4_high	314	0.0480858350008411	0.375534135325716	574337	482669.887300399	30	4730	4730	9420	20213	20070.2377600198	1	0.99293710780289	0.840394902819075
sample39	14	B/Plasma	IGHA_high_plasma	IGHA_high_antibody_secreting	630	0.0474362059990699	0.931156215863262	5570011	4638134.44127328	30	9910	9910	18900	1214198	1089123.52936542	1	0.896990053817765	0.832697537091629
sample26	14	B/Plasma	IGHA_high_plasma	IGHA_high_antibody_secreting	135	0.0472632531466366	0.998049824803894	1746032	1411006.16454608	30	2168	2168	4050	456318	406956.663404494	1	0.891826891344399	0.808121594876887
sample18	4	B/Plasma	JCHAIN_TNFRSF17_plasma	antibody_secreting	577	0.0461365466252056	0.266720985020043	5443978	5026358.73062939	30	10221	10221	17310	1307382	1268997.22797327	1	0.970639972076459	0.923287847715291
sample20	11	Myeloid	C1Q_FOLR2_TREM2_macrophage	C1Q_FOLR2_TREM2_TAM_like	223	0.0456328733806633	0.303616571675192	1360692	1278628.35725201	30	3549	3549	6690	59168	59135.8476025226	1	0.999456591443391	0.939689773477031
sample8	10	T/NK	IFNG_CCL4_CD8_cytotoxic_T	IFNG_CCL4_TNF_high_activated	482	0.0455629808374367	0.118480616360678	1017853	955234.536343394	30	6803	6803	14460	51042	50810.3295872014	1	0.99546118073746	0.938479855483448
sample8	15	Endothelial/Pericyte	Pericyte_smooth_muscle_like	contractile	271	0.0443486136725607	0.289616743583657	3041046	2777250.57790687	30	3492	3492	8130	56881	56664.7529225192	1	0.996198254646002	0.913255037216428
sample17	19	Epithelial	Chief_like_epithelial	metallothionein_high	49	0.0434754738872285	0.193798966529322	521802	451102.921411628	30	357	357	1470	31174	29782.3969518118	1	0.955360138314357	0.864509759279627
sample34	7	T/NK	GNLY_NK_like_cytotoxic_lymphocyte	GNLY_GZMB_high_cytotoxic	697	0.0433740478986259	0.0952909713609893	1910932	1801695.13145777	30	10938	10938	20910	54482	54230.7211554073	1	0.995387855721289	0.942835815956698
sample10	4	B/Plasma	JCHAIN_TNFRSF17_plasma	antibody_secreting	359	0.0428219636675487	0.295426435101233	5503547	4983264.46236423	30	6155	6155	10770	1326272	1289044.88846115	1	0.971931012990658	0.90546414200955
sample28	18	B/Plasma	B_or_plasma_like_stress_high	stress_high_likely_dissociation_associated	352	0.0423874511453812	0.658290368902346	2419829	1925330.84289633	30	9893	9893	10560	418671	371233.014167464	1	0.886693881753129	0.79564747876661
sample14	14	B/Plasma	IGHA_high_plasma	IGHA_high_antibody_secreting	64	0.0420325667525017	0.919319647911001	354856	299898.532312191	30	668	668	1920	127564	126649.116522443	1	0.992828043354258	0.845127410307817
sample34	12	B/Plasma	Conventional_B_cell	B_cell	692	0.0407511196018202	0.179786261427395	2148727	1961971.58118999	30	10008	10008	20760	26516	26342.5785358007	1	0.993459742638433	0.913085553069322
sample34	10	T/NK	IFNG_CCL4_CD8_cytotoxic_T	IFNG_CCL4_TNF_high_activated	403	0.0405650455867777	0.147619742761164	1203271	1130442.09840076	30	6370	6370	12090	48827	48314.8651522627	1	0.989511236657232	0.939474231823723
sample34	1	T/NK	CD8_GZMK_cytotoxic_T	GZMK_high_cytotoxic_memory_like	1703	0.0398917892019547	0.105674193492501	4677889	4426749.15752658	30	25923	25923	51090	91309	90774.501442054	1	0.99414626643654	0.94631342418056
sample22	11	Myeloid	C1Q_FOLR2_TREM2_macrophage	C1Q_FOLR2_TREM2_TAM_like	41	0.0395958756308368	0.571229513734012	235855	191849.406444902	30	314	314	1230	4332	4187.99140003506	1	0.966757017551953	0.813420985117558
sample16	24	T/NK	Cycling_T_cell	cycling	7	0.0391220836256103	0.169631803402547	89265	88392.3541865674	30	63	63	210	325	324.888359432406	1	0.999656490561249	0.990224098880495
sample15	12	B/Plasma	Conventional_B_cell	B_cell	615	0.0388908476519147	0.0948799648518521	1907782	1790688.14128162	30	8550	8550	18450	22515	22391.308364626	1	0.994506256479059	0.938623040411127
sample34	2	T/NK	CCR6_IL7R_CD4_like_T	activated_costimulatory_checkpoint_high	2668	0.0388462836104903	0.100453619064375	7581868	7198417.06409401	30	34992	34992	80040	79936	79506.3010972314	1	0.994624463286021	0.949425268824782
sample17	6	Endothelial/Pericyte	Vascular_endothelial	PLVAP_EMCN_high	65	0.0387043214057779	0.826428597082416	491315	395637.420662982	30	592	592	1950	2633	2631.69154995852	1	0.999503057333277	0.805262246548512
sample35	7	T/NK	GNLY_NK_like_cytotoxic_lymphocyte	GNLY_GZMB_high_cytotoxic	83	0.0386304124284215	0.966733006266329	178563	95687.693023472	30	595	595	2490	1323	1252.47659894406	1	0.946694330267616	0.53587637429631
sample40	9	Epithelial	Pit_surface_mucous_like_epithelial	MUC5AC_CYP3A5_CLDN4_high	57	0.0385636528980355	0.544855712147375	125077	103818.378505349	30	604	604	1710	2126	2119.33426351489	1	0.996864658285461	0.830035726035554
sample29	4	B/Plasma	JCHAIN_TNFRSF17_plasma	antibody_secreting	364	0.0377045459584281	0.237788257991764	3980945	3739974.66438662	30	5647	5647	10920	1114425	1113336.47940263	1	0.999023244635241	0.939469061839996
sample35	8	B/Plasma	IGHG_high_plasma	IGHG_high_antibody_secreting	773	0.0373662006819465	0.422802273098005	5743469	5225777.09321228	30	15178	15178	23190	3766722	3615124.09840632	1	0.959753360722219	0.909864246366138
sample32	9	Epithelial	Pit_surface_mucous_like_epithelial	MUC5AC_CYP3A5_CLDN4_high	203	0.0367494398527609	0.224721594262775	386253	349031.064013266	30	3199	3199	6090	15699	15546.216638194	1	0.990267955805721	0.903633276669091
sample26	8	B/Plasma	IGHG_high_plasma	IGHG_high_antibody_secreting	93	0.0366437387380189	0.625173756622034	869301	741346.935811239	30	1628	1628	2790	261267	253459.757546656	1	0.970117762850479	0.852808101924695
sample8	1	T/NK	CD8_GZMK_cytotoxic_T	GZMK_high_cytotoxic_memory_like	1584	0.0366403897443956	0.106282492474006	4067456	3872656.8744199	30	24999	24999	47520	76124	75708.1302033355	1	0.994536942401023	0.952107871460661
sample8	3	Epithelial	Gastric_or_intestinal_like_epithelial_malignancy_pending_CNV	mixed_gastric_and_intestinal_program	262	0.0365618583266137	0.164259059211447	2490353	2374894.06127143	30	3265	3265	7860	76082	75898.4752915119	1	0.997587803836806	0.953637520974507
sample35	5	Fibroblast/CAF	LUM_DCN_PDGFRA_fibroblast	CCL11_CXCL14_stromal_program	620	0.0365292565076511	0.789232004362201	1516376	1172491.71978837	30	5959	5959	18600	28847	28762.306919875	1	0.997064059343261	0.773219649868087
sample8	2	T/NK	CCR6_IL7R_CD4_like_T	activated_costimulatory_checkpoint_high	1037	0.0356515533589028	0.11184841981594	3167669	3021843.25805678	30	10827	10827	31110	26755	26577.6295881473	1	0.99337056954391	0.953964337200883
sample8	18	B/Plasma	B_or_plasma_like_stress_high	stress_high_likely_dissociation_associated	117	0.0345249553193343	0.390622954850788	421232	273043.880576614	30	3001	3001	3510	65244	56940.7182757235	1	0.872734937706509	0.648203081856586
sample6	14	B/Plasma	IGHA_high_plasma	IGHA_high_antibody_secreting	122	0.0343866764000054	0.809758695445871	1675279	1362651.64930867	30	2060	2060	3660	506801	443035.442375993	1	0.874180284521919	0.813387889007547
sample34	9	Epithelial	Pit_surface_mucous_like_epithelial	MUC5AC_CYP3A5_CLDN4_high	274	0.0342253181411422	0.427286036713339	1666449	1513425.29272562	30	2244	2244	8220	10474	10306.9809566193	1	0.984053938955439	0.90817378313145
sample20	22	Mesothelial	Mesothelial	mesothelial_ECM_program	69	0.033350229756712	0.151375260056136	1617891	1542538.71788851	30	1538	1538	2070	70975	70869.3557614753	1	0.998511528868972	0.953425612657779
sample34	11	Myeloid	C1Q_FOLR2_TREM2_macrophage	C1Q_FOLR2_TREM2_TAM_like	366	0.0320922331310137	0.265125283582795	3858166	3613383.90118975	30	6830	6830	10980	132008	131949.038278872	1	0.999553347364338	0.936554803808272
sample27	4	B/Plasma	JCHAIN_TNFRSF17_plasma	antibody_secreting	89	0.0317632518995634	0.304131302712248	954373	880084.442675058	30	1302	1302	2670	291768	290860.345645203	1	0.996889123019671	0.92215982920206
sample34	6	Endothelial/Pericyte	Vascular_endothelial	PLVAP_EMCN_high	424	0.0316424787681497	0.209060426933525	4034845	3810809.50091453	30	7994	7994	12720	51650	51637.9220838342	1	0.999766158447903	0.944474818961951
sample8	7	T/NK	GNLY_NK_like_cytotoxic_lymphocyte	GNLY_GZMB_high_cytotoxic	402	0.0316203544895265	0.0972565744932873	1116211	1068261.39216567	30	6108	6108	12060	25458	25342.5361795826	1	0.995464536867884	0.957042523470622
sample34	18	B/Plasma	B_or_plasma_like_stress_high	stress_high_likely_dissociation_associated	126	0.0304287127714668	0.10438000596539	286184	273064.519709443	30	3147	3147	3780	36820	36305.5827946453	1	0.986028864601992	0.954157184571613
sample30	14	B/Plasma	IGHA_high_plasma	IGHA_high_antibody_secreting	250	0.0300598193355773	0.83906891527321	2584238	2192117.89274204	30	3872	3872	7500	750545	710856.19062802	1	0.947120013627457	0.8482647081043
sample2	4	B/Plasma	JCHAIN_TNFRSF17_plasma	antibody_secreting	245	0.0299535883450984	0.211528596916738	5126796	4767637.72915885	30	4587	4587	7350	1362169	1352452.7179766	1	0.992867050987509	0.929944887442147
sample24	4	B/Plasma	JCHAIN_TNFRSF17_plasma	antibody_secreting	185	0.0299384295384557	0.336398696489102	1886807	1748672.06109932	30	2737	2737	5550	334800	332074.88649887	1	0.991860473413591	0.926789046839091
sample8	13	Myeloid	FCN1_S100A8_A9_inflammatory_monocyte	inflammatory	55	0.0293261483832513	0.414016681481258	429188	404784.490036969	30	577	577	1650	10089	10084.0526943636	1	0.999509633696466	0.943140278938295
sample5	18	B/Plasma	B_or_plasma_like_stress_high	stress_high_likely_dissociation_associated	80	0.0292236780788415	0.376135508974513	565640	522421.691418813	30	2175	2175	2400	80388	75458.8168368155	1	0.938682599850916	0.923593966867289
sample29	14	B/Plasma	IGHA_high_plasma	IGHA_high_antibody_secreting	49	0.0288676158841936	0.22929560447314	243674	225897.489006531	30	559	559	1470	83140	82597.7135658598	1	0.993477430428913	0.927047978063031
sample8	12	B/Plasma	Conventional_B_cell	B_cell	262	0.0282411879308235	0.0816372238030021	828870	796883.72187252	30	3889	3889	7860	10632	10608.3946998142	1	0.997779787416685	0.961409777012704
sample15	20	Myeloid	CD1C_FCER1A_dendritic_cell	antigen_presentation_LAMP3_IDO1	85	0.0274505534141282	0.35693629961594	502630	482730.170717794	30	1277	1277	2550	45496	45356.0427474525	1	0.996923745987615	0.960408592240403
sample40	12	B/Plasma	Conventional_B_cell	B_cell	280	0.0272977731741677	0.0775047912500818	811063	772109.909285951	30	3227	3227	8400	6928	6886.17028816364	1	0.993962224042096	0.951972792848338
sample3	14	B/Plasma	IGHA_high_plasma	IGHA_high_antibody_secreting	327	0.0271261331833319	0.78001545415543	5818821	5025983.0013798	30	5892	5892	9810	1622236	1498991.12546434	1	0.924027777379085	0.863745937773271
sample1	4	B/Plasma	JCHAIN_TNFRSF17_plasma	antibody_secreting	236	0.0271202060587721	0.19355009770554	4987669	4742948.56983222	30	4365	4365	7080	1382488	1380475.20171833	1	0.998544075404869	0.950934909640599
sample8	5	Fibroblast/CAF	LUM_DCN_PDGFRA_fibroblast	CCL11_CXCL14_stromal_program	675	0.0268259073767152	0.215416383541752	9537784	8813826.41231633	30	9667	9667	20250	149176	148427.618369434	1	0.994983230341568	0.924095829001404
sample34	20	Myeloid	CD1C_FCER1A_dendritic_cell	antigen_presentation_LAMP3_IDO1	176	0.0264803131780857	0.214078356660308	1379784	1299826.61967563	30	2943	2943	5280	87683	87283.224172187	1	0.995440668911728	0.94205079902045
sample19	16	Epithelial	Mucous_neck_chief_like_epithelial	MUC6_TFF2_glandular_secretory	7	0.0261950083426552	0.106767886999727	241069	232529.217946308	30	33	33	210	122	120.008260764465	1	0.983674268561191	0.96457536201796
sample34	15	Endothelial/Pericyte	Pericyte_smooth_muscle_like	contractile	280	0.0259678648235023	0.215005722738552	3034224	2860195.66053146	30	4996	4996	8400	90333	90205.6800244858	1	0.998590548575667	0.942644860936919
sample20	1	T/NK	CD8_GZMK_cytotoxic_T	GZMK_high_cytotoxic_memory_like	784	0.0257419281394153	0.0839598883719616	2380371	2294330.37046653	30	11863	11863	23520	39628	39380.372705802	1	0.99375120384077	0.963854109492398
sample11	13	Myeloid	FCN1_S100A8_A9_inflammatory_monocyte	inflammatory	68	0.0252821394791031	0.42534876391989	1165478	1086192.42444494	30	1272	1272	2040	31437	31110.8524454284	1	0.989625360098878	0.931971624041759
sample10	8	B/Plasma	IGHG_high_plasma	IGHG_high_antibody_secreting	122	0.0251265386152194	0.264524252350957	919886	808936.275217732	30	2085	2085	3660	326998	319979.84003172	1	0.978537605831594	0.879387527604216
sample14	12	B/Plasma	Conventional_B_cell	B_cell	576	0.0250073498785422	0.0758790624737284	1864299	1794543.09170496	30	8603	8603	17280	24240	24181.0641530069	1	0.997568653176851	0.962583304343864
sample20	10	T/NK	IFNG_CCL4_CD8_cytotoxic_T	IFNG_CCL4_TNF_high_activated	250	0.0248805161342778	0.0800692947866789	664771	638792.239205424	30	3861	3861	7500	25744	25616.2151152304	1	0.995036323618335	0.960920736923578
sample12	11	Myeloid	C1Q_FOLR2_TREM2_macrophage	C1Q_FOLR2_TREM2_TAM_like	65	0.0241239786363989	0.237879941348135	1297026	1231483.11259659	30	1342	1342	1950	75360	75171.1276607198	1	0.997493732228235	0.94946678986897
sample16	13	Myeloid	FCN1_S100A8_A9_inflammatory_monocyte	inflammatory	262	0.0240434757049943	0.155899038016465	1387693	1297750.00275938	30	5176	5176	7860	109607	109461.963087793	1	0.99867675502288	0.935185233880531
sample11	11	Myeloid	C1Q_FOLR2_TREM2_macrophage	C1Q_FOLR2_TREM2_TAM_like	100	0.0230645140638746	0.198210140285617	1641692	1564014.88523462	30	1909	1909	3000	92917	92519.9544892485	1	0.995726879787859	0.952684721150267
sample17	18	B/Plasma	B_or_plasma_like_stress_high	stress_high_likely_dissociation_associated	54	0.0227613060013833	0.695150471076896	186539	137639.770843833	30	1356	1356	1620	21703	19167.37604575	1	0.883167121861031	0.737860559152954
sample17	1	T/NK	CD8_GZMK_cytotoxic_T	GZMK_high_cytotoxic_memory_like	625	0.0226989370564287	0.0734703199026347	1057781	1008641.20059965	30	7381	7381	18750	18946	18927.9016448804	1	0.999044740044356	0.953544448803343
sample35	1	T/NK	CD8_GZMK_cytotoxic_T	GZMK_high_cytotoxic_memory_like	253	0.022610873927473	0.661651152616057	429125	330846.654653374	30	2158	2158	7590	4247	4173.71643831617	1	0.982744628753512	0.770979678772791
sample26	18	B/Plasma	B_or_plasma_like_stress_high	stress_high_likely_dissociation_associated	28	0.0222706021775405	0.998839781027732	119364	99113.9979241858	30	697	697	840	12589	8511.17954791232	1	0.676080669466384	0.830350842165023
sample8	20	Myeloid	CD1C_FCER1A_dendritic_cell	antigen_presentation_LAMP3_IDO1	60	0.0222435788051654	0.118333786102055	213427	206623.36518126	30	857	857	1800	23525	23496.2624893397	1	0.998778426751952	0.968121958239868
sample25	6	Endothelial/Pericyte	Vascular_endothelial	PLVAP_EMCN_high	363	0.022141366591846	0.0877608001862619	2925361	2861727.89884588	30	7082	7082	10890	53365	53363.1950392407	1	0.999966177068129	0.978247778255701
sample34	5	Fibroblast/CAF	LUM_DCN_PDGFRA_fibroblast	CCL11_CXCL14_stromal_program	560	0.0220550556254128	0.197204273390882	5725313	5396428.19279564	30	12073	12073	16800	248175	248114.29462576	1	0.999755392870998	0.942556012709811
sample14	11	Myeloid	C1Q_FOLR2_TREM2_macrophage	C1Q_FOLR2_TREM2_TAM_like	145	0.0220041509438607	0.653195678004525	662757	605101.55422875	30	1774	1774	4350	12451	12444.3163953912	1	0.999463207404323	0.91300665889421
sample32	13	Myeloid	FCN1_S100A8_A9_inflammatory_monocyte	inflammatory	42	0.0219783293847835	0.628780876546122	154559	137183.107872775	30	623	623	1260	5689	5662.1795113642	1	0.99528555306103	0.887577610315642
sample20	7	T/NK	GNLY_NK_like_cytotoxic_lymphocyte	GNLY_GZMB_high_cytotoxic	348	0.0217840974296077	0.0815140581220992	1124048	1087391.31962222	30	5836	5836	10440	28597	28503.5701130604	1	0.996732878031276	0.967388687691468
sample20	18	B/Plasma	B_or_plasma_like_stress_high	stress_high_likely_dissociation_associated	210	0.0215522866949749	0.0655224739438311	604980	586865.553187137	30	5484	5484	6300	88440	87691.1239064768	1	0.991532382479385	0.970057775772979
sample8	22	Mesothelial	Mesothelial	mesothelial_ECM_program	165	0.0207629409039902	0.0816398505505412	3524061	3407262.25625963	30	3709	3709	4950	53732	53646.0127431512	1	0.998399701167856	0.966856775821881
sample39	4	B/Plasma	JCHAIN_TNFRSF17_plasma	antibody_secreting	770	0.0206173997797898	0.89118455419312	6640032	5408630.29869633	30	12463	12463	23100	1459960	1203654.72156623	1	0.824443629665354	0.814548830291229
sample25	4	B/Plasma	JCHAIN_TNFRSF17_plasma	antibody_secreting	109	0.0205159405069282	0.10933418040963	2177798	2123956.56313603	30	1915	1915	3270	492089	492001.803394386	1	0.999822803180697	0.975277120805523
sample17	4	B/Plasma	JCHAIN_TNFRSF17_plasma	antibody_secreting	30	0.0203722307265264	0.670705362667506	492128	431489.253734344	30	461	461	900	129232	129138.116902251	1	0.999273530567127	0.876782572286772
sample20	2	T/NK	CCR6_IL7R_CD4_like_T	activated_costimulatory_checkpoint_high	797	0.0200635229080288	0.0900704418394938	3017693	2932375.36681729	30	9626	9626	23910	22186	22075.9274891855	1	0.995038650012868	0.971727530539816
sample35	23	T/NK	CCR6_KLRB1_CCL20_CD4_like_T	Th17_like_CCL20_high	15	0.0199160368371323	0.159808638292646	25427	23827.6249721191	30	181	181	450	534	511.267286289409	1	0.957429375073799	0.93709934212133
sample30	8	B/Plasma	IGHG_high_plasma	IGHG_high_antibody_secreting	144	0.019876656912756	0.720774102181028	1144831	928667.848840131	30	2777	2777	4320	214446	199983.955880899	1	0.932560905220426	0.811183352687105
sample25	5	Fibroblast/CAF	LUM_DCN_PDGFRA_fibroblast	CCL11_CXCL14_stromal_program	514	0.0194505327804198	0.100796929046495	3164238	3077631.35530543	30	9965	9965	15420	153589	153567.780533627	1	0.999861842538376	0.972629541553267
sample15	10	T/NK	IFNG_CCL4_CD8_cytotoxic_T	IFNG_CCL4_TNF_high_activated	453	0.0191926464248349	0.0708116933133104	1248580	1198249.600576	30	6605	6605	13590	44986	44759.1510624606	1	0.99495734367271	0.959689888173762
sample15	13	Myeloid	FCN1_S100A8_A9_inflammatory_monocyte	inflammatory	253	0.0188294988859035	0.318902310704089	986414	927992.031540687	30	3598	3598	7590	26005	25966.9181701384	1	0.998535595852273	0.940773378663205
sample40	1	T/NK	CD8_GZMK_cytotoxic_T	GZMK_high_cytotoxic_memory_like	316	0.0188264889972337	0.0481375073077478	798561	768367.872776231	30	4053	4053	9480	12963	12909.8105207177	1	0.995896823321588	0.962190581278363
sample17	2	T/NK	CCR6_IL7R_CD4_like_T	activated_costimulatory_checkpoint_high	400	0.0187994663255117	0.0727667892462593	791127	753737.603799442	30	2965	2965	12000	6148	6138.93228543566	1	0.998525095223757	0.952739071981416
sample19	20	Myeloid	CD1C_FCER1A_dendritic_cell	antigen_presentation_LAMP3_IDO1	12	0.018743967950518	0.0468955201365147	92433	91732.0708236817	30	238	238	360	7844	7839.36247661843	1	0.999408780802961	0.992416894655391
sample40	2	T/NK	CCR6_IL7R_CD4_like_T	activated_costimulatory_checkpoint_high	577	0.0185793305607858	0.0561198740710664	1436760	1388235.59761011	30	6148	6148	17310	14844	14789.6893573219	1	0.996341239377653	0.966226507983315
sample38	3	Epithelial	Gastric_or_intestinal_like_epithelial_malignancy_pending_CNV	mixed_gastric_and_intestinal_program	207	0.0185376946318834	0.109499311580712	2604976	2489982.36626985	30	1890	1890	6210	24344	24125.6544898337	1	0.99103082853408	0.955856163845599
sample14	15	Endothelial/Pericyte	Pericyte_smooth_muscle_like	contractile	129	0.0181746199213506	0.150868249725626	1034950	979763.179494776	30	2101	2101	3870	26778	26746.5153170321	1	0.998824233215031	0.946676824479227
sample16	11	Myeloid	C1Q_FOLR2_TREM2_macrophage	C1Q_FOLR2_TREM2_TAM_like	106	0.0180027861170434	0.133640635718246	526553	505286.552073296	30	654	654	3180	5688	5681.44708557248	1	0.998847940501492	0.959611951832572
sample28	9	Epithelial	Pit_surface_mucous_like_epithelial	MUC5AC_CYP3A5_CLDN4_high	188	0.0178363198212523	0.449844929334741	462614	397759.676138526	30	2245	2245	5640	11043	11031.8621139586	1	0.998991407584765	0.859808990083582
sample15	7	T/NK	GNLY_NK_like_cytotoxic_lymphocyte	GNLY_GZMB_high_cytotoxic	1073	0.0177146509868521	0.055445939321815	3374881	3287291.36412628	30	20127	20127	32190	150097	149774.087205761	1	0.997848639251688	0.974046600199024
sample15	11	Myeloid	C1Q_FOLR2_TREM2_macrophage	C1Q_FOLR2_TREM2_TAM_like	390	0.0175662789764372	0.303918332933319	3346587	3135804.54621109	30	6625	6625	11700	129504	129473.944430498	1	0.999767917828778	0.937015695755434
sample13	4	B/Plasma	JCHAIN_TNFRSF17_plasma	antibody_secreting	54	0.0173804849364717	0.546203680625156	301852	282349.639272837	30	625	625	1620	94019	93956.6629708024	1	0.999336974130786	0.935390983902166
sample3	4	B/Plasma	JCHAIN_TNFRSF17_plasma	antibody_secreting	498	0.0172241427537786	0.196131744579806	11588394	10942885.9387708	30	9690	9690	14940	2709257	2633178.41845878	1	0.971919023724505	0.94429702155198
sample8	6	Endothelial/Pericyte	Vascular_endothelial	PLVAP_EMCN_high	467	0.017202439412403	0.0930681218627016	3674830	3497035.251589	30	8290	8290	14010	57244	57235.7513428965	1	0.999855903551403	0.95161823855498
sample8	14	B/Plasma	IGHA_high_plasma	IGHA_high_antibody_secreting	8	0.0170341680575057	0.232468780318122	166342	158713.970285769	30	127	127	240	26019	26014.0565180066	1	0.999810004919734	0.954142491287642
sample17	12	B/Plasma	Conventional_B_cell	B_cell	219	0.0170260449833624	0.0564289198602901	392279	375577.483848727	30	2277	2277	6570	4816	4797.88640051118	1	0.996238870538035	0.957424393986747
sample34	24	T/NK	Cycling_T_cell	cycling	57	0.01665113064004	0.110897889368794	567119	553725.186880397	30	991	991	1710	4036	4024.35073513316	1	0.997113660835767	0.976382711354048
sample31	14	B/Plasma	IGHA_high_plasma	IGHA_high_antibody_secreting	18	0.0166232284350532	0.351678879625891	85651	81061.0296301613	30	204	204	540	36532	36258.2079900013	1	0.99250541963214	0.946410778977027
sample20	13	Myeloid	FCN1_S100A8_A9_inflammatory_monocyte	inflammatory	68	0.01662266253107	0.103871739118282	539183	522204.348827905	30	1146	1146	2040	15949	15942.5089225805	1	0.999593010381871	0.968510410802835
sample34	17	Mast	Mast_cell	mast_cell	111	0.0165317802995282	0.11873387983325	436101	410892.402402986	30	2083	2083	3330	18841	18836.9848832928	1	0.999786894713273	0.94219550609374
sample16	15	Endothelial/Pericyte	Pericyte_smooth_muscle_like	contractile	60	0.0165047567491391	0.0441244874381811	1280490	1258335.63212457	30	1229	1229	1800	25415	25405.8240320716	1	0.999638954635906	0.982698523318862
sample8	19	Epithelial	Chief_like_epithelial	metallothionein_high	17	0.0163414015467746	0.0683727394105072	347513	337717.51023087	30	168	168	510	4529	4504.75263204583	1	0.994646198287884	0.971812594725579
sample7	14	B/Plasma	IGHA_high_plasma	IGHA_high_antibody_secreting	87	0.0163190322968502	0.608120952560406	1027391	915781.032740269	30	1366	1366	2610	336521	323790.192144716	1	0.962169350931193	0.891365636588474
sample15	2	T/NK	CCR6_IL7R_CD4_like_T	activated_costimulatory_checkpoint_high	1859	0.0162203372314389	0.0554771806165921	6041662	5890712.24941097	30	23109	23109	55770	56326	56166.0793342101	1	0.997160802013459	0.975015194397001
sample40	7	T/NK	GNLY_NK_like_cytotoxic_lymphocyte	GNLY_GZMB_high_cytotoxic	213	0.0161901508040544	0.0381996245686746	548445	536047.144193229	30	3026	3026	6390	14670	14659.1364274565	1	0.999259470174264	0.977394532164992
sample38	9	Epithelial	Pit_surface_mucous_like_epithelial	MUC5AC_CYP3A5_CLDN4_high	72	0.0161661227787062	0.0882829838737392	1038598	1003987.25167243	30	424	424	2160	1134	1085.86211608235	1	0.957550366915656	0.966675510324907
sample15	1	T/NK	CD8_GZMK_cytotoxic_T	GZMK_high_cytotoxic_memory_like	2653	0.0160636436695197	0.0444698361709322	8305188	8120747.29686538	30	49943	49943	79590	229104	228515.26550461	1	0.997430274044147	0.977792109807192
sample33	24	T/NK	Cycling_T_cell	cycling	18	0.0159610138378059	0.0925732466931997	122124	120683.482501899	30	184	184	540	764	763.800465888459	1	0.999738829696935	0.988204468424712
sample19	5	Fibroblast/CAF	LUM_DCN_PDGFRA_fibroblast	CCL11_CXCL14_stromal_program	255	0.0157546928922921	0.139108215726852	6145386	5890961.95594545	30	5048	5048	7650	169986	169626.452922545	1	0.997884843002039	0.958599176023353
sample14	18	B/Plasma	B_or_plasma_like_stress_high	stress_high_likely_dissociation_associated	180	0.0157153240593507	0.0904254959619384	422738	406074.483911293	30	4782	4782	5400	72354	71206.595915431	1	0.984141801634064	0.960581929969136
sample5	8	B/Plasma	IGHG_high_plasma	IGHG_high_antibody_secreting	219	0.0156867750350182	0.538293219186459	2301831	1926697.11195362	30	4095	4095	6570	608164	588337.497383744	1	0.967399414275992	0.837028049389213
sample18	20	Myeloid	CD1C_FCER1A_dendritic_cell	antigen_presentation_LAMP3_IDO1	65	0.0156854951452937	0.0516797538662494	186759	181152.884942915	30	741	741	1950	9677	9622.57032891199	1	0.994375356919705	0.969982088910923
sample4	4	B/Plasma	JCHAIN_TNFRSF17_plasma	antibody_secreting	162	0.0155991564818399	0.204177327517922	3534928	3358439.4403901	30	2824	2824	4860	679127	676087.371834015	1	0.995524212458075	0.950072940775627
sample33	12	B/Plasma	Conventional_B_cell	B_cell	216	0.015162413008343	0.0554122195192625	643292	626147.837395932	30	2981	2981	6480	7330	7320.49216440512	1	0.998702887367683	0.973349330313343
sample34	3	Epithelial	Gastric_or_intestinal_like_epithelial_malignancy_pending_CNV	mixed_gastric_and_intestinal_program	823	0.0151445886079552	0.0937746503635238	12559756	12183661.2037767	30	12433	12433	24690	222690	221904.628939072	1	0.9964732540261	0.970055565074411
sample32	6	Endothelial/Pericyte	Vascular_endothelial	PLVAP_EMCN_high	145	0.0150164525736953	0.0788874276746757	1152041	1131116.74790893	30	2497	2497	4350	16165	16164.5042993086	1	0.999969334940214	0.981837233144419
sample17	15	Endothelial/Pericyte	Pericyte_smooth_muscle_like	contractile	382	0.0148404882458607	0.129634831118011	4883802	4741882.57074054	30	2140	2140	11460	46308	46198.5012196324	1	0.997635424108844	0.970940789725002
sample15	17	Mast	Mast_cell	mast_cell	350	0.0145818872570762	0.0671372680173655	1226227	1182962.38610065	30	6089	6089	10500	57779	57772.0747483362	1	0.999880142410498	0.964717288153538
sample32	12	B/Plasma	Conventional_B_cell	B_cell	108	0.0145802209792117	0.0598624551304613	455311	443263.606118447	30	1733	1733	3240	6358	6349.70464982382	1	0.998695289371472	0.973540296892556
sample2	14	B/Plasma	IGHA_high_plasma	IGHA_high_antibody_secreting	86	0.0144887302589449	0.429873076870412	837545	679938.207840193	30	1253	1253	2580	290086	269547.474018601	1	0.92919849292486	0.811822896489374
sample20	19	Epithelial	Chief_like_epithelial	metallothionein_high	29	0.0144359346381516	0.0521808721360885	739228	724455.860870669	30	309	309	870	13242	13215.3784119879	1	0.997989609725714	0.980016802489447
sample16	6	Endothelial/Pericyte	Vascular_endothelial	PLVAP_EMCN_high	88	0.0143891858739744	0.0685667278753867	919257	900514.429544401	30	1537	1537	2640	9777	9776.84907060977	1	0.999984562811677	0.979611174616458
sample9	18	B/Plasma	B_or_plasma_like_stress_high	stress_high_likely_dissociation_associated	19	0.0143649772299418	0.0367758225841717	42585	42060.173687108	30	482	482	570	9602	9579.98684702268	1	0.997707440848019	0.987675793991029
sample32	2	T/NK	CCR6_IL7R_CD4_like_T	activated_costimulatory_checkpoint_high	289	0.0142331838922866	0.0550556181254662	867001	848818.687981676	30	3541	3541	8670	8092	8077.58113587176	1	0.998218133449303	0.979028499369293
sample12	13	Myeloid	FCN1_S100A8_A9_inflammatory_monocyte	inflammatory	48	0.0139668051336629	0.214965278933922	528469	488500.644437235	30	981	981	1440	13721	13507.0661607492	1	0.984408290995499	0.924369536221112
sample32	1	T/NK	CD8_GZMK_cytotoxic_T	GZMK_high_cytotoxic_memory_like	177	0.0135082249118479	0.0542923549766083	565018	554723.898801369	30	2611	2611	5310	9514	9501.63199235834	1	0.998700020218451	0.981780932291306
sample23	15	Endothelial/Pericyte	Pericyte_smooth_muscle_like	contractile	146	0.0134884509822599	0.30051286031164	522126	501361.768164235	30	1773	1773	4380	16084	16069.3500514704	1	0.999089160126235	0.960231377415096
sample17	8	B/Plasma	IGHG_high_plasma	IGHG_high_antibody_secreting	331	0.0134669377361281	0.0842822856835973	3634604	3514181.17423188	30	2039	2039	9930	12649	8514.90706816503	1	0.673168398147286	0.96686769018905
sample40	13	Myeloid	FCN1_S100A8_A9_inflammatory_monocyte	inflammatory	588	0.0134579182222753	0.0545671607342392	2284708	2221070.46817054	30	9989	9989	17640	83816	83646.064884485	1	0.997972521767742	0.972146317240778
sample17	11	Myeloid	C1Q_FOLR2_TREM2_macrophage	C1Q_FOLR2_TREM2_TAM_like	1157	0.0133799331357024	0.110700219039598	7455396	7230254.55707389	30	19848	19848	34710	401802	400878.792815573	1	0.997702333028638	0.969801544689764
sample17	13	Myeloid	FCN1_S100A8_A9_inflammatory_monocyte	inflammatory	821	0.0133627204341818	0.188398997156586	5016277	4774899.10681499	30	13069	13069	24630	148376	147671.286800434	1	0.995250490648309	0.951881067735094
sample19	15	Endothelial/Pericyte	Pericyte_smooth_muscle_like	contractile	105	0.0133581252267423	0.173059532751726	1083391	1044051.54479413	30	1815	1815	3150	24881	24842.1913192382	1	0.998440228256025	0.963688589617353
sample27	14	B/Plasma	IGHA_high_plasma	IGHA_high_antibody_secreting	45	0.013260925104556	0.618259975825298	460789	416113.7379711	30	563	563	1350	66370	65563.7842363621	1	0.98785270809646	0.903046162063548
sample12	19	Epithelial	Chief_like_epithelial	metallothionein_high	5	0.0132557309612511	0.0450213542451162	68758	68601.5735932986	30	36	36	150	1891	1890.48440358049	1	0.999727341925169	0.9977249715422
sample16	2	T/NK	CCR6_IL7R_CD4_like_T	activated_costimulatory_checkpoint_high	110	0.0131854565445177	0.0471761706571236	542894	532827.078755287	30	1452	1452	3300	5045	5037.69426573374	1	0.998551886171208	0.981456930368152
sample12	5	Fibroblast/CAF	LUM_DCN_PDGFRA_fibroblast	CCL11_CXCL14_stromal_program	27	0.0130676545725606	0.0840018420926843	276527	272317.79029318	30	159	159	810	886	883.878873295539	1	0.997605951800834	0.984778304806329
sample16	5	Fibroblast/CAF	LUM_DCN_PDGFRA_fibroblast	CCL11_CXCL14_stromal_program	36	0.013058870804242	0.0557002653621404	846519	829665.522329255	30	378	378	1080	9209	9206.74838750961	1	0.999755498697971	0.980090845367032
sample18	12	B/Plasma	Conventional_B_cell	B_cell	318	0.0130398896991858	0.049941840691679	670466	653007.294838484	30	3772	3772	9540	8926	8906.80705610103	1	0.997849771017369	0.973960342267145
sample26	4	B/Plasma	JCHAIN_TNFRSF17_plasma	antibody_secreting	409	0.0130268619462359	0.244923421210122	7051818	6673623.17744635	30	7446	7446	12270	1435385	1407016.53522871	1	0.980236337448636	0.946369174225193
sample16	22	Mesothelial	Mesothelial	mesothelial_ECM_program	12	0.0128365614432532	0.187122933779119	194046	189413.02213326	30	29	29	360	829	828.079626006329	1	0.998889778053473	0.976124332030859
sample20	15	Endothelial/Pericyte	Pericyte_smooth_muscle_like	contractile	250	0.0127960475841492	0.412891038346086	2483972	2399817.93385312	30	4600	4600	7500	51269	51031.0872048302	1	0.995359519491899	0.966121169583684
sample9	12	B/Plasma	Conventional_B_cell	B_cell	20	0.012769430364128	0.0349955003055212	50276	49433.6791642806	30	252	252	600	586	585.666824542506	1	0.999431441198815	0.983246065006775
sample40	11	Myeloid	C1Q_FOLR2_TREM2_macrophage	C1Q_FOLR2_TREM2_TAM_like	186	0.0127557803493358	0.10385231413827	1169445	1140590.84302165	30	2614	2614	5580	21783	21775.6642158005	1	0.999663233521578	0.975326623331277
sample32	20	Myeloid	CD1C_FCER1A_dendritic_cell	antigen_presentation_LAMP3_IDO1	27	0.0126922050582906	0.189853289134878	150184	146883.752569203	30	391	391	810	9870	9855.11594336997	1	0.998491990209723	0.978025306085885
sample34	21	Epithelial	Enteroendocrine_epithelial	neuroendocrine_secretory	115	0.0125502743273356	0.0678248510757138	1671342	1625934.21870943	30	1005	1005	3450	17333	17282.2529082818	1	0.997072226866776	0.972831544177933
sample18	21	Epithelial	Enteroendocrine_epithelial	neuroendocrine_secretory	67	0.0125140516354241	0.359273438394073	494798	444542.870306484	30	872	872	2010	7185	7182.83857614895	1	0.999699175525254	0.898433037939693
sample23	1	T/NK	CD8_GZMK_cytotoxic_T	GZMK_high_cytotoxic_memory_like	158	0.0124729569931123	0.0402688153439642	325932	319417.270949902	30	1965	1965	4740	5036	5032.16532410499	1	0.999238547280577	0.980011999281759
sample16	8	B/Plasma	IGHG_high_plasma	IGHG_high_antibody_secreting	30	0.0123933468122556	0.121879497502148	164169	159955.579984803	30	69	69	900	227	216.420046028598	1	0.953392273253735	0.974334862153045
sample28	12	B/Plasma	Conventional_B_cell	B_cell	180	0.0121888528800643	0.0554940435441489	588717	562728.351251221	30	2633	2633	5400	7942	7904.91775333887	1	0.995330867960069	0.955855447101444
sample38	8	B/Plasma	IGHG_high_plasma	IGHG_high_antibody_secreting	98	0.0121793086177342	0.15329529726827	1369026	1292933.73487646	30	588	588	2940	2582	2403.84820528474	1	0.93100240328611	0.944418685164827
sample23	2	T/NK	CCR6_IL7R_CD4_like_T	activated_costimulatory_checkpoint_high	146	0.0121126064343967	0.0373315061677174	330771	323837.185412363	30	1502	1502	4380	3402	3399.60095339217	1	0.999294812872479	0.979037416860496
sample15	24	T/NK	Cycling_T_cell	cycling	68	0.0121069087464024	0.0642662918491181	376755	371610.421671335	30	805	805	2040	2319	2315.99473409815	1	0.99870406817514	0.986345029717813
sample14	7	T/NK	GNLY_NK_like_cytotoxic_lymphocyte	GNLY_GZMB_high_cytotoxic	365	0.0120437806253644	0.0379093264973575	1058137	1039440.65354471	30	4439	4439	10950	15269	15229.0279064038	1	0.997382140703635	0.982330882999756
sample14	2	T/NK	CCR6_IL7R_CD4_like_T	activated_costimulatory_checkpoint_high	1383	0.0118462752565181	0.0470355816934295	4250219	4159110.62812888	30	17067	17067	41490	40957	40776.7909998508	1	0.995600043944888	0.978563840623008
sample16	7	T/NK	GNLY_NK_like_cytotoxic_lymphocyte	GNLY_GZMB_high_cytotoxic	169	0.0118391595068315	0.0347104708833142	630853	619115.352894146	30	2993	2993	5070	16712	16689.6629988554	1	0.998663415441323	0.981394006042844
sample14	1	T/NK	CD8_GZMK_cytotoxic_T	GZMK_high_cytotoxic_memory_like	1267	0.0118221991806539	0.0508631753526116	3473512	3399445.05637396	30	15382	15382	38010	38350	38206.2684309765	1	0.996252110325332	0.978676640925368
sample40	10	T/NK	IFNG_CCL4_CD8_cytotoxic_T	IFNG_CCL4_TNF_high_activated	93	0.0117526655297334	0.039563662170104	195423	189936.80193756	30	1302	1302	2790	8807	8787.33406405921	1	0.997767010793597	0.971926548756083
sample20	20	Myeloid	CD1C_FCER1A_dendritic_cell	antigen_presentation_LAMP3_IDO1	23	0.0116491986856507	0.151586607750645	148661	146137.889769977	30	371	371	690	11066	11044.7204960369	1	0.998077037415226	0.983027759600547
sample18	9	Epithelial	Pit_surface_mucous_like_epithelial	MUC5AC_CYP3A5_CLDN4_high	263	0.0114891076373471	0.280289105227173	408641	374656.443156654	30	3213	3213	7890	11260	11221.4905926967	1	0.996579981589409	0.916835176002051
sample16	1	T/NK	CD8_GZMK_cytotoxic_T	GZMK_high_cytotoxic_memory_like	174	0.0113933720145036	0.0389762172830453	764399	749933.993350364	30	3006	3006	5220	14193	14166.8736201135	1	0.998159206659164	0.981076627978797
sample17	16	Epithelial	Mucous_neck_chief_like_epithelial	MUC6_TFF2_glandular_secretory	40	0.0113778838959928	0.282048984320014	177572	165890.7007082	30	45	45	1200	1255	1229.86410584898	1	0.979971399082852	0.934216547136937
sample38	4	B/Plasma	JCHAIN_TNFRSF17_plasma	antibody_secreting	11	0.0113632398076889	0.329729947437337	77571	72370.4064758416	30	99	99	330	39643	39642.7492667118	1	0.999993675219124	0.932956987480394
sample1	18	B/Plasma	B_or_plasma_like_stress_high	stress_high_likely_dissociation_associated	37	0.011058863272749	0.0506653095309701	138859	137178.281898988	30	989	989	1110	23369	23258.5289938986	1	0.995272754242741	0.987896224940318
sample40	17	Mast	Mast_cell	mast_cell	98	0.0109478496606327	0.0356035135468782	261840	257894.675466176	30	1523	1523	2940	11657	11656.3281313545	1	0.999942363503002	0.984932307768774
sample19	22	Mesothelial	Mesothelial	mesothelial_ECM_program	14	0.0108992737806428	0.0389115575319974	310037	303609.856681331	30	333	333	420	7391	7378.28270351781	1	0.998279353743446	0.979269753872381
sample40	6	Endothelial/Pericyte	Vascular_endothelial	PLVAP_EMCN_high	756	0.0108736444902065	0.0411566666422175	5790577	5704945.66382253	30	13327	13327	22680	59125	59119.9788354085	1	0.999915075440314	0.985211951040895
sample40	15	Endothelial/Pericyte	Pericyte_smooth_muscle_like	contractile	293	0.0107764620070911	0.0440504574756315	2044711	2008350.79755193	30	4939	4939	8790	39260	39238.4196833935	1	0.999450323061474	0.982217436866104
sample1	14	B/Plasma	IGHA_high_plasma	IGHA_high_antibody_secreting	26	0.0107485763522886	0.381341979717285	159038	149097.408803311	30	323	323	780	55719	54877.8435996164	1	0.984903598406584	0.937495496694569
sample17	7	T/NK	GNLY_NK_like_cytotoxic_lymphocyte	GNLY_GZMB_high_cytotoxic	87	0.010488781500438	0.0428366614195103	157825	155375.013433024	30	1175	1175	2610	5263	5261.48329625216	1	0.99971181764244	0.984476562224134
sample3	16	Epithelial	Mucous_neck_chief_like_epithelial	MUC6_TFF2_glandular_secretory	17	0.0104867879028893	0.211547082156332	133891	132208.767273694	30	100	100	510	1985	1983.30903440223	1	0.999148128162332	0.987435804301217
sample33	9	Epithelial	Pit_surface_mucous_like_epithelial	MUC5AC_CYP3A5_CLDN4_high	461	0.0103546919459345	0.0838755576927927	1114741	1021630.20013076	30	5425	5425	13830	17571	17373.2712281875	1	0.988746868600961	0.916473153970976
sample16	10	T/NK	IFNG_CCL4_CD8_cytotoxic_T	IFNG_CCL4_TNF_high_activated	66	0.0102613674579799	0.032109679763573	271762	267223.092747733	30	1063	1063	1980	9003	8986.15116412505	1	0.998128530948023	0.98329822693288
sample7	8	B/Plasma	IGHG_high_plasma	IGHG_high_antibody_secreting	81	0.0102033433083204	0.326351992846556	636806	566869.072874029	30	1366	1366	2430	246258	242130.729216738	1	0.983240053995149	0.890175458262059
sample14	10	T/NK	IFNG_CCL4_CD8_cytotoxic_T	IFNG_CCL4_TNF_high_activated	258	0.0101838358454978	0.053203522535663	710953	694844.685790941	30	3556	3556	7740	22366	22312.1536124055	1	0.997592489153427	0.977342645422328
sample11	20	Myeloid	CD1C_FCER1A_dendritic_cell	antigen_presentation_LAMP3_IDO1	12	0.0101106525018753	0.0689925611277669	156984	153983.456377558	30	250	250	360	12380	12335.1204171921	1	0.996374831760266	0.98088630928985
sample40	20	Myeloid	CD1C_FCER1A_dendritic_cell	antigen_presentation_LAMP3_IDO1	161	0.0100887601917261	0.0348682843970688	1051920	1038406.1789578	30	2689	2689	4830	52426	52373.121009341	1	0.998991359427402	0.987153185563347
sample40	5	Fibroblast/CAF	LUM_DCN_PDGFRA_fibroblast	CCL11_CXCL14_stromal_program	270	0.0100331598972297	0.17955238226229	1989486	1903539.94757511	30	3159	3159	8100	45343	45316.7843084044	1	0.999421835970368	0.956799870707865
sample38	22	Mesothelial	Mesothelial	mesothelial_ECM_program	89	0.0100327148077363	0.100048492166145	1926680	1854296.84951856	30	1986	1986	2670	56187	55671.2601754329	1	0.990821011540622	0.962431150745616
sample33	7	T/NK	GNLY_NK_like_cytotoxic_lymphocyte	GNLY_GZMB_high_cytotoxic	403	0.0100183071133149	0.0336923878910994	1001524	986433.808045307	30	6741	6741	12090	37292	37272.0483989321	1	0.999464989781512	0.98493277050306
sample20	6	Endothelial/Pericyte	Vascular_endothelial	PLVAP_EMCN_high	447	0.00991597005756861	0.0481211309778438	4299769	4227027.78284342	30	9296	9296	13410	69046	69044.2136546304	1	0.999974128184549	0.983082529048286
sample7	4	B/Plasma	JCHAIN_TNFRSF17_plasma	antibody_secreting	269	0.00991209106396591	0.170803753169554	5677748	5480150.71430635	30	4944	4944	8070	1285399	1272088.49230323	1	0.989644843588049	0.965197947197788
sample32	3	Epithelial	Gastric_or_intestinal_like_epithelial_malignancy_pending_CNV	mixed_gastric_and_intestinal_program	338	0.00984451592851109	0.132932206523174	3605772	3507350.52353382	30	7284	7284	10140	300137	299835.148594007	1	0.998994287921873	0.972704464823016
sample7	18	B/Plasma	B_or_plasma_like_stress_high	stress_high_likely_dissociation_associated	22	0.00976736373433301	0.150336140017652	120209	114992.51368912	30	602	602	660	22805	22418.8915310611	1	0.983069130938875	0.956604860610435
sample40	19	Epithelial	Chief_like_epithelial	metallothionein_high	4	0.00976228677933799	0.701755929502899	35764	31868.5980123778	30	22	22	120	744	727.452095447191	1	0.977758192805364	0.891080360484785
sample23	5	Fibroblast/CAF	LUM_DCN_PDGFRA_fibroblast	CCL11_CXCL14_stromal_program	531	0.00975792222389406	0.0620253123967404	2245115	2199350.01862732	30	9431	9431	15930	102101	102081.597822398	1	0.999809970738756	0.979615751811075
sample30	4	B/Plasma	JCHAIN_TNFRSF17_plasma	antibody_secreting	356	0.00972086181426783	0.634436352377735	3892314	3450104.92968452	30	6030	6030	10680	925559	840521.340343909	1	0.908122918521574	0.886389158142053
sample40	3	Epithelial	Gastric_or_intestinal_like_epithelial_malignancy_pending_CNV	mixed_gastric_and_intestinal_program	51	0.00969688464107338	0.159166857252149	622479	597537.625989499	30	1063	1063	1530	22302	22279.8725196801	1	0.999007825292805	0.959932184040746
sample36	11	Myeloid	C1Q_FOLR2_TREM2_macrophage	C1Q_FOLR2_TREM2_TAM_like	68	0.00964400668645733	0.753684341984136	169786	129040.962114513	30	580	580	2040	2268	2265.89488481019	1	0.99907181869938	0.760021215615614
sample25	2	T/NK	CCR6_IL7R_CD4_like_T	activated_costimulatory_checkpoint_high	282	0.00957589507988962	0.0842123856226707	718730	694443.308509743	30	2349	2349	8460	4449	4438.24844505651	1	0.997583377176109	0.966208880260658
sample23	6	Endothelial/Pericyte	Vascular_endothelial	PLVAP_EMCN_high	652	0.0095720001558318	0.188243548568039	2931944	2846034.64491368	30	10455	10455	19560	52086	52082.4622527169	1	0.999932078729733	0.970698841762899
sample33	1	T/NK	CD8_GZMK_cytotoxic_T	GZMK_high_cytotoxic_memory_like	754	0.0094469759411071	0.0367127773397253	1907281	1872951.80922364	30	12700	12700	22620	41840	41792.9901511437	1	0.998876437646837	0.982000978997661
sample19	19	Epithelial	Chief_like_epithelial	metallothionein_high	6	0.00939226770429873	0.392629354160969	104793	98497.3642146418	30	49	49	180	3068	3032.281719105	1	0.988357796318448	0.939923126684433
sample9	2	T/NK	CCR6_IL7R_CD4_like_T	activated_costimulatory_checkpoint_high	203	0.00928926089431558	0.0277040149595266	532086	525503.451043269	30	1969	1969	6090	4855	4851.96235960524	1	0.999374327416116	0.987628787532971
sample25	11	Myeloid	C1Q_FOLR2_TREM2_macrophage	C1Q_FOLR2_TREM2_TAM_like	38	0.00925965878422054	0.13072930522538	253734	249196.985939991	30	478	478	1140	3040	3039.79036685943	1	0.999931041730077	0.982119014164406
sample14	5	Fibroblast/CAF	LUM_DCN_PDGFRA_fibroblast	CCL11_CXCL14_stromal_program	249	0.00925104229984366	0.0924309695889568	1523454	1486851.09833585	30	4493	4493	7470	45752	45747.8517670399	1	0.999909332204928	0.975973740156151
sample33	2	T/NK	CCR6_IL7R_CD4_like_T	activated_costimulatory_checkpoint_high	783	0.00916978130512765	0.0393341998419233	2178514	2141548.83481951	30	9613	9613	23490	22378	22358.8425863679	1	0.999143917524707	0.983031935906546
sample17	5	Fibroblast/CAF	LUM_DCN_PDGFRA_fibroblast	CCL11_CXCL14_stromal_program	1134	0.00907212070512722	0.175912685408186	15475371	14928557.2733935	30	10180	10180	34020	90369	88966.2145223759	1	0.984477138425521	0.964665549756026
sample31	4	B/Plasma	JCHAIN_TNFRSF17_plasma	antibody_secreting	199	0.00903940392762408	0.0978455063602297	3098786	3024849.56256855	30	3410	3410	5970	771432	770828.735979084	1	0.999217994559577	0.976140192503952
sample15	23	T/NK	CCR6_KLRB1_CCL20_CD4_like_T	Th17_like_CCL20_high	28	0.00894143388516428	0.0366020818659919	96812	95635.0356414014	30	639	639	840	8104	8061.26975788034	1	0.99472726528632	0.98784278438005
sample36	12	B/Plasma	Conventional_B_cell	B_cell	127	0.00889322843935992	0.0226588193330328	764523	753411.158934592	30	2191	2191	3810	7189	7181.54619470867	1	0.998963165211945	0.985465654969951
sample25	21	Epithelial	Enteroendocrine_epithelial	neuroendocrine_secretory	220	0.00881542379058757	0.113439899353255	1501330	1279722.01229011	30	3551	3551	6600	116849	116819.6527797	1	0.999748844916943	0.852392220424632
sample25	1	T/NK	CD8_GZMK_cytotoxic_T	GZMK_high_cytotoxic_memory_like	449	0.00881214110373116	0.0740411860613253	1279319	1251294.43882513	30	6757	6757	13470	18680	18660.9474472104	1	0.998980056060513	0.978094156989094
sample9	5	Fibroblast/CAF	LUM_DCN_PDGFRA_fibroblast	CCL11_CXCL14_stromal_program	190	0.00879415024069147	0.0303953484997177	703605	694933.701443791	30	3252	3252	5700	34323	34322.4070228474	1	0.99998272362111	0.987675899750273
sample14	19	Epithelial	Chief_like_epithelial	metallothionein_high	109	0.00875185933076907	0.195970331017005	545075	518633.135431354	30	1430	1430	3270	25288	25052.0549456192	1	0.990669683075737	0.951489493063072
sample32	8	B/Plasma	IGHG_high_plasma	IGHG_high_antibody_secreting	36	0.00863355808190705	0.353848119884041	136112	128762.076182523	30	153	153	1080	372	348.919652255701	1	0.93795605445081	0.946000912355435
sample19	9	Epithelial	Pit_surface_mucous_like_epithelial	MUC5AC_CYP3A5_CLDN4_high	21	0.00862515814478177	0.409990408209805	117048	81279.0729314052	30	27	27	630	35	27.1779717228591	1	0.776513477795974	0.694408045685575
sample4	12	B/Plasma	Conventional_B_cell	B_cell	60	0.00857304165502954	0.0270330623107461	206166	203797.851997629	30	894	894	1800	3198	3195.87988857626	1	0.999337050836856	0.988513392109409
sample14	6	Endothelial/Pericyte	Vascular_endothelial	PLVAP_EMCN_high	137	0.00848937904960124	0.116305411189969	1084122	1065477.42184196	30	2411	2411	4110	15514	15513.7398156791	1	0.999983229062722	0.982802140203743
sample28	2	T/NK	CCR6_IL7R_CD4_like_T	activated_costimulatory_checkpoint_high	418	0.00844932183639176	0.037420591322618	1355518	1329270.12189946	30	4467	4467	12540	9443	9425.29978465057	1	0.998125572874147	0.980636274766889
sample22	20	Myeloid	CD1C_FCER1A_dendritic_cell	antigen_presentation_LAMP3_IDO1	19	0.00843480814483753	0.190503112869234	121488	114765.443456569	30	278	278	570	6895	6833.48096736155	1	0.991077732757295	0.944664851315101
sample38	19	Epithelial	Chief_like_epithelial	metallothionein_high	20	0.00839625547027463	0.0506038547337635	405244	397374.964241855	30	183	183	600	2964	2938.96046244454	1	0.991552112835538	0.980581980835878
sample14	3	Epithelial	Gastric_or_intestinal_like_epithelial_malignancy_pending_CNV	mixed_gastric_and_intestinal_program	560	0.00835964455456065	0.0695453719423171	4661537	4581399.15817784	30	9514	9514	16800	174170	173866.091727762	1	0.998255105516233	0.982808708410518
sample7	12	B/Plasma	Conventional_B_cell	B_cell	93	0.00822598323965955	0.0279342119043584	310898	307405.413223171	30	1378	1378	2790	4464	4460.69688613171	1	0.999260055137032	0.988766133018452
sample23	13	Myeloid	FCN1_S100A8_A9_inflammatory_monocyte	inflammatory	48	0.0081986815880072	0.0406244813174353	221264	216814.583592332	30	645	645	1440	5620	5618.4883030537	1	0.999731014778238	0.979890915794399
sample17	22	Mesothelial	Mesothelial	mesothelial_ECM_program	293	0.00819723899093474	0.0828821389802411	5093029	4961500.92912523	30	3589	3589	8790	80312	80029.696615627	1	0.996484916520906	0.974174882790816
sample6	11	Myeloid	C1Q_FOLR2_TREM2_macrophage	C1Q_FOLR2_TREM2_TAM_like	30	0.00819249799006743	0.0217638876913603	141751	141095.441861737	30	359	359	900	3364	3363.98095367534	1	0.999994338191241	0.995375283855051
sample21	21	Epithelial	Enteroendocrine_epithelial	neuroendocrine_secretory	86	0.00818468315313147	0.151469084199785	1409183	1301341.19907403	30	1722	1722	2580	27700	27689.8256445525	1	0.999632694749189	0.923472110488155
sample38	1	T/NK	CD8_GZMK_cytotoxic_T	GZMK_high_cytotoxic_memory_like	199	0.00813105529018717	0.0439351507524431	576386	567404.180594836	30	2835	2835	5970	7879	7873.72777903271	1	0.999330851508149	0.984417006302783
sample40	23	T/NK	CCR6_KLRB1_CCL20_CD4_like_T	Th17_like_CCL20_high	25	0.00810747487872334	0.0215139494450646	61162	59882.654027893	30	524	524	750	4798	4761.65462494509	1	0.992424890567964	0.979082666163516
sample9	1	T/NK	CD8_GZMK_cytotoxic_T	GZMK_high_cytotoxic_memory_like	316	0.00809817404207997	0.0238297813765988	843879	834045.838851419	30	4747	4747	9480	13109	13101.2411362422	1	0.999408126954171	0.988347664595776
sample25	10	T/NK	IFNG_CCL4_CD8_cytotoxic_T	IFNG_CCL4_TNF_high_activated	225	0.00807340249077556	0.0774573758265415	606236	591183.515290356	30	3286	3286	6750	19128	19106.5149530591	1	0.998876775044911	0.97517058586154
sample2	12	B/Plasma	Conventional_B_cell	B_cell	98	0.0080532791169611	0.0362826352665323	379831	372426.865290486	30	1519	1519	2940	5550	5543.66765284895	1	0.998859036549361	0.98050676561546
sample17	20	Myeloid	CD1C_FCER1A_dendritic_cell	antigen_presentation_LAMP3_IDO1	140	0.00805144972777562	0.161761652299037	705384	680031.052463335	30	2261	2261	4200	57006	56819.2619747662	1	0.99672423911108	0.964057949235217
sample32	11	Myeloid	C1Q_FOLR2_TREM2_macrophage	C1Q_FOLR2_TREM2_TAM_like	41	0.0078792728205073	0.0953160940481723	506752	499937.227165691	30	703	703	1230	11107	11106.7002698729	1	0.999973014303855	0.986552055375591
sample23	9	Epithelial	Pit_surface_mucous_like_epithelial	MUC5AC_CYP3A5_CLDN4_high	160	0.00768582798505948	0.267778810027778	679359	648559.538334455	30	1461	1461	4800	3810	3631.65674733547	1	0.953190747332144	0.954663938115864
sample34	22	Mesothelial	Mesothelial	mesothelial_ECM_program	20	0.00765562733101517	0.0485460750940044	319614	316273.551361351	30	67	67	600	848	847.262588046961	1	0.999130410432737	0.989548490871335
sample21	8	B/Plasma	IGHG_high_plasma	IGHG_high_antibody_secreting	21	0.00764852746110754	0.819263080674825	101591	90288.651778721	30	231	231	630	31449	31368.769298261	1	0.9974488631836	0.888746560017335
sample35	22	Mesothelial	Mesothelial	mesothelial_ECM_program	286	0.00761801374763441	0.0186573900339299	1008816	998042.766718174	30	3266	3266	8580	21667	21664.1258683294	1	0.99986734980982	0.989320913544367
sample15	6	Endothelial/Pericyte	Vascular_endothelial	PLVAP_EMCN_high	469	0.00759692377627527	0.0749912636945434	4831621	4699845.9704693	30	8572	8572	14070	65904	65898.7062378093	1	0.999919674645079	0.972726538457652
sample12	9	Epithelial	Pit_surface_mucous_like_epithelial	MUC5AC_CYP3A5_CLDN4_high	8	0.00758142781821422	0.305624470633048	16972	16018.0992678401	30	7	7	240	18	17.9995472160752	1	0.999974845337509	0.943795620306392
sample32	5	Fibroblast/CAF	LUM_DCN_PDGFRA_fibroblast	CCL11_CXCL14_stromal_program	123	0.00757870127345561	0.0425868294914936	1610124	1590767.21775239	30	2504	2504	3690	50239	50235.944261498	1	0.999939175968829	0.987978079795341
sample11	5	Fibroblast/CAF	LUM_DCN_PDGFRA_fibroblast	CCL11_CXCL14_stromal_program	74	0.00755232883727294	0.170422786382134	849987	823612.508103504	30	874	874	2220	20134	20129.04871918	1	0.999754083598888	0.968970711438532
sample28	1	T/NK	CD8_GZMK_cytotoxic_T	GZMK_high_cytotoxic_memory_like	627	0.00750386089255633	0.0226544247521275	2373460	2330674.05160248	30	10013	10013	18810	33838	33729.8960808075	1	0.996805250925217	0.98197317485969
sample28	3	Epithelial	Gastric_or_intestinal_like_epithelial_malignancy_pending_CNV	mixed_gastric_and_intestinal_program	146	0.00749409500813798	0.0403444380692842	1363366	1334980.2727365	30	3159	3159	4380	106895	106822.444142471	1	0.999321241802436	0.979179672029739
sample6	4	B/Plasma	JCHAIN_TNFRSF17_plasma	antibody_secreting	276	0.00746941674398421	0.262431017938415	5977786	5650168.5277065	30	5413	5413	8280	1256073	1207590.69902319	1	0.961401685270832	0.9451941785314
sample5	12	B/Plasma	Conventional_B_cell	B_cell	69	0.007463878326565	0.0304913469118465	269171	265786.463700434	30	1139	1139	2070	3582	3578.83942367892	1	0.999117650384958	0.987426073761416
sample38	11	Myeloid	C1Q_FOLR2_TREM2_macrophage	C1Q_FOLR2_TREM2_TAM_like	111	0.0074409424958513	0.162268385331046	1349982	1308965.62228201	30	1975	1975	3330	30694	30674.9116253002	1	0.999378107294592	0.969617092881247
sample32	15	Endothelial/Pericyte	Pericyte_smooth_muscle_like	contractile	56	0.00743561705037996	0.0894164121492032	640019	625696.102990942	30	1074	1074	1680	20200	20189.9442437068	1	0.999502190282513	0.977621137795819
sample27	12	B/Plasma	Conventional_B_cell	B_cell	122	0.00741184121355773	0.0452839911828974	305054	299651.911322193	30	812	812	3660	1750	1745.03805764101	1	0.997164604366291	0.982291369141835
sample1	12	B/Plasma	Conventional_B_cell	B_cell	96	0.00739762214312604	0.0238519425085104	426699	422207.321413198	30	1603	1603	2880	4938	4934.48541724793	1	0.999288257846887	0.989473426029116
sample23	4	B/Plasma	JCHAIN_TNFRSF17_plasma	antibody_secreting	171	0.00735102397367934	0.210165374803633	1770011	1708078.59374453	30	2613	2613	5130	425000	424704.086683551	1	0.99930373337306	0.965010157419662
sample36	9	Epithelial	Pit_surface_mucous_like_epithelial	MUC5AC_CYP3A5_CLDN4_high	295	0.00733448670476245	0.140434496581522	876437	838571.882434558	30	4156	4156	8850	21682	21653.8273870678	1	0.998700645100442	0.956796532362917
sample18	3	Epithelial	Gastric_or_intestinal_like_epithelial_malignancy_pending_CNV	mixed_gastric_and_intestinal_program	649	0.00714693022480294	0.0399273365421866	2101335	2045071.54162044	30	11407	11407	19470	192114	191938.087172047	1	0.999084331032861	0.973224898276782
sample23	21	Epithelial	Enteroendocrine_epithelial	neuroendocrine_secretory	49	0.00709409472214036	0.945238698593306	226407	173266.312600989	30	515	515	1470	15616	15615.9128116142	1	0.999994416727342	0.765286906327936
sample18	2	T/NK	CCR6_IL7R_CD4_like_T	activated_costimulatory_checkpoint_high	561	0.00709017103643598	0.0315085375254332	1168268	1143351.32485558	30	5855	5855	16830	12396	12375.1523204119	1	0.998318192998697	0.978672123909566
sample2	18	B/Plasma	B_or_plasma_like_stress_high	stress_high_likely_dissociation_associated	35	0.00701107193658418	0.0396555964773129	129666	122107.845435638	30	928	928	1050	20365	19511.1319570311	1	0.958071787725565	0.941710590560653
sample9	15	Endothelial/Pericyte	Pericyte_smooth_muscle_like	contractile	27	0.00696650443071829	0.0374467527238196	116091	114881.899041815	30	355	355	810	4593	4592.84739110341	1	0.999966773590989	0.989584886354797
sample28	5	Fibroblast/CAF	LUM_DCN_PDGFRA_fibroblast	CCL11_CXCL14_stromal_program	377	0.00694749370108962	0.0509225053974405	2377010	2328781.20497568	30	7174	7174	11310	112747	112739.711080454	1	0.999935351543312	0.97971031042178
sample9	10	T/NK	IFNG_CCL4_CD8_cytotoxic_T	IFNG_CCL4_TNF_high_activated	153	0.00673752157342165	0.0250492188463421	392310	386235.609431141	30	2286	2286	4590	13164	13153.2502725215	1	0.999183399614209	0.984516350414571
sample29	1	T/NK	CD8_GZMK_cytotoxic_T	GZMK_high_cytotoxic_memory_like	190	0.00667149339622886	0.0337872315403063	330484	323463.095356745	30	2499	2499	5700	6624	6620.2305793521	1	0.999430944950498	0.978755689705842
sample40	16	Epithelial	Mucous_neck_chief_like_epithelial	MUC6_TFF2_glandular_secretory	10	0.00666065438143024	0.532454711565922	84028	79130.3926504118	30	110	110	300	3012	3010.22626908628	1	0.999411111914435	0.941714579073783
sample6	12	B/Plasma	Conventional_B_cell	B_cell	76	0.00665161080350279	0.0306362295043565	347547	344086.128519905	30	1366	1366	2280	5427	5424.11717455563	1	0.999468799439032	0.990042004448045
sample9	6	Endothelial/Pericyte	Vascular_endothelial	PLVAP_EMCN_high	88	0.00664925941706998	0.0267545530036645	524470	519624.775239358	30	1575	1575	2640	10469	10468.9566541964	1	0.999995859604208	0.99076167414601
sample11	6	Endothelial/Pericyte	Vascular_endothelial	PLVAP_EMCN_high	31	0.00664590219565793	0.0652504658584544	288272	282013.772974092	30	556	556	930	3972	3971.74873450358	1	0.999936740811577	0.978290548419868
sample30	18	B/Plasma	B_or_plasma_like_stress_high	stress_high_likely_dissociation_associated	53	0.00660345960486291	0.0338417374691949	144156	140153.522257352	30	1376	1376	1590	19044	18734.329717239	1	0.98373922060696	0.972235094323868
sample17	3	Epithelial	Gastric_or_intestinal_like_epithelial_malignancy_pending_CNV	mixed_gastric_and_intestinal_program	421	0.00657571668706245	0.903615411226659	6659210	6075671.52779339	30	7198	7198	12630	248372	247596.893056457	1	0.996879249901184	0.912371216374523
sample13	6	Endothelial/Pericyte	Vascular_endothelial	PLVAP_EMCN_high	77	0.00657315186675432	0.0672306169098453	165654	161844.446730162	30	816	816	2310	1921	1920.8445487871	1	0.999919077973504	0.977002950307036
sample32	17	Mast	Mast_cell	mast_cell	62	0.00645417897584435	0.0312665118156244	244036	239610.474366405	30	1131	1131	1860	15832	15831.3661316201	1	0.999959962836037	0.981865275477409
sample20	3	Epithelial	Gastric_or_intestinal_like_epithelial_malignancy_pending_CNV	mixed_gastric_and_intestinal_program	86	0.00643165703617629	0.795499956485627	1641284	1470593.75531614	30	1456	1456	2580	35455	34631.846248084	1	0.97678314054672	0.896002005330056
sample28	11	Myeloid	C1Q_FOLR2_TREM2_macrophage	C1Q_FOLR2_TREM2_TAM_like	213	0.00640368305610599	0.0521848859297735	2053743	2027125.1555632	30	4000	4000	6390	60593	60588.3490970594	1	0.999923243560468	0.987039349891005
sample15	5	Fibroblast/CAF	LUM_DCN_PDGFRA_fibroblast	CCL11_CXCL14_stromal_program	306	0.00637616803755049	0.115970768344875	2877215	2787449.57005422	30	6106	6106	9180	110447	110435.038170875	1	0.999891696206101	0.968801278338329
sample36	16	Epithelial	Mucous_neck_chief_like_epithelial	MUC6_TFF2_glandular_secretory	51	0.00631469742542201	0.0198167047200668	459005	456976.620873796	30	518	518	1530	18248	18243.4885282162	1	0.999752768972829	0.9955809215015
sample15	15	Endothelial/Pericyte	Pericyte_smooth_muscle_like	contractile	250	0.00629581171769064	0.161716767471655	2807487	2755906.66832291	30	4305	4305	7500	68692	68678.1405058555	1	0.999798237143416	0.981627579512536
sample29	2	T/NK	CCR6_IL7R_CD4_like_T	activated_costimulatory_checkpoint_high	247	0.00627159052957768	0.0242254102829607	467942	461086.589140563	30	2591	2591	7410	4829	4826.41172599118	1	0.999464014493929	0.985349870583454
sample14	16	Epithelial	Mucous_neck_chief_like_epithelial	MUC6_TFF2_glandular_secretory	158	0.00619247882353922	0.0433477515593056	1940064	1907152.02178723	30	1684	1684	4740	48071	47992.3601787577	1	0.998364090174069	0.98303562242649
sample28	10	T/NK	IFNG_CCL4_CD8_cytotoxic_T	IFNG_CCL4_TNF_high_activated	182	0.00619197120414464	0.0493061695752124	701831	669845.814292782	30	2825	2825	5460	23949	23703.9415623606	1	0.989767487676338	0.954426085899287
sample33	10	T/NK	IFNG_CCL4_CD8_cytotoxic_T	IFNG_CCL4_TNF_high_activated	130	0.00619009085684103	0.0206418768645184	300696	291703.901952345	30	1850	1850	3900	9173	9040.87701848347	1	0.985596535319249	0.970095717775909
sample18	1	T/NK	CD8_GZMK_cytotoxic_T	GZMK_high_cytotoxic_memory_like	521	0.00613675796105191	0.0238293777991138	1179542	1148509.49691091	30	6956	6956	15630	18057	17997.3505503792	1	0.996696602446655	0.973691057131417
sample35	14	B/Plasma	IGHA_high_plasma	IGHA_high_antibody_secreting	35	0.0061084089916892	0.281231109218757	282668	262337.694451202	30	442	442	1050	175225	168981.617592818	1	0.96436933995045	0.928077088496758
sample18	10	T/NK	IFNG_CCL4_CD8_cytotoxic_T	IFNG_CCL4_TNF_high_activated	148	0.00609705055091929	0.0283194751866186	290956	278313.844412149	30	1879	1879	4440	9829	9771.42801969736	1	0.994142641133112	0.956549596544319
sample18	17	Mast	Mast_cell	mast_cell	357	0.00609101770434073	0.0246603361919638	712635	698067.089587184	30	5105	5105	10710	20568	20565.8143094702	1	0.999893733443707	0.979557683227998
sample3	12	B/Plasma	Conventional_B_cell	B_cell	33	0.00606917181108091	0.0184741614360529	165041	164097.898078798	30	408	408	990	1337	1335.41513799511	1	0.998814613309732	0.994285650709813
sample30	12	B/Plasma	Conventional_B_cell	B_cell	372	0.0060495891676257	0.0203333429188101	752858	744756.972063404	30	4683	4683	11160	10831	10821.5502703754	1	0.999127529348662	0.989239633587482
sample34	16	Epithelial	Mucous_neck_chief_like_epithelial	MUC6_TFF2_glandular_secretory	293	0.00600897079753577	0.0860256576161418	7258921	7074602.3162888	30	1276	1276	8790	23288	22932.4433093136	1	0.98473219294545	0.974607977726828
sample23	11	Myeloid	C1Q_FOLR2_TREM2_macrophage	C1Q_FOLR2_TREM2_TAM_like	83	0.00600683617778994	0.0333887379818398	593430	586171.477145149	30	1436	1436	2490	17050	17048.8566830534	1	0.999932943287589	0.987768527282324
sample36	6	Endothelial/Pericyte	Vascular_endothelial	PLVAP_EMCN_high	19	0.00598582521049017	0.215544611518724	145294	138576.385577922	30	237	237	570	1570	1569.96178469791	1	0.999975659043256	0.953765369374658
sample40	24	T/NK	Cycling_T_cell	cycling	5	0.00597986137334606	0.207040939662555	92629	91681.2850992223	30	69	69	150	460	459.81684613731	1	0.999601839428936	0.989768702017968
sample23	10	T/NK	IFNG_CCL4_CD8_cytotoxic_T	IFNG_CCL4_TNF_high_activated	100	0.0059618933819206	0.0241494211703402	185394	182698.201018447	30	1321	1321	3000	6598	6594.41259579166	1	0.999456289146963	0.985459081838934
sample32	10	T/NK	IFNG_CCL4_CD8_cytotoxic_T	IFNG_CCL4_TNF_high_activated	49	0.00593808656848665	0.0322505363554776	156339	154681.711178003	30	735	735	1470	4530	4526.46884043728	1	0.999220494577766	0.989399389646874
sample33	13	Myeloid	FCN1_S100A8_A9_inflammatory_monocyte	inflammatory	104	0.00591199346227069	0.301565712224454	449216	422819.056006576	30	1870	1870	3120	22111	22095.2697893643	1	0.999288579863609	0.941237747557024
sample23	7	T/NK	GNLY_NK_like_cytotoxic_lymphocyte	GNLY_GZMB_high_cytotoxic	68	0.00579091967255126	0.0295810466645373	148870	146575.311591679	30	1126	1126	2040	4001	3999.69949246189	1	0.999674954376878	0.984585958162685
sample13	9	Epithelial	Pit_surface_mucous_like_epithelial	MUC5AC_CYP3A5_CLDN4_high	67	0.00578376593530618	0.405812786582651	117421	106205.380858101	30	751	751	2010	3913	3876.48927602339	1	0.990669377976845	0.90448370272865
sample4	14	B/Plasma	IGHA_high_plasma	IGHA_high_antibody_secreting	26	0.00571070856217684	0.261880695211774	274282	261646.484109142	30	340	340	780	58456	57333.7749083644	1	0.980802225748672	0.953932391149045
sample9	7	T/NK	GNLY_NK_like_cytotoxic_lymphocyte	GNLY_GZMB_high_cytotoxic	53	0.00569438645901304	0.0140605288639364	141031	140185.409463111	30	935	935	1590	4137	4136.16802375479	1	0.999798893825185	0.994004222214344
sample18	7	T/NK	GNLY_NK_like_cytotoxic_lymphocyte	GNLY_GZMB_high_cytotoxic	273	0.00567866087333216	0.020726799212592	609552	600798.329711924	30	3878	3878	8190	15357	15347.5039947841	1	0.999381649722219	0.985639173871833
sample3	9	Epithelial	Pit_surface_mucous_like_epithelial	MUC5AC_CYP3A5_CLDN4_high	109	0.00555295502769595	0.361944851972241	258209	237526.307705401	30	1363	1363	3270	7067	7060.7194543555	1	0.999111285461369	0.919899413674199
sample29	7	T/NK	GNLY_NK_like_cytotoxic_lymphocyte	GNLY_GZMB_high_cytotoxic	164	0.00548327343124079	0.0230821783323079	300539	292149.805293248	30	2199	2199	4920	7909	7894.44385693622	1	0.99815954696374	0.97208616949297
sample28	13	Myeloid	FCN1_S100A8_A9_inflammatory_monocyte	inflammatory	61	0.00546373486183803	0.0304673576203023	306566	304388.41141801	30	571	571	1830	6574	6572.93349307317	1	0.999837768949372	0.992896835976626
sample36	13	Myeloid	FCN1_S100A8_A9_inflammatory_monocyte	inflammatory	46	0.00542849204619789	0.566454106567704	97810	78634.7756072624	30	642	642	1380	8292	8288.94560634914	1	0.999631645724692	0.803954356479525
sample8	16	Epithelial	Mucous_neck_chief_like_epithelial	MUC6_TFF2_glandular_secretory	58	0.00541810405962403	0.026998013298111	1080532	1073750.12639307	30	354	354	1740	8109	8107.26036989013	1	0.999785469218168	0.993723579119426
sample18	5	Fibroblast/CAF	LUM_DCN_PDGFRA_fibroblast	CCL11_CXCL14_stromal_program	511	0.00540229676298841	0.0275413969231699	2320991	2286473.17458948	30	9155	9155	15330	100377	100370.210923581	1	0.999932364222691	0.985127979638648
sample11	15	Endothelial/Pericyte	Pericyte_smooth_muscle_like	contractile	31	0.00533505807791408	0.0387059882871811	295182	291662.333523463	30	445	445	930	4444	4442.58757621061	1	0.999682172864674	0.988076283524955
sample16	20	Myeloid	CD1C_FCER1A_dendritic_cell	antigen_presentation_LAMP3_IDO1	11	0.00528037071993139	0.216701704630569	121946	120294.430116862	30	157	157	330	8599	8593.81724477947	1	0.999397283960864	0.986456547298489
sample9	11	Myeloid	C1Q_FOLR2_TREM2_macrophage	C1Q_FOLR2_TREM2_TAM_like	30	0.00526727274391638	0.0175875465492624	170237	168428.776186226	30	447	447	900	3686	3685.90351835589	1	0.999973824838819	0.989378197373228
sample25	9	Epithelial	Pit_surface_mucous_like_epithelial	MUC5AC_CYP3A5_CLDN4_high	172	0.00523755129879153	0.148950586311496	1829078	1792928.7530215	30	1732	1732	5160	5893	5740.90614351798	1	0.974190759124042	0.980236355705717
sample21	4	B/Plasma	JCHAIN_TNFRSF17_plasma	antibody_secreting	275	0.00522770882368984	0.0715569387788349	4819854	4749391.62771526	30	4744	4744	8250	1153961	1152550.9666761	1	0.998778092739792	0.985380807741326
sample9	17	Mast	Mast_cell	mast_cell	49	0.00518941830865173	0.0151612048831019	133091	131758.777879217	30	842	842	1470	6683	6682.77286957524	1	0.999966013702715	0.989990141175712
sample25	17	Mast	Mast_cell	mast_cell	100	0.0051677902265121	0.0981497248530834	238403	231873.241175109	30	1484	1484	3000	7310	7307.36230357025	1	0.999639166015083	0.972610416710816
sample32	22	Mesothelial	Mesothelial	mesothelial_ECM_program	7	0.00507195238553527	0.125632546608206	64360	62744.0218027744	30	27	27	210	224	223.673420631868	1	0.998542056392267	0.974891575555848
sample39	21	Epithelial	Enteroendocrine_epithelial	neuroendocrine_secretory	41	0.00502918645010699	0.024027581350474	189691	183321.749821572	30	436	436	1230	3018	3017.94714185969	1	0.999982485705662	0.966423023873413
sample28	15	Endothelial/Pericyte	Pericyte_smooth_muscle_like	contractile	140	0.00495706949384843	0.0244825722901196	1135109	1127728.83239126	30	2495	2495	4200	36056	36051.4635143451	1	0.999874182226124	0.993498274078751
sample28	21	Epithelial	Enteroendocrine_epithelial	neuroendocrine_secretory	134	0.00494903152209754	0.111365000425881	1015463	984760.298563037	30	2407	2407	4020	76071	76069.5902514869	1	0.999981467990257	0.969764825072934
sample13	2	T/NK	CCR6_IL7R_CD4_like_T	activated_costimulatory_checkpoint_high	214	0.00492874197031326	0.0257036463260362	279176	274093.753165832	30	1387	1387	6420	2113	2108.70515017223	1	0.997967416077724	0.981795545339972
sample17	23	T/NK	CCR6_KLRB1_CCL20_CD4_like_T	Th17_like_CCL20_high	38	0.00486041428266254	0.157172423545152	225068	216905.791022153	30	557	557	1140	15376	14871.2326762275	1	0.967171740129263	0.963734475901297
sample9	21	Epithelial	Enteroendocrine_epithelial	neuroendocrine_secretory	98	0.00481730629139025	0.0211334364363185	618349	601937.013439957	30	1464	1464	2940	26959	26958.1806873198	1	0.999969608936526	0.973458376159671
sample39	1	T/NK	CD8_GZMK_cytotoxic_T	GZMK_high_cytotoxic_memory_like	501	0.00480003637097733	0.0173316829741068	1137129	1129503.64063904	30	6403	6403	15030	23281	23275.8392607277	1	0.999778328281762	0.993294200252601
sample5	4	B/Plasma	JCHAIN_TNFRSF17_plasma	antibody_secreting	505	0.00478629473300053	0.428190608047429	11118218	9772446.94171451	30	9868	9868	15150	1882182	1754731.31476294	1	0.932285674160598	0.878958025621958
sample16	3	Epithelial	Gastric_or_intestinal_like_epithelial_malignancy_pending_CNV	mixed_gastric_and_intestinal_program	288	0.00477063808148371	0.0488019128404848	5892536	5792985.97111427	30	5730	5730	8640	263983	263733.592905799	1	0.999055215319922	0.98310574107893
sample18	15	Endothelial/Pericyte	Pericyte_smooth_muscle_like	contractile	104	0.00476643395177107	0.0373217523469155	476724	460527.583195388	30	1272	1272	3120	9964	9936.80237657922	1	0.997270411138019	0.966025589639683
sample28	16	Epithelial	Mucous_neck_chief_like_epithelial	MUC6_TFF2_glandular_secretory	71	0.00474904960498111	0.0459027180979101	754998	746912.421663151	30	1056	1056	2130	35322	35312.5508711146	1	0.999732486017627	0.989290596350124
sample33	11	Myeloid	C1Q_FOLR2_TREM2_macrophage	C1Q_FOLR2_TREM2_TAM_like	114	0.0047245621727126	0.267954692881149	861456	833565.630360182	30	1907	1907	3420	20873	20871.4731778515	1	0.999926851811022	0.967624150693921
sample36	3	Epithelial	Gastric_or_intestinal_like_epithelial_malignancy_pending_CNV	mixed_gastric_and_intestinal_program	147	0.00471379874780823	0.0275344122587905	1744165	1727376.03310095	30	2872	2872	4410	98654	98631.666906524	1	0.999773622017597	0.990374209493337
sample9	14	B/Plasma	IGHA_high_plasma	IGHA_high_antibody_secreting	14	0.00469198089561556	0.0196142477280791	92918	92329.719155283	30	168	168	420	24073	24047.1527810819	1	0.998926298387482	0.993668817185938
sample32	7	T/NK	GNLY_NK_like_cytotoxic_lymphocyte	GNLY_GZMB_high_cytotoxic	65	0.00468655616480781	0.0384113895389252	209947	207102.531911586	30	1076	1076	1950	5898	5894.16466460006	1	0.999349722719576	0.986451494479968
sample18	19	Epithelial	Chief_like_epithelial	metallothionein_high	65	0.00468290534528786	0.0293483398770584	198442	194648.061265157	30	713	713	1950	8778	8739.75966626244	1	0.995643616571251	0.980881372215342
sample13	1	T/NK	CD8_GZMK_cytotoxic_T	GZMK_high_cytotoxic_memory_like	338	0.00461804421297614	0.0177873791288476	457526	451105.874478468	30	4036	4036	10140	9039	9018.90212062034	1	0.997776537296198	0.985967736212734
sample24	9	Epithelial	Pit_surface_mucous_like_epithelial	MUC5AC_CYP3A5_CLDN4_high	166	0.00451887057976162	0.267848489651962	268128	247232.929150834	30	2377	2377	4980	10636	10567.1650160259	1	0.993528113578965	0.922070537768656
sample11	1	T/NK	CD8_GZMK_cytotoxic_T	GZMK_high_cytotoxic_memory_like	126	0.0045003268329412	0.0262997786351169	530090	526437.694530304	30	1980	1980	3780	6630	6623.48838328279	1	0.999017855698761	0.99311002759966
sample28	7	T/NK	GNLY_NK_like_cytotoxic_lymphocyte	GNLY_GZMB_high_cytotoxic	120	0.00449861529073227	0.0196267452142788	480294	474550.803556387	30	2035	2035	3600	10341	10335.2462284659	1	0.999443596215638	0.988042331481106
sample18	6	Endothelial/Pericyte	Vascular_endothelial	PLVAP_EMCN_high	232	0.00446394788026475	0.0329664465151564	1641475	1626980.97719002	30	3898	3898	6960	19282	19281.042560228	1	0.999950345411678	0.991170122718909
sample29	13	Myeloid	FCN1_S100A8_A9_inflammatory_monocyte	inflammatory	110	0.00444387758094628	0.165236149358216	405915	386053.134411038	30	1816	1816	3300	16048	16038.9548076479	1	0.999436366378859	0.951068904600809
sample13	5	Fibroblast/CAF	LUM_DCN_PDGFRA_fibroblast	CCL11_CXCL14_stromal_program	230	0.00442269597986056	0.0578878908383835	465063	454616.036818	30	2936	2936	6900	21705	21702.3602157267	1	0.999878378978422	0.977536455959731
sample5	9	Epithelial	Pit_surface_mucous_like_epithelial	MUC5AC_CYP3A5_CLDN4_high	146	0.00439941473835632	0.100044527024463	455296	439434.510928239	30	1871	1871	4380	7827	7821.06436479345	1	0.999241646198218	0.965162248137999
sample32	19	Epithelial	Chief_like_epithelial	metallothionein_high	22	0.00438035328469813	0.0308190213183944	80951	80464.8410828952	30	211	211	660	3029	3021.91630481313	1	0.997661374979574	0.993994405046203
sample29	21	Epithelial	Enteroendocrine_epithelial	neuroendocrine_secretory	49	0.00434998509902922	0.162002018407834	573970	522770.886223376	30	404	404	1470	4188	4185.44130388701	1	0.999389041042744	0.910798275560354
sample39	2	T/NK	CCR6_IL7R_CD4_like_T	activated_costimulatory_checkpoint_high	284	0.00433989997160937	0.0166668725039021	521660	516035.031979133	30	2615	2615	8520	4664	4657.65383679024	1	0.998639330358113	0.989217175898349
sample25	3	Epithelial	Gastric_or_intestinal_like_epithelial_malignancy_pending_CNV	mixed_gastric_and_intestinal_program	557	0.0042738352284688	0.166105763305684	5560128	5166926.69137989	30	8037	8037	16710	99154	98673.9647560588	1	0.995158690078653	0.929281968217258
sample25	7	T/NK	GNLY_NK_like_cytotoxic_lymphocyte	GNLY_GZMB_high_cytotoxic	67	0.00425614524055784	0.0792924536458121	192969	188852.533650936	30	1135	1135	2010	4783	4779.24186526616	1	0.999214272478812	0.978667732386737
sample36	20	Myeloid	CD1C_FCER1A_dendritic_cell	antigen_presentation_LAMP3_IDO1	32	0.00424014099855791	0.0236557354638109	93127	78838.8174110831	30	480	480	960	4445	4422.61221079636	1	0.994963377007054	0.846573146467545
sample7	9	Epithelial	Pit_surface_mucous_like_epithelial	MUC5AC_CYP3A5_CLDN4_high	214	0.00423132062341867	0.0340394258937236	437898	426474.490828434	30	3608	3608	6420	16515	16491.4724114472	1	0.998575380650756	0.973912853743187
sample14	13	Myeloid	FCN1_S100A8_A9_inflammatory_monocyte	inflammatory	54	0.00422941652795487	0.187687941354327	243418	237707.807347485	30	817	817	1620	5820	5817.35231905819	1	0.999545072003125	0.97654161708454
sample9	4	B/Plasma	JCHAIN_TNFRSF17_plasma	antibody_secreting	290	0.00422643818438793	0.0392919550760655	3748047	3710397.18170386	30	4556	4556	8700	607642	607587.120516937	1	0.999909684513146	0.989954816923016
sample29	17	Mast	Mast_cell	mast_cell	138	0.00418598936112746	0.0456297063501641	386144	381757.844097802	30	2480	2480	4140	21607	21606.5519065682	1	0.999979261654472	0.98864113931021
sample6	8	B/Plasma	IGHG_high_plasma	IGHG_high_antibody_secreting	77	0.00416918904427444	0.446221787500488	611860	535912.649740158	30	1274	1274	2310	245762	242325.122671141	1	0.986015424154835	0.875874627758242
sample36	24	T/NK	Cycling_T_cell	cycling	17	0.00415475777239429	0.229540206600298	32633	31259.7640932488	30	35	35	510	102	101.924568810376	1	0.999260478533098	0.957918796716477
sample32	24	T/NK	Cycling_T_cell	cycling	12	0.00412803384355406	0.0538599830692297	47011	46437.5599454231	30	138	138	360	338	337.668692330002	1	0.999019799792907	0.98780200262541
sample39	9	Epithelial	Pit_surface_mucous_like_epithelial	MUC5AC_CYP3A5_CLDN4_high	160	0.00412300905227378	0.0433569949742387	335674	311142.661022324	30	1912	1912	4800	6158	6116.41210211847	1	0.993246525189749	0.926919156748285
sample14	17	Mast	Mast_cell	mast_cell	62	0.00412109373403952	0.14304095411944	134379	128615.902848384	30	836	836	1860	4517	4516.74190289938	1	0.999942860947395	0.957113111783716
sample38	6	Endothelial/Pericyte	Vascular_endothelial	PLVAP_EMCN_high	92	0.0041178565364633	0.0428447395126094	762948	752751.074373523	30	1587	1587	2760	10371	10370.5064985674	1	0.999952415250934	0.986634835366923
sample6	9	Epithelial	Pit_surface_mucous_like_epithelial	MUC5AC_CYP3A5_CLDN4_high	128	0.00411184084689497	0.0808315561222928	272444	245316.651995562	30	1806	1806	3840	6354	6339.85364632713	1	0.997773630205717	0.900429636899921
sample30	20	Myeloid	CD1C_FCER1A_dendritic_cell	antigen_presentation_LAMP3_IDO1	108	0.0041046994547102	0.018781942695976	234678	233284.879655777	30	901	901	3240	11144	11138.5278217825	1	0.999508957446387	0.994063694320632
sample29	11	Myeloid	C1Q_FOLR2_TREM2_macrophage	C1Q_FOLR2_TREM2_TAM_like	158	0.00410357583958704	0.0773837757855239	999038	981675.996305482	30	2732	2732	4740	29744	29742.9526696463	1	0.999964788516886	0.982621277974894
sample28	19	Epithelial	Chief_like_epithelial	metallothionein_high	75	0.00403993396154543	0.0492362535491631	834631	798197.236483581	30	1244	1244	2250	28012	27539.630952214	1	0.98313690390597	0.956347459516338
sample33	15	Endothelial/Pericyte	Pericyte_smooth_muscle_like	contractile	82	0.00402884370075328	0.116320424883634	718458	696323.229568618	30	1415	1415	2460	19066	19062.9073318616	1	0.999837791453978	0.96919128128383
sample23	20	Myeloid	CD1C_FCER1A_dendritic_cell	antigen_presentation_LAMP3_IDO1	25	0.00402553920117008	0.0215221081767218	176849	174377.766738364	30	462	462	750	10780	10765.6045095323	1	0.998664611273867	0.986026309101909
sample23	3	Epithelial	Gastric_or_intestinal_like_epithelial_malignancy_pending_CNV	mixed_gastric_and_intestinal_program	609	0.00402456326799338	0.0678551281447828	3754779	3689675.85372292	30	8367	8367	18270	92059	91959.7518497141	1	0.998921907143398	0.982661257486238
sample27	2	T/NK	CCR6_IL7R_CD4_like_T	activated_costimulatory_checkpoint_high	854	0.00400725147252599	0.0182306657250822	1706369	1690532.18785368	30	8360	8360	25620	15369	15344.1667138528	1	0.998384196359737	0.990718999145954
sample39	19	Epithelial	Chief_like_epithelial	metallothionein_high	29	0.00399758240286981	0.781768719040057	236442	191432.241015022	30	224	224	870	5057	4526.18032024824	1	0.895032691368052	0.809637209188816
sample12	15	Endothelial/Pericyte	Pericyte_smooth_muscle_like	contractile	28	0.00399370050091756	0.0815526113921618	388766	380979.746362188	30	416	416	840	6182	6180.53128711109	1	0.999762421079116	0.979971876044171
sample14	24	T/NK	Cycling_T_cell	cycling	20	0.00399137261877078	0.0746710121087353	56404	55831.2083203201	30	135	135	600	301	300.922672421041	1	0.999743097744323	0.989844839378769
sample14	23	T/NK	CCR6_KLRB1_CCL20_CD4_like_T	Th17_like_CCL20_high	48	0.00398465163441287	0.0208102501341043	143203	141849.55224782	30	1111	1111	1440	12479	12424.3942750748	1	0.99562419064627	0.990548747217725
sample18	11	Myeloid	C1Q_FOLR2_TREM2_macrophage	C1Q_FOLR2_TREM2_TAM_like	84	0.00395695431174919	0.0971315725116044	585222	573374.539419605	30	1531	1531	2520	18858	18856.7539958808	1	0.999933927027297	0.979755613117083
sample13	16	Epithelial	Mucous_neck_chief_like_epithelial	MUC6_TFF2_glandular_secretory	85	0.00394351125703095	0.465370068485289	231968	212420.203975664	30	1561	1561	2550	43217	43010.9293044082	1	0.995231721415374	0.915730635155123
sample13	10	T/NK	IFNG_CCL4_CD8_cytotoxic_T	IFNG_CCL4_TNF_high_activated	109	0.00390402055187028	0.0396698671326124	142923	138861.976370577	30	1314	1314	3270	6174	6152.95766504517	1	0.996591782482211	0.971585933478707
sample27	1	T/NK	CD8_GZMK_cytotoxic_T	GZMK_high_cytotoxic_memory_like	314	0.00388815165693839	0.0185622044469538	554244	546952.479374579	30	3590	3590	9420	9753	9741.08664361989	1	0.998778493142612	0.986844204672633
sample38	15	Endothelial/Pericyte	Pericyte_smooth_muscle_like	contractile	70	0.0038617291748497	0.377723890630445	537573	446770.180341536	30	855	855	2100	14064	14031.3361452197	1	0.997677484728362	0.831087462245195
sample38	13	Myeloid	FCN1_S100A8_A9_inflammatory_monocyte	inflammatory	124	0.00385792462247755	0.0297973495055638	1007677	995763.523387171	30	2198	2198	3720	36418	36401.8997907266	1	0.999557905176743	0.988177286359787
sample25	19	Epithelial	Chief_like_epithelial	metallothionein_high	192	0.0038447299151611	0.230744204263957	4614461	4322899.64722347	30	5128	5128	5760	2701485	2655101.59207702	1	0.982830403306707	0.936815729339455
sample12	6	Endothelial/Pericyte	Vascular_endothelial	PLVAP_EMCN_high	39	0.00376326649659125	0.0554846240703122	302700	298188.926558917	30	672	672	1170	4584	4583.91661547083	1	0.999981809657685	0.985097213607258
sample11	10	T/NK	IFNG_CCL4_CD8_cytotoxic_T	IFNG_CCL4_TNF_high_activated	68	0.00372230216763575	0.0187673419720857	244454	242241.327507439	30	1156	1156	2040	16020	16006.9256610604	1	0.999183873973805	0.990948511815879
sample39	10	T/NK	IFNG_CCL4_CD8_cytotoxic_T	IFNG_CCL4_TNF_high_activated	61	0.00371722924331989	0.0139912808135586	124812	123748.805160011	30	669	669	1830	3564	3561.54697906225	1	0.999311722520271	0.991481629651081
sample18	16	Epithelial	Mucous_neck_chief_like_epithelial	MUC6_TFF2_glandular_secretory	216	0.00371299532979264	0.109928702327181	1467338	1441287.55582146	30	4301	4301	6480	272503	272406.642678928	1	0.999646399044883	0.982246459794174
sample27	15	Endothelial/Pericyte	Pericyte_smooth_muscle_like	contractile	44	0.00370605399015847	0.0313605814836763	202176	197136.989857187	30	634	634	1320	4509	4508.49851803506	1	0.999888781999349	0.975076121088492
sample15	3	Epithelial	Gastric_or_intestinal_like_epithelial_malignancy_pending_CNV	mixed_gastric_and_intestinal_program	793	0.00352164857454944	0.131456056934351	13192208	13008765.9031276	30	12173	12173	23790	303457	302891.191353195	1	0.998135456928642	0.986094663086544
sample6	18	B/Plasma	B_or_plasma_like_stress_high	stress_high_likely_dissociation_associated	34	0.00351531533173159	0.178114060036934	180917	170182.149782631	30	913	913	1020	25703	23636.3706392594	1	0.919595791902091	0.940664226040843
sample1	16	Epithelial	Mucous_neck_chief_like_epithelial	MUC6_TFF2_glandular_secretory	57	0.00350312037374874	0.0348930131569458	615945	613342.34578767	30	516	516	1710	39860	39857.2047237814	1	0.999929872648807	0.995774534719284
sample39	7	T/NK	GNLY_NK_like_cytotoxic_lymphocyte	GNLY_GZMB_high_cytotoxic	115	0.00349442735338952	0.0164870778935026	251568	250020.927486463	30	1792	1792	3450	8628	8626.13488513325	1	0.999783829987627	0.993850280983524
sample28	6	Endothelial/Pericyte	Vascular_endothelial	PLVAP_EMCN_high	199	0.00348037373140827	0.0227200792801534	2263034	2249569.64161466	30	4038	4038	5970	26648	26647.6644303055	1	0.99998740732158	0.994050306630239
sample38	2	T/NK	CCR6_IL7R_CD4_like_T	activated_costimulatory_checkpoint_high	95	0.00347397153186174	0.0266971066940306	342665	339815.234533935	30	1008	1008	2850	3160	3158.78976796338	1	0.999617015178283	0.991683523365195
sample13	3	Epithelial	Gastric_or_intestinal_like_epithelial_malignancy_pending_CNV	mixed_gastric_and_intestinal_program	317	0.00346457627467486	0.0526633655118324	875457	838157.031138151	30	6129	6129	9510	102418	102220.903895269	1	0.998075571630664	0.957393716810935
sample13	7	T/NK	GNLY_NK_like_cytotoxic_lymphocyte	GNLY_GZMB_high_cytotoxic	103	0.00344170966002225	0.0223841618087518	143284	141121.533008353	30	1365	1365	3090	4796	4789.22279905995	1	0.998586905558788	0.98490782647297
sample6	19	Epithelial	Chief_like_epithelial	metallothionein_high	14	0.0033908074391104	0.615809918599575	251793	237582.16199392	30	273	273	420	103190	103049.035679162	1	0.998633934287841	0.943561425432478
sample31	9	Epithelial	Pit_surface_mucous_like_epithelial	MUC5AC_CYP3A5_CLDN4_high	192	0.00337815998797776	0.0343812093009581	335512	313618.619878551	30	2998	2998	5760	16528	16447.7654967366	1	0.995145540702845	0.934746357443401
sample36	2	T/NK	CCR6_IL7R_CD4_like_T	activated_costimulatory_checkpoint_high	371	0.00335231270031166	0.00994230408498199	1827924	1819671.45382256	30	4528	4528	11130	16803	16792.4329214129	1	0.999371119527042	0.995485290319818
sample36	10	T/NK	IFNG_CCL4_CD8_cytotoxic_T	IFNG_CCL4_TNF_high_activated	178	0.00334063701633399	0.00775815516384191	882710	875911.981167553	30	3111	3111	5340	27142	27115.6532320838	1	0.999029298949371	0.992298695117936
sample25	8	B/Plasma	IGHG_high_plasma	IGHG_high_antibody_secreting	283	0.00329655549434816	0.361463793653871	6260005	5839170.63448164	30	2101	2101	8490	9983	9015.29085405321	1	0.903064294706322	0.932774116711032
sample36	1	T/NK	CD8_GZMK_cytotoxic_T	GZMK_high_cytotoxic_memory_like	591	0.00325890185266751	0.0082715313253912	2990868	2976712.82552843	30	9862	9862	17730	38502	38468.956367881	1	0.999141768424522	0.995267201871975
sample24	8	B/Plasma	IGHG_high_plasma	IGHG_high_antibody_secreting	47	0.00322166196251235	0.411160696437694	258885	213816.76393305	30	777	777	1410	88312	87335.2033818344	1	0.988939253802817	0.82591406969523
sample27	7	T/NK	GNLY_NK_like_cytotoxic_lymphocyte	GNLY_GZMB_high_cytotoxic	211	0.00317306857760549	0.0190500435265853	355633	351073.081486365	30	2365	2365	6330	10194	10186.0141869731	1	0.999216616340312	0.987178021967491
sample11	2	T/NK	CCR6_IL7R_CD4_like_T	activated_costimulatory_checkpoint_high	103	0.00316071262071596	0.0145891224265213	535485	532189.354534255	30	1576	1576	3090	4789	4785.09773695228	1	0.999185161192792	0.993845494335518
sample2	9	Epithelial	Pit_surface_mucous_like_epithelial	MUC5AC_CYP3A5_CLDN4_high	90	0.00311057800318443	0.0401967189363268	200728	194752.409759915	30	1576	1576	2700	8115	8109.86861280248	1	0.99936766639587	0.970230410106787
sample6	20	Myeloid	CD1C_FCER1A_dendritic_cell	antigen_presentation_LAMP3_IDO1	17	0.00310750449679821	0.0186129966847801	57275	56722.0294844363	30	181	181	510	3031	3028.26039694052	1	0.99909613887843	0.990345342373396
sample13	15	Endothelial/Pericyte	Pericyte_smooth_muscle_like	contractile	64	0.00310590161125452	0.0210419051883325	102927	99981.2774422318	30	480	480	1920	2217	2216.07060975451	1	0.999580789244251	0.971380468120432
sample27	18	B/Plasma	B_or_plasma_like_stress_high	stress_high_likely_dissociation_associated	89	0.00309760656364732	0.0456467511932	154395	149716.666426173	30	1856	1856	2670	21120	20896.0777005688	1	0.989397618398143	0.969698930834373
sample12	2	T/NK	CCR6_IL7R_CD4_like_T	activated_costimulatory_checkpoint_high	58	0.00305022690967952	0.0309525564386719	271905	270378.527906675	30	798	798	1740	2303	2301.2533387521	1	0.999241571320927	0.994386009476379
sample23	19	Epithelial	Chief_like_epithelial	metallothionein_high	84	0.00304659890339506	0.354463605209748	1108908	1059413.11196523	30	1946	1946	2520	678040	672917.776551373	1	0.992445543848996	0.95536610067312
sample12	1	T/NK	CD8_GZMK_cytotoxic_T	GZMK_high_cytotoxic_memory_like	74	0.00304401579343461	0.0332404036267435	334309	331096.14235789	30	1203	1203	2220	4643	4634.95910985408	1	0.99826816925567	0.990389556840795
sample1	9	Epithelial	Pit_surface_mucous_like_epithelial	MUC5AC_CYP3A5_CLDN4_high	219	0.00303909107444801	0.0287099073281897	547383	524494.588296379	30	3150	3150	6570	11059	11027.6471243209	1	0.9971649447799	0.958185746171106
sample36	7	T/NK	GNLY_NK_like_cytotoxic_lymphocyte	GNLY_GZMB_high_cytotoxic	188	0.0029776895440792	0.00740085628952249	1011777	1002838.60709724	30	3425	3425	5640	20049	20026.7543044464	1	0.998890433659852	0.991165649246066
sample15	19	Epithelial	Chief_like_epithelial	metallothionein_high	63	0.00294565416024662	0.0888024346411832	952420	936816.878731915	30	857	857	1890	25825	25751.4684288859	1	0.997152698117555	0.983617394355342
sample23	16	Epithelial	Mucous_neck_chief_like_epithelial	MUC6_TFF2_glandular_secretory	122	0.00293690918667973	0.0626475086584958	859171	850035.825309895	30	1779	1779	3660	33380	33012.1530860663	1	0.988980020553215	0.989367454569457
sample29	6	Endothelial/Pericyte	Vascular_endothelial	PLVAP_EMCN_high	111	0.00292142149534901	0.0404486281524304	694069	687065.504461791	30	1955	1955	3330	9838	9837.95035284959	1	0.99999495353218	0.989909511103061
sample39	17	Mast	Mast_cell	mast_cell	244	0.00289799208080687	0.0112371350118949	550414	547942.005725226	30	3755	3755	7320	27514	27513.5965478465	1	0.999985336477667	0.995508845569381
sample27	6	Endothelial/Pericyte	Vascular_endothelial	PLVAP_EMCN_high	729	0.00286797781307175	0.0188852849376095	2399803	2382058.65687808	30	9685	9685	21870	30797	30795.8473177973	1	0.999962571607535	0.992605916768203
sample24	12	B/Plasma	Conventional_B_cell	B_cell	67	0.0028458744203266	0.0221724798449691	187059	185021.545677703	30	661	661	2010	1496	1494.2179674163	1	0.998808801748862	0.989107958867004
sample33	6	Endothelial/Pericyte	Vascular_endothelial	PLVAP_EMCN_high	103	0.0028042708749622	0.0829518863765997	1108763	1098270.8204335	30	1931	1931	3090	12186	12185.9342072981	1	0.999994600959963	0.990537040317453
sample38	20	Myeloid	CD1C_FCER1A_dendritic_cell	antigen_presentation_LAMP3_IDO1	37	0.00277489125320733	0.0798256761879297	318478	314627.050695451	30	686	686	1110	14691	14654.4332457452	1	0.997510941783756	0.987908272142661
sample19	6	Endothelial/Pericyte	Vascular_endothelial	PLVAP_EMCN_high	279	0.00277325614894161	0.0129183935363547	3448543	3426187.38675974	30	5752	5752	8370	56141	56125.7008853665	1	0.999727487671515	0.993517374369332
sample15	16	Epithelial	Mucous_neck_chief_like_epithelial	MUC6_TFF2_glandular_secretory	252	0.00273739181784755	0.0245394349107064	4992908	4911143.58349237	30	3554	3554	7560	271550	271322.104436597	1	0.999160760215787	0.983623888822379
sample39	13	Myeloid	FCN1_S100A8_A9_inflammatory_monocyte	inflammatory	190	0.00271070855216963	0.0102227348417037	764156	759249.659300338	30	2802	2802	5700	18644	18639.469378512	1	0.99975699305471	0.993579399102197
sample2	10	T/NK	IFNG_CCL4_CD8_cytotoxic_T	IFNG_CCL4_TNF_high_activated	154	0.00267654714143128	0.00835708151387967	670329	666181.472430388	30	2746	2746	4620	27571	27551.6736112542	1	0.999299031999355	0.9938126985859
sample31	19	Epithelial	Chief_like_epithelial	metallothionein_high	41	0.00264804451131387	0.0820939564765952	556418	541899.435757231	30	502	502	1230	12138	10707.7629537524	1	0.882168640118008	0.973907090994956
sample4	9	Epithelial	Pit_surface_mucous_like_epithelial	MUC5AC_CYP3A5_CLDN4_high	237	0.00262772150788982	0.0931765023717259	560231	544282.178970177	30	4781	4781	7110	30765	30667.1088154501	1	0.99681809899074	0.971531705618177
sample4	7	T/NK	GNLY_NK_like_cytotoxic_lymphocyte	GNLY_GZMB_high_cytotoxic	80	0.00262731897005464	0.0104706924534496	504990	503565.362103219	30	1658	1658	2400	15652	15648.307380946	1	0.999764080050216	0.997178878994077
sample29	5	Fibroblast/CAF	LUM_DCN_PDGFRA_fibroblast	CCL11_CXCL14_stromal_program	99	0.00259996069523859	0.0441646065207934	656704	636519.659958506	30	1874	1874	2970	21268	21266.4172563966	1	0.999925580985357	0.969264173750283
sample21	12	B/Plasma	Conventional_B_cell	B_cell	40	0.00255457311555531	0.0198071142962961	118096	117358.747083199	30	545	545	1200	1454	1453.54247515149	1	0.999685333666777	0.99375717283565
sample4	24	T/NK	Cycling_T_cell	cycling	7	0.00255358802560693	0.0170418153579887	70624	70486.9810445222	30	76	76	210	589	588.991146968052	1	0.999984969385487	0.998059881124295
sample20	12	B/Plasma	Conventional_B_cell	B_cell	37	0.00252886990603949	0.0335130186168571	111546	109786.192423392	30	517	517	1110	1520	1518.47768143351	1	0.998998474627311	0.984223481105478
sample3	2	T/NK	CCR6_IL7R_CD4_like_T	activated_costimulatory_checkpoint_high	232	0.0025246638443037	0.0139373537095897	1072458	1068126.77719966	30	3141	3141	6960	9776	9773.45103628652	1	0.999739263122599	0.995961405667788
sample12	10	T/NK	IFNG_CCL4_CD8_cytotoxic_T	IFNG_CCL4_TNF_high_activated	50	0.00251250909442278	0.0197659881874006	140651	139604.904232389	30	809	809	1500	11200	11190.9529536331	1	0.999192228002954	0.992562471879968
sample28	17	Mast	Mast_cell	mast_cell	50	0.00250027780574211	0.0130441427695975	154842	153727.205098766	30	821	821	1500	5136	5135.85811012417	1	0.999972373466544	0.992800435920266
sample30	9	Epithelial	Pit_surface_mucous_like_epithelial	MUC5AC_CYP3A5_CLDN4_high	69	0.0024822509886204	0.999316585685887	363992	335243.669175011	30	502	502	2070	1368	1358.98312657569	1	0.99340871825708	0.92101933332329
sample19	11	Myeloid	C1Q_FOLR2_TREM2_macrophage	C1Q_FOLR2_TREM2_TAM_like	35	0.00247945004619557	0.0817863609279994	390646	386835.935757963	30	625	625	1050	11818	11817.2980462091	1	0.999940602996201	0.990246759874573
sample7	2	T/NK	CCR6_IL7R_CD4_like_T	activated_costimulatory_checkpoint_high	127	0.00247448428889257	0.00846356922221695	477561	475975.779684491	30	1684	1684	3810	4160	4159.00450047554	1	0.999760697229696	0.996680590928679
sample36	17	Mast	Mast_cell	mast_cell	48	0.00244806416057962	0.0180518177157911	298676	287929.112212979	30	807	807	1440	8337	8336.77788565241	1	0.999973358000769	0.964018241214488
sample31	15	Endothelial/Pericyte	Pericyte_smooth_muscle_like	contractile	11	0.0024466667083403	0.0323790634007588	68802	68611.6868311339	30	136	136	330	1507	1506.97185078745	1	0.999981321026842	0.997233900629835
sample9	20	Myeloid	CD1C_FCER1A_dendritic_cell	antigen_presentation_LAMP3_IDO1	6	0.00240181770649106	0.0117287008733859	39474	39371.3708887739	30	115	115	180	3076	3075.8170814284	1	0.999940533624317	0.997400083314939
sample5	2	T/NK	CCR6_IL7R_CD4_like_T	activated_costimulatory_checkpoint_high	234	0.00240080051686325	0.00904541258586162	921471	914146.944160596	30	3235	3235	7020	10087	10082.0336458379	1	0.999507648045788	0.992051778255198
sample11	3	Epithelial	Gastric_or_intestinal_like_epithelial_malignancy_pending_CNV	mixed_gastric_and_intestinal_program	40	0.00240039834354027	0.0310792855769071	496821	493383.395793468	30	555	555	1200	10745	10743.8800093177	1	0.999895766339476	0.993080799308943
sample2	1	T/NK	CD8_GZMK_cytotoxic_T	GZMK_high_cytotoxic_memory_like	459	0.00239096590055934	0.0090632525779485	1951865	1944397.48852145	30	8365	8365	13770	33427	33410.7062393376	1	0.999512556895252	0.996174166000952
sample33	5	Fibroblast/CAF	LUM_DCN_PDGFRA_fibroblast	CCL11_CXCL14_stromal_program	101	0.00238832652027092	0.0826297949907409	1212272	1160047.62529012	30	1906	1906	3030	40304	40301.2428661843	1	0.999931591558761	0.956920249985251
sample2	2	T/NK	CCR6_IL7R_CD4_like_T	activated_costimulatory_checkpoint_high	420	0.00238801985060041	0.00861526256665622	1854533	1846536.574772	30	6210	6210	12600	18419	18410.1419182044	1	0.999519079114197	0.995688173126066
sample2	7	T/NK	GNLY_NK_like_cytotoxic_lymphocyte	GNLY_GZMB_high_cytotoxic	236	0.00238349026104744	0.00897234302239456	1017242	1013953.72437744	30	4232	4232	7080	24371	24362.9264768738	1	0.9996687241752	0.996767459834966
sample24	1	T/NK	CD8_GZMK_cytotoxic_T	GZMK_high_cytotoxic_memory_like	208	0.00236634284339216	0.0123754402635902	447769	444946.771622973	30	2453	2453	6240	6056	6052.99956949292	1	0.999504552426176	0.993697133171285
sample19	2	T/NK	CCR6_IL7R_CD4_like_T	activated_costimulatory_checkpoint_high	68	0.00236415992365535	0.0135371459133963	321260	319857.081698939	30	987	987	2040	3251	3250.41281726286	1	0.999819383962736	0.995633075076073
sample3	3	Epithelial	Gastric_or_intestinal_like_epithelial_malignancy_pending_CNV	mixed_gastric_and_intestinal_program	181	0.00236402983762982	0.0204555444431897	2729368	2725325.36698191	30	3700	3700	5430	292315	292306.24968189	1	0.999970065449567	0.998518839153206
sample24	2	T/NK	CCR6_IL7R_CD4_like_T	activated_costimulatory_checkpoint_high	299	0.00234799566318512	0.0165447231069017	700248	683201.118591293	30	3350	3350	8970	7384	7359.05198599863	1	0.99662134154911	0.975655937027014
sample3	1	T/NK	CD8_GZMK_cytotoxic_T	GZMK_high_cytotoxic_memory_like	169	0.00230381827723137	0.00813562487881387	707946	705419.510960917	30	2981	2981	5070	11163	11160.7610406334	1	0.999799430317427	0.996431240463138
sample39	5	Fibroblast/CAF	LUM_DCN_PDGFRA_fibroblast	CCL11_CXCL14_stromal_program	298	0.00230011182361105	0.00961946782893146	1317769	1313047.79439035	30	5312	5312	8940	57603	57602.7970664571	1	0.999996477031701	0.996417273733372
sample19	1	T/NK	CD8_GZMK_cytotoxic_T	GZMK_high_cytotoxic_memory_like	69	0.00229259924832657	0.0144251799622556	249481	248038.659250315	30	1233	1233	2070	4874	4872.59671182273	1	0.999712086955833	0.994218634887286
sample6	3	Epithelial	Gastric_or_intestinal_like_epithelial_malignancy_pending_CNV	mixed_gastric_and_intestinal_program	114	0.0022601090906065	0.0384437720580686	1615273	1609500.39844288	30	1770	1770	3420	41312	41293.2143021199	1	0.999545272611345	0.996426237820403
sample4	8	B/Plasma	IGHG_high_plasma	IGHG_high_antibody_secreting	20	0.00225884441817586	0.130474675813951	127594	123079.800834675	30	343	343	600	43048	42951.5098065413	1	0.997758544102893	0.964620599986483
sample36	23	T/NK	CCR6_KLRB1_CCL20_CD4_like_T	Th17_like_CCL20_high	8	0.00225590337823982	0.00534944461730723	52137	51983.3365838423	30	186	186	240	4480	4474.94822180436	1	0.998872370938472	0.997052699308405
sample29	8	B/Plasma	IGHG_high_plasma	IGHG_high_antibody_secreting	153	0.00224911917528963	0.231711810891423	1970674	1925012.8451666	30	1053	1053	4590	21579	10002.010215769	1	0.463506659982809	0.976829676124309
sample25	18	B/Plasma	B_or_plasma_like_stress_high	stress_high_likely_dissociation_associated	18	0.00221341423649726	0.0640209070302173	41327	35780.4420873184	30	449	449	540	8624	8196.37787225835	1	0.950414873870402	0.865788518095153
sample12	22	Mesothelial	Mesothelial	mesothelial_ECM_program	11	0.00221022764001193	0.0117168497099138	144592	144228.310252081	30	153	153	330	1627	1626.76785350815	1	0.999857316231194	0.997484717356981
sample29	15	Endothelial/Pericyte	Pericyte_smooth_muscle_like	contractile	86	0.00220505815836446	0.0244560971395113	616653	612395.925739342	30	1445	1445	2580	16600	16599.5193760504	1	0.999971046750026	0.993096483337213
sample6	2	T/NK	CCR6_IL7R_CD4_like_T	activated_costimulatory_checkpoint_high	178	0.00220169209665282	0.00728184497319929	801164	795425.359125971	30	2553	2553	5340	7109	7101.96446732598	1	0.999010334410744	0.99283712089656
sample18	23	T/NK	CCR6_KLRB1_CCL20_CD4_like_T	Th17_like_CCL20_high	40	0.00218057975677409	0.0164541789294003	95947	89400.587174649	30	834	834	1200	8600	8420.97762450271	1	0.979183444709617	0.931770531383461
sample2	21	Epithelial	Enteroendocrine_epithelial	neuroendocrine_secretory	17	0.00215646899086511	0.00508270788801405	235556	235096.308391462	30	219	219	510	5341	5340.99558925709	1	0.999999174172832	0.998048482702464
sample31	1	T/NK	CD8_GZMK_cytotoxic_T	GZMK_high_cytotoxic_memory_like	164	0.00213727453953304	0.0108934922235933	380675	379120.257600959	30	2177	2177	4920	6373	6371.03761240745	1	0.999692077892272	0.995915827414354
sample16	18	B/Plasma	B_or_plasma_like_stress_high	stress_high_likely_dissociation_associated	20	0.00211759167165797	0.0112618181308575	64587	64274.9000871062	30	505	505	600	12906	12890.0676536106	1	0.998765508570477	0.995167759566262
sample36	15	Endothelial/Pericyte	Pericyte_smooth_muscle_like	contractile	27	0.00211489767090653	0.0211746117796004	391584	389763.864991446	30	494	494	810	7375	7374.97477914946	1	0.999996580223655	0.99535186573365
sample6	15	Endothelial/Pericyte	Pericyte_smooth_muscle_like	contractile	32	0.00209898104388193	0.0250618094392467	211076	209999.96771659	30	425	425	960	5930	5929.87310415584	1	0.999978601038084	0.99490215712156
sample27	19	Epithelial	Chief_like_epithelial	metallothionein_high	210	0.00207421474640333	0.0204511897831652	1165950	1153750.7133021	30	959	959	6300	45071	45025.0721234575	1	0.998980988295301	0.989537041298597
sample7	3	Epithelial	Gastric_or_intestinal_like_epithelial_malignancy_pending_CNV	mixed_gastric_and_intestinal_program	193	0.00205723049616379	0.013702651323175	2046921	2039987.88349932	30	3904	3904	5790	129059	129039.519075928	1	0.999849054121978	0.996612904698968
sample19	18	B/Plasma	B_or_plasma_like_stress_high	stress_high_likely_dissociation_associated	13	0.00205068796943925	0.61336308445768	123053	81518.8704028921	30	347	347	390	10462	8342.69141933756	1	0.797427969732132	0.662469589549967
sample27	11	Myeloid	C1Q_FOLR2_TREM2_macrophage	C1Q_FOLR2_TREM2_TAM_like	152	0.00202266285487989	0.17720491024256	400451	380240.687957901	30	979	979	4560	3075	3055.16652380603	1	0.993550089042612	0.949531123552945
sample29	19	Epithelial	Chief_like_epithelial	metallothionein_high	108	0.00202144810000859	0.0179559565090594	1315193	1311456.08062983	30	1419	1419	3240	30068	30053.3300401189	1	0.999512107227581	0.997158653239357
sample6	10	T/NK	IFNG_CCL4_CD8_cytotoxic_T	IFNG_CCL4_TNF_high_activated	132	0.00201272875390428	0.0112012314563468	555905	553818.738226928	30	2358	2358	3960	25827	25820.6830837491	1	0.999755414246685	0.996247089389244
sample28	23	T/NK	CCR6_KLRB1_CCL20_CD4_like_T	Th17_like_CCL20_high	18	0.00200642466406356	0.0155953625540604	56426	56242.7816591013	30	404	404	540	4565	4559.57369066568	1	0.998811323256447	0.996752944725859
sample5	10	T/NK	IFNG_CCL4_CD8_cytotoxic_T	IFNG_CCL4_TNF_high_activated	381	0.00199782339944704	0.0064873101241115	1636843	1630140.91140353	30	7455	7455	11430	84872	84859.857844796	1	0.999856935677208	0.995905478658326
sample2	17	Mast	Mast_cell	mast_cell	81	0.00199638166567275	0.00902261812065221	381092	379966.274327703	30	1664	1664	2430	17083	17082.8833471294	1	0.999993171406043	0.997046052731894
sample27	13	Myeloid	FCN1_S100A8_A9_inflammatory_monocyte	inflammatory	149	0.0019876631368578	0.0332458209259335	319641	306719.032684213	30	1111	1111	4470	3464	3460.54388130262	1	0.999002275202836	0.959573498656971
sample11	12	B/Plasma	Conventional_B_cell	B_cell	40	0.00197871026307855	0.00858898679292422	199057	198415.676823018	30	751	751	1200	2977	2975.17985400338	1	0.999388597246683	0.996778193296483
sample3	7	T/NK	GNLY_NK_like_cytotoxic_lymphocyte	GNLY_GZMB_high_cytotoxic	91	0.00196092239579785	0.00582716881537003	392171	391302.471655012	30	1652	1652	2730	8409	8408.35606404765	1	0.999923423004834	0.997785332559041
sample1	3	Epithelial	Gastric_or_intestinal_like_epithelial_malignancy_pending_CNV	mixed_gastric_and_intestinal_program	395	0.0019475118630352	0.0235981182240941	2827062	2791508.98564095	30	6386	6386	11850	165017	164902.754837299	1	0.999307676404849	0.987424041510567
sample6	1	T/NK	CD8_GZMK_cytotoxic_T	GZMK_high_cytotoxic_memory_like	265	0.00194238516221502	0.00871311133296054	1221416	1217872.94652993	30	4964	4964	7950	22330	22322.0858444021	1	0.999645581925753	0.997099224613015
sample9	19	Epithelial	Chief_like_epithelial	metallothionein_high	112	0.00193534600942264	0.386711120647029	1321876	1270392.87843788	30	2580	2580	3360	862835	852440.325293281	1	0.987952882408897	0.961052987146961
sample7	17	Mast	Mast_cell	mast_cell	65	0.00193170789619541	0.0105924297160027	299837	299179.454404552	30	1293	1293	1950	13301	13300.9118789718	1	0.999993374856915	0.997806989812972
sample15	21	Epithelial	Enteroendocrine_epithelial	neuroendocrine_secretory	21	0.00192926726616511	0.670238058640204	369749	357407.015654071	30	5	5	630	6	5.4019336072074	1	0.9003222678679	0.966620641716598
sample39	12	B/Plasma	Conventional_B_cell	B_cell	22	0.00192262605097195	0.0240918427439678	72508	72174.8205195065	30	170	170	660	499	498.501278521005	1	0.999000558158326	0.995404928001138
sample1	10	T/NK	IFNG_CCL4_CD8_cytotoxic_T	IFNG_CCL4_TNF_high_activated	121	0.00191523551083978	0.00634401306946823	419909	418654.756386606	30	1868	1868	3630	15572	15568.5060119541	1	0.999775623680587	0.99701305851174
sample4	13	Myeloid	FCN1_S100A8_A9_inflammatory_monocyte	inflammatory	108	0.00191215606689468	0.160520598832475	473654	459032.394351986	30	1855	1855	3240	15930	15918.7231762605	1	0.999292101460172	0.96913019704676
sample14	22	Mesothelial	Mesothelial	mesothelial_ECM_program	10	0.00189863248728722	0.206561539996161	83571	80690.9117798571	30	25	25	300	284	283.735437262176	1	0.999068441064	0.965537229180662
sample24	13	Myeloid	FCN1_S100A8_A9_inflammatory_monocyte	inflammatory	235	0.00189082291420287	0.0421212834852197	638986	622696.89483607	30	3704	3704	7050	27999	27962.4867379254	1	0.998695908351207	0.974507884110246
sample3	10	T/NK	IFNG_CCL4_CD8_cytotoxic_T	IFNG_CCL4_TNF_high_activated	88	0.00188469022755368	0.00957540148324752	350026	347308.981070951	30	1502	1502	2640	11812	11807.2199893957	1	0.999595325888561	0.992237665404714
sample27	5	Fibroblast/CAF	LUM_DCN_PDGFRA_fibroblast	CCL11_CXCL14_stromal_program	37	0.00184704515940155	0.627628233771504	180202	155845.25407965	30	384	384	1110	4376	4374.14045637699	1	0.999575058587063	0.864836428450569
sample5	1	T/NK	CD8_GZMK_cytotoxic_T	GZMK_high_cytotoxic_memory_like	435	0.00182696149674281	0.00737169592558759	2051066	2041185.26420275	30	8327	8327	13050	32459	32447.1960625639	1	0.999636343157951	0.995182633909755
sample27	9	Epithelial	Pit_surface_mucous_like_epithelial	MUC5AC_CYP3A5_CLDN4_high	50	0.00182392056049841	0.0347535064318704	89608	87023.5363285126	30	78	78	1500	119	118.549590177251	1	0.996215043506308	0.971158114549064
sample24	10	T/NK	IFNG_CCL4_CD8_cytotoxic_T	IFNG_CCL4_TNF_high_activated	77	0.00182274944453559	0.0359437066885619	167033	157727.559185491	30	964	964	2310	7422	7326.73396736652	1	0.98716437178207	0.944289806119093
sample33	17	Mast	Mast_cell	mast_cell	35	0.0018117975659839	0.0387034870299671	98038	96137.4934651309	30	547	547	1050	4522	4521.95609569124	1	0.999990290953392	0.980614592965288
sample31	7	T/NK	GNLY_NK_like_cytotoxic_lymphocyte	GNLY_GZMB_high_cytotoxic	141	0.00181013851546581	0.0168129695016906	354939	352634.927582867	30	2253	2253	4230	12565	12562.6538412082	1	0.99981327824976	0.993508539728986
sample29	10	T/NK	IFNG_CCL4_CD8_cytotoxic_T	IFNG_CCL4_TNF_high_activated	51	0.00180703015708831	0.01186041698994	81999	81210.6688951015	30	608	608	1530	2712	2711.27026264245	1	0.999730922803262	0.990386088795004
sample19	8	B/Plasma	IGHG_high_plasma	IGHG_high_antibody_secreting	27	0.00179933221665061	0.759832940173608	88289	81478.9465611287	30	47	47	810	68	58.1576185480285	1	0.855259096294537	0.922866343045325
sample30	2	T/NK	CCR6_IL7R_CD4_like_T	activated_costimulatory_checkpoint_high	544	0.0017872072187481	0.00817084914199951	987724	981243.26560514	30	4871	4871	16320	9090	9086.50449405333	1	0.999615455891455	0.993438719323555
sample7	19	Epithelial	Chief_like_epithelial	metallothionein_high	31	0.00178687006293282	0.493795943555481	319965	288117.844408384	30	370	370	930	16521	16295.3346826987	1	0.986340698668281	0.900466752327236
sample37	22	Mesothelial	Mesothelial	mesothelial_ECM_program	14	0.00178396672288749	0.00265419516924034	473513	472575.136983455	30	367	367	420	16416	16412.7796427209	1	0.999803828138458	0.99801935107052
sample34	23	T/NK	CCR6_KLRB1_CCL20_CD4_like_T	Th17_like_CCL20_high	26	0.001780204469318	0.486845116047473	79621	62958.719792113	30	554	554	780	6378	5840.66319264021	1	0.915751519698999	0.790730081160913
sample33	3	Epithelial	Gastric_or_intestinal_like_epithelial_malignancy_pending_CNV	mixed_gastric_and_intestinal_program	1120	0.00176754870925546	0.0221612354363417	17321059	17257637.8709181	30	19159	19159	33600	382720	381953.657903695	1	0.997997642933986	0.996338495868996
sample24	20	Myeloid	CD1C_FCER1A_dendritic_cell	antigen_presentation_LAMP3_IDO1	66	0.00175110419104504	0.0574052292894476	341322	330067.086862406	30	1026	1026	1980	19807	19737.8984201047	1	0.996511254612242	0.967025526811649
sample6	5	Fibroblast/CAF	LUM_DCN_PDGFRA_fibroblast	CCL11_CXCL14_stromal_program	78	0.00173371462551643	0.0115781343709442	552852	551064.907211318	30	1474	1474	2340	24122	24121.81885408	1	0.999992490426997	0.996767502353826
sample21	2	T/NK	CCR6_IL7R_CD4_like_T	activated_costimulatory_checkpoint_high	118	0.00172302130717434	0.0112419444413062	305729	304404.128362116	30	1253	1253	3540	2976	2975.25724009361	1	0.999750416698123	0.995666516300764
sample12	3	Epithelial	Gastric_or_intestinal_like_epithelial_malignancy_pending_CNV	mixed_gastric_and_intestinal_program	34	0.0017170469976989	0.0176551392889633	406907	404677.349276228	30	522	522	1020	10335	10332.4287050539	1	0.99975120513342	0.99452049061881
sample2	6	Endothelial/Pericyte	Vascular_endothelial	PLVAP_EMCN_high	42	0.00171546135411816	0.0190023610183863	380843	378743.650149237	30	766	766	1260	4925	4924.99107654435	1	0.999998188130833	0.99448762390076
sample25	20	Myeloid	CD1C_FCER1A_dendritic_cell	antigen_presentation_LAMP3_IDO1	15	0.00171150289653602	0.0894513020758788	113829	112869.806826041	30	298	298	450	9170	9168.07727368054	1	0.999790324283592	0.991573384867132
sample14	21	Epithelial	Enteroendocrine_epithelial	neuroendocrine_secretory	15	0.00169492818191712	0.154082962021985	124811	119576.341234447	30	151	151	450	5169	5168.78933925282	1	0.99995924535748	0.958059315560707
sample3	17	Mast	Mast_cell	mast_cell	221	0.00168063634682138	0.0052625623068775	1058676	1056480.2417652	30	4661	4661	6630	58864	58863.5790959777	1	0.99999284955113	0.997925939348018
sample4	2	T/NK	CCR6_IL7R_CD4_like_T	activated_costimulatory_checkpoint_high	195	0.00167631064839687	0.0156610261154687	842044	838691.09407097	30	2974	2974	5850	9516	9512.39666973986	1	0.999621339821339	0.996018134528563
sample1	2	T/NK	CCR6_IL7R_CD4_like_T	activated_costimulatory_checkpoint_high	279	0.00167497722374103	0.00635181605677874	997607	994914.244289247	30	3394	3394	8370	10565	10561.865058438	1	0.999703271030576	0.997300785067915
sample31	2	T/NK	CCR6_IL7R_CD4_like_T	activated_costimulatory_checkpoint_high	140	0.00165897808974287	0.0108851000189883	331441	329570.919005046	30	1556	1556	4200	3332	3331.06286976848	1	0.999718748429915	0.994357725824644
sample29	9	Epithelial	Pit_surface_mucous_like_epithelial	MUC5AC_CYP3A5_CLDN4_high	178	0.00164864301041457	0.0123166231935825	1046463	1035518.09874171	30	2260	2260	5340	9658	9637.04442715303	1	0.997830236814354	0.989541052805218
sample30	1	T/NK	CD8_GZMK_cytotoxic_T	GZMK_high_cytotoxic_memory_like	426	0.00162711046437787	0.00594848151182438	837038	834192.785849867	30	5112	5112	12780	13269	13266.3152677741	1	0.999797668835185	0.996600854262133
sample33	16	Epithelial	Mucous_neck_chief_like_epithelial	MUC6_TFF2_glandular_secretory	101	0.0016254652660337	0.0254739368647914	1663203	1656781.56067235	30	792	792	3030	7562	7553.6471969256	1	0.998895424084317	0.996139112707439
sample38	10	T/NK	IFNG_CCL4_CD8_cytotoxic_T	IFNG_CCL4_TNF_high_activated	57	0.00161636185332319	0.0189345112251478	151886	149812.667844893	30	761	761	1710	3582	3570.85991188361	1	0.9968899809837	0.986349418938502
sample1	1	T/NK	CD8_GZMK_cytotoxic_T	GZMK_high_cytotoxic_memory_like	438	0.00158742675928277	0.0056228276829539	1640286	1634500.88574076	30	7332	7332	13140	26298	26290.0751480017	1	0.999698651912757	0.996473106361181
sample37	5	Fibroblast/CAF	LUM_DCN_PDGFRA_fibroblast	CCL11_CXCL14_stromal_program	30	0.00158426186817927	0.00385094013491289	560329	558474.07873688	30	492	492	900	14908	14905.4847783543	1	0.999831283764042	0.996689585470108
sample5	5	Fibroblast/CAF	LUM_DCN_PDGFRA_fibroblast	CCL11_CXCL14_stromal_program	138	0.00157259023854754	0.00863293832876488	1104915	1048296.58671733	30	2658	2658	4140	45399	45395.169698915	1	0.999915630276328	0.948757675221467
sample27	24	T/NK	Cycling_T_cell	cycling	103	0.00156493375046196	0.00897061637161358	539404	535869.730614296	30	1671	1671	3090	4313	4309.04968535582	1	0.999084091202371	0.993447825033363
sample36	19	Epithelial	Chief_like_epithelial	metallothionein_high	14	0.0015506400950544	0.573015693151736	150411	111188.329670844	30	82	82	420	6709	6613.88638508589	1	0.985822981828274	0.739230040827093
sample39	6	Endothelial/Pericyte	Vascular_endothelial	PLVAP_EMCN_high	117	0.00154823465997584	0.0125361519393214	805318	803373.986832903	30	2042	2042	3510	9651	9650.95404950532	1	0.999995238784097	0.997586030404018
sample7	11	Myeloid	C1Q_FOLR2_TREM2_macrophage	C1Q_FOLR2_TREM2_TAM_like	53	0.00153691110021993	0.054172538636413	441984	435917.579036494	30	870	870	1590	9774	9773.46629902956	1	0.999945395849147	0.986274568845238
sample1	17	Mast	Mast_cell	mast_cell	65	0.00151670411847245	0.00752566110430885	229080	228344.561159169	30	1135	1135	1950	9046	9045.9127189701	1	0.999990351422739	0.996789598215336
sample4	1	T/NK	CD8_GZMK_cytotoxic_T	GZMK_high_cytotoxic_memory_like	254	0.00151412858456875	0.00950798266586315	1298476	1293681.94341714	30	4977	4977	7620	23029	23018.4110958015	1	0.99954019261807	0.996307935931921
sample27	17	Mast	Mast_cell	mast_cell	131	0.00150075489020535	0.0123905304458222	499854	497056.607624056	30	1963	1963	3930	10840	10836.4483888813	1	0.999672360597904	0.994403581093791
sample3	13	Myeloid	FCN1_S100A8_A9_inflammatory_monocyte	inflammatory	281	0.00149622876298254	0.00627745961421916	1681624	1673718.79725657	30	4863	4863	8430	35879	35867.0246873013	1	0.99966623058896	0.99529906641233
sample11	7	T/NK	GNLY_NK_like_cytotoxic_lymphocyte	GNLY_GZMB_high_cytotoxic	26	0.00148831310046133	0.00592003459182091	124701	124375.484247863	30	482	482	780	2272	2271.2952189933	1	0.999689797092121	0.997389629977814
sample22	10	T/NK	IFNG_CCL4_CD8_cytotoxic_T	IFNG_CCL4_TNF_high_activated	17	0.00148687050205608	0.404903102798823	69105	60961.3365243025	30	103	103	510	4981	4911.94285095082	1	0.986135886559089	0.882155220668584
sample29	18	B/Plasma	B_or_plasma_like_stress_high	stress_high_likely_dissociation_associated	9	0.001485242956982	0.346741140334064	21627	19752.1701352048	30	212	212	270	3161	3078.23322911974	1	0.973816269889192	0.913310682720897
sample25	16	Epithelial	Mucous_neck_chief_like_epithelial	MUC6_TFF2_glandular_secretory	96	0.00147975283784128	0.0290075109264832	1482648	1440866.98928245	30	1330	1330	2880	44065	38913.7554762928	1	0.883098955549592	0.971820006692381
sample21	14	B/Plasma	IGHA_high_plasma	IGHA_high_antibody_secreting	29	0.00147434355943833	0.282413008627792	152350	144918.465432392	30	332	332	870	68181	67036.8647826626	1	0.983219148775503	0.951220646093808
sample5	15	Endothelial/Pericyte	Pericyte_smooth_muscle_like	contractile	39	0.0014689529994589	0.00548524071986643	286062	285336.508995786	30	607	607	1170	7450	7449.82130560094	1	0.999976014174623	0.997463867957947
sample21	10	T/NK	IFNG_CCL4_CD8_cytotoxic_T	IFNG_CCL4_TNF_high_activated	98	0.00145227032046072	0.00980781790628637	249724	248526.747432335	30	1502	1502	2940	9255	9253.26849291315	1	0.999812911173761	0.995205696818628
sample4	6	Endothelial/Pericyte	Vascular_endothelial	PLVAP_EMCN_high	28	0.00144735737137613	0.00754779027070448	268800	268537.295431615	30	524	524	840	4806	4805.99902255088	1	0.999999796618994	0.999022676456899
sample1	5	Fibroblast/CAF	LUM_DCN_PDGFRA_fibroblast	CCL11_CXCL14_stromal_program	146	0.00144396549877759	0.00839872831663116	1029287	1026320.84394041	30	2930	2930	4380	43820	43819.6811888473	1	0.999992724528692	0.997118241987325
sample5	7	T/NK	GNLY_NK_like_cytotoxic_lymphocyte	GNLY_GZMB_high_cytotoxic	44	0.00143524585034221	0.004616126682891	231616	231045.987841121	30	911	911	1320	4990	4989.19694274116	1	0.999839066681595	0.997538977622968
sample7	1	T/NK	CD8_GZMK_cytotoxic_T	GZMK_high_cytotoxic_memory_like	155	0.00143492737384097	0.00673939208540105	745959	743704.649273818	30	2764	2764	4650	12382	12379.1884047362	1	0.999772928827026	0.996977916043399
sample19	12	B/Plasma	Conventional_B_cell	B_cell	22	0.00142820951988436	0.257248758147015	207788	205162.740412461	30	91	91	660	398	394.914450575834	1	0.992247363255865	0.987365682390036
sample29	20	Myeloid	CD1C_FCER1A_dendritic_cell	antigen_presentation_LAMP3_IDO1	36	0.00142815847390793	0.0305447751504806	198982	197395.167364932	30	669	669	1080	16552	16548.275875131	1	0.999775004539089	0.992025245323355
sample17	17	Mast	Mast_cell	mast_cell	11	0.00142315470217444	0.440186225060764	31908	29987.045871026	30	13	13	330	20	19.3636581496493	1	0.968182907482465	0.939797100132445
sample33	20	Myeloid	CD1C_FCER1A_dendritic_cell	antigen_presentation_LAMP3_IDO1	34	0.00141647655434004	0.0531362271958465	281340	278491.825737699	30	603	603	1020	19415	19407.3051264798	1	0.999603663480802	0.98987639773121
sample1	7	T/NK	GNLY_NK_like_cytotoxic_lymphocyte	GNLY_GZMB_high_cytotoxic	67	0.00140538688281502	0.00383519085381218	264980	264455.769454468	30	1167	1167	2010	5879	5877.98128640353	1	0.999826719918954	0.998021622214762
sample19	7	T/NK	GNLY_NK_like_cytotoxic_lymphocyte	GNLY_GZMB_high_cytotoxic	54	0.00140091308044484	0.00925488230411401	211544	210920.257244466	30	1142	1142	1620	6328	6327.50333420487	1	0.999921512990655	0.997051475080673
sample1	8	B/Plasma	IGHG_high_plasma	IGHG_high_antibody_secreting	37	0.00139964635592966	0.0582013589066752	103330	102207.546664641	30	181	181	1110	12991	12882.0418785427	1	0.991612799518338	0.98913719795452
sample27	20	Myeloid	CD1C_FCER1A_dendritic_cell	antigen_presentation_LAMP3_IDO1	133	0.00137375050356365	0.00927942993365678	454919	452608.928686689	30	1970	1970	3990	38971	38958.0642426464	1	0.999668067092105	0.994922016197803
sample20	23	T/NK	CCR6_KLRB1_CCL20_CD4_like_T	Th17_like_CCL20_high	26	0.0013638533732483	0.0136084602793736	104841	103573.649572828	30	628	628	780	8915	8867.02394761572	1	0.994618502256391	0.98791169077773
sample16	17	Mast	Mast_cell	mast_cell	6	0.00134348193458067	0.00775745913860912	72522	72326.6538798328	30	149	149	180	1870	1869.98478672762	1	0.999991864560227	0.997306388128193
sample37	11	Myeloid	C1Q_FOLR2_TREM2_macrophage	C1Q_FOLR2_TREM2_TAM_like	8	0.00134140702231937	0.024298494018076	99917	99768.9259919254	30	94	94	240	1700	1699.92408517953	1	0.999955344223252	0.998518029884058
sample7	10	T/NK	IFNG_CCL4_CD8_cytotoxic_T	IFNG_CCL4_TNF_high_activated	100	0.00134109923686456	0.00439390979408778	394824	394201.589447244	30	1650	1650	3000	12811	12809.455314052	1	0.999879425029427	0.998423574674397
sample6	7	T/NK	GNLY_NK_like_cytotoxic_lymphocyte	GNLY_GZMB_high_cytotoxic	130	0.0013399152242687	0.00579075800075893	681186	679860.83768977	30	2665	2665	3900	19121	19118.3258938974	1	0.999860148208639	0.998054624859832
sample6	6	Endothelial/Pericyte	Vascular_endothelial	PLVAP_EMCN_high	87	0.00133812130805128	0.0104302976998484	933411	929743.605799488	30	1789	1789	2610	17386	17385.9087452794	1	0.9999947512527	0.996070976021804
sample18	13	Myeloid	FCN1_S100A8_A9_inflammatory_monocyte	inflammatory	28	0.0013344444555848	0.0444497738198893	112574	110358.041749947	30	336	336	840	3048	3047.59235785458	1	0.999866259138642	0.980315541332342
sample39	15	Endothelial/Pericyte	Pericyte_smooth_muscle_like	contractile	43	0.00132572451843585	0.0145474295419104	201987	198973.00169188	30	521	521	1290	4707	4706.7000377269	1	0.999936273152093	0.985078255986175
sample39	11	Myeloid	C1Q_FOLR2_TREM2_macrophage	C1Q_FOLR2_TREM2_TAM_like	335	0.00132018960959341	0.00641392814579987	2493225	2482502.10600984	30	6599	6599	10050	104639	104634.418920913	1	0.999956220156092	0.995699187201251
sample21	5	Fibroblast/CAF	LUM_DCN_PDGFRA_fibroblast	CCL11_CXCL14_stromal_program	92	0.00130463786072393	0.0119031139939056	426004	425103.522517167	30	1645	1645	2760	20741	20740.9319743643	1	0.99999672023356	0.997886222939613
sample24	7	T/NK	GNLY_NK_like_cytotoxic_lymphocyte	GNLY_GZMB_high_cytotoxic	84	0.00129461201562339	0.00836807186206978	198053	195676.675965362	30	1228	1228	2520	6036	6033.53835624152	1	0.99959217300224	0.988001575161004
sample20	14	B/Plasma	IGHA_high_plasma	IGHA_high_antibody_secreting	3	0.00128533740979468	0.00441094643526662	14954	14942.875051181	30	12	12	90	44	43.9991030562657	1	0.99997961491513	0.999256055315033
sample37	1	T/NK	CD8_GZMK_cytotoxic_T	GZMK_high_cytotoxic_memory_like	29	0.00125351809118244	0.00358812103116631	228589	228254.655653014	30	602	602	870	3278	3277.65623667721	1	0.999895130163883	0.998537355922699
sample20	16	Epithelial	Mucous_neck_chief_like_epithelial	MUC6_TFF2_glandular_secretory	12	0.00125043854864992	0.00876603727440757	202131	201347.644372218	30	159	159	360	13701	13700.597532511	1	0.999970624955185	0.996124515152142
sample5	3	Epithelial	Gastric_or_intestinal_like_epithelial_malignancy_pending_CNV	mixed_gastric_and_intestinal_program	244	0.00124742325365378	0.00971332673648695	2964406	2958360.74624196	30	4101	4101	7320	105560	105548.072333219	1	0.999887005809201	0.997960720036986
sample7	20	Myeloid	CD1C_FCER1A_dendritic_cell	antigen_presentation_LAMP3_IDO1	11	0.0012425947010984	0.012684825882139	97726	97583.1860996601	30	223	223	330	8210	8209.4047413889	1	0.999927495906078	0.998538629429836
sample21	1	T/NK	CD8_GZMK_cytotoxic_T	GZMK_high_cytotoxic_memory_like	145	0.00124200310372968	0.01002051743493	405945	404904.202050705	30	2193	2193	4350	6077	6076.27233931603	1	0.999880259884157	0.997436110928093
sample30	7	T/NK	GNLY_NK_like_cytotoxic_lymphocyte	GNLY_GZMB_high_cytotoxic	129	0.00123854955934596	0.00549433239421744	277712	276440.764212803	30	1928	1928	3870	8817	8815.19905082043	1	0.999795741274859	0.995422467206324
sample2	23	T/NK	CCR6_KLRB1_CCL20_CD4_like_T	Th17_like_CCL20_high	17	0.00122505349668451	0.00596034414527162	83452	82974.7722879169	30	430	430	510	7289	7270.03440333523	1	0.997398052316536	0.994281410726129
sample11	19	Epithelial	Chief_like_epithelial	metallothionein_high	6	0.00122224894953426	0.00651145637433566	43887	43865.6311502288	30	46	46	180	963	962.95377201249	1	0.999951995859283	0.999513093859886
sample4	17	Mast	Mast_cell	mast_cell	20	0.00121747404456927	0.00456165188430789	136041	135785.635230674	30	476	476	600	7351	7350.97706864063	1	0.999996880511581	0.998122883767935
sample30	19	Epithelial	Chief_like_epithelial	metallothionein_high	52	0.00120470997463239	0.164505942659557	464640	442544.128229459	30	848	848	1560	161084	160792.670936339	1	0.998191446303412	0.952445179557203
sample12	7	T/NK	GNLY_NK_like_cytotoxic_lymphocyte	GNLY_GZMB_high_cytotoxic	32	0.00115637783580728	0.00847860799334602	165894	165145.33279013	30	651	651	960	3424	3422.5254694141	1	0.999569354384958	0.995487074819643
sample33	19	Epithelial	Chief_like_epithelial	metallothionein_high	54	0.00114565005474009	0.0606868549344478	852972	847615.713254935	30	415	415	1620	8479	8449.7950049485	1	0.996555608556256	0.993720442470485
sample33	21	Epithelial	Enteroendocrine_epithelial	neuroendocrine_secretory	20	0.00114426996253587	0.0090059845787396	152509	152005.293696019	30	116	116	600	847	846.990360508754	1	0.999988619254728	0.996697202761932
sample7	6	Endothelial/Pericyte	Vascular_endothelial	PLVAP_EMCN_high	62	0.00114069371740111	0.0115816736356893	702963	700002.959241659	30	1213	1213	1860	9993	9992.94074707459	1	0.999994070556849	0.995789194085121
sample16	12	B/Plasma	Conventional_B_cell	B_cell	9	0.00113061610066413	0.00246699134661087	72319	72194.9725915428	30	133	133	270	657	656.937881258817	1	0.999905450926662	0.998284995527355
sample24	6	Endothelial/Pericyte	Vascular_endothelial	PLVAP_EMCN_high	82	0.00112987571612491	0.0133834002386112	491796	489027.933186225	30	1316	1316	2460	5916	5915.95091264074	1	0.999991702609996	0.994371514177067
sample17	14	B/Plasma	IGHA_high_plasma	IGHA_high_antibody_secreting	27	0.00112498341387519	0.314069048421191	483463	457766.885201023	30	401	401	810	33637	33609.1627134312	1	0.999172420650807	0.946849883447177
sample3	23	T/NK	CCR6_KLRB1_CCL20_CD4_like_T	Th17_like_CCL20_high	32	0.00111592490048387	0.00463603090808385	157543	157320.030850963	30	809	809	960	15026	15019.2604883703	1	0.999551476665136	0.998584709260097
sample11	18	B/Plasma	B_or_plasma_like_stress_high	stress_high_likely_dissociation_associated	24	0.00110328398378339	0.0728622989090169	108171	99162.0642412894	30	655	655	720	21631	20891.3848093261	1	0.965807628372525	0.916715794818291
sample2	11	Myeloid	C1Q_FOLR2_TREM2_macrophage	C1Q_FOLR2_TREM2_TAM_like	79	0.00109408170452766	0.0259689715560324	1174292	1169027.23523326	30	1694	1694	2370	52280	52279.271647708	1	0.999986068242311	0.99551664767644
sample7	13	Myeloid	FCN1_S100A8_A9_inflammatory_monocyte	inflammatory	21	0.00109383636329165	0.00998290992700971	101528	101388.415843923	30	241	241	630	1712	1711.96425867794	1	0.999979123059543	0.99862516590421
sample1	15	Endothelial/Pericyte	Pericyte_smooth_muscle_like	contractile	39	0.00109206946845554	0.0093687047485522	217537	215614.56195696	30	361	361	1170	5589	5588.64686058848	1	0.999936815277952	0.99116270775528
sample4	10	T/NK	IFNG_CCL4_CD8_cytotoxic_T	IFNG_CCL4_TNF_high_activated	132	0.00109035057583217	0.0103289522783368	573813	571361.05371037	30	2544	2544	3960	26149	26140.3270052708	1	0.999668324038044	0.995726924469069
sample29	16	Epithelial	Mucous_neck_chief_like_epithelial	MUC6_TFF2_glandular_secretory	142	0.00107608194414292	0.0103356269066063	2180409	2173546.26504645	30	1831	1831	4260	62271	62219.7287517827	1	0.999176643249389	0.996852546951719
sample1	19	Epithelial	Chief_like_epithelial	metallothionein_high	36	0.00107231831317475	0.0100789528633556	364639	363588.992540355	30	345	345	1080	6924	6917.35215929732	1	0.999039884358365	0.997120419210109
sample2	13	Myeloid	FCN1_S100A8_A9_inflammatory_monocyte	inflammatory	96	0.00107064799582707	0.0229093625167015	541653	535538.598343372	30	1673	1673	2880	18352	18347.6109393485	1	0.999760840199894	0.988711589049396
sample8	23	T/NK	CCR6_KLRB1_CCL20_CD4_like_T	Th17_like_CCL20_high	16	0.00106885599538343	0.00632156112042989	47586	47494.634802128	30	353	353	480	4244	4240.37758077364	1	0.999146461068247	0.998079998363551
sample7	7	T/NK	GNLY_NK_like_cytotoxic_lymphocyte	GNLY_GZMB_high_cytotoxic	94	0.00106772733453275	0.00534827218473633	469621	468854.006390288	30	1851	1851	2820	12151	12150.1535727955	1	0.999930340942765	0.998366781703306
sample24	11	Myeloid	C1Q_FOLR2_TREM2_macrophage	C1Q_FOLR2_TREM2_TAM_like	124	0.00106378149095898	0.0156117640788605	735645	728502.443282169	30	1701	1701	3720	16448	16446.7068124672	1	0.999921377217118	0.990290756114931
sample4	11	Myeloid	C1Q_FOLR2_TREM2_macrophage	C1Q_FOLR2_TREM2_TAM_like	51	0.00105736371172316	0.0187045785060499	588167	581446.17711224	30	891	891	1530	15043	15042.4808329113	1	0.999965487795737	0.988573274447972
sample24	5	Fibroblast/CAF	LUM_DCN_PDGFRA_fibroblast	CCL11_CXCL14_stromal_program	106	0.00105362143235666	0.0504647180628265	839229	820202.070351384	30	1553	1553	3180	22736	22733.4879593876	1	0.999889512640202	0.977328083695134
sample2	24	T/NK	Cycling_T_cell	cycling	15	0.00104727034905781	0.00878995549785324	93381	93215.2862716593	30	166	166	450	533	532.953957624459	1	0.999913616556209	0.998225402080287
sample4	15	Endothelial/Pericyte	Pericyte_smooth_muscle_like	contractile	20	0.00103635760767616	0.0103353926544259	235728	235420.018822941	30	365	365	600	6636	6635.99003124307	1	0.999998497776231	0.998693489203408
sample24	3	Epithelial	Gastric_or_intestinal_like_epithelial_malignancy_pending_CNV	mixed_gastric_and_intestinal_program	382	0.00102757839415203	0.00876255314035768	2306800	2293286.92494244	30	7543	7543	11460	190136	190043.893577947	1	0.99951557610314	0.994142069075101
sample7	5	Fibroblast/CAF	LUM_DCN_PDGFRA_fibroblast	CCL11_CXCL14_stromal_program	81	0.00101479213118615	0.0141176703275227	879771	877348.788899005	30	1664	1664	2430	30646	30645.6460468184	1	0.999988450264909	0.997246770919938
sample30	5	Fibroblast/CAF	LUM_DCN_PDGFRA_fibroblast	CCL11_CXCL14_stromal_program	135	0.000971377472469807	0.00646839387004539	492754	488805.816072987	30	2204	2204	4050	15975	15974.8241796817	1	0.999988994033285	0.991987515216491
sample27	3	Epithelial	Gastric_or_intestinal_like_epithelial_malignancy_pending_CNV	mixed_gastric_and_intestinal_program	84	0.000962307756245673	0.0945893221379083	548998	539694.165626568	30	1188	1188	2520	10539	10536.1918734022	1	0.999733549046612	0.983053063265381
sample5	6	Endothelial/Pericyte	Vascular_endothelial	PLVAP_EMCN_high	187	0.000955569248988561	0.00687953781610451	2101295	2095974.5879073	30	4025	4025	5610	36468	36467.7886837406	1	0.999994205433273	0.997468031812429
sample27	10	T/NK	IFNG_CCL4_CD8_cytotoxic_T	IFNG_CCL4_TNF_high_activated	76	0.000954445329479663	0.0369719580927363	141269	137189.316860994	30	719	719	2280	2961	2952.92969292242	1	0.99727446569484	0.971121172097165
sample21	7	T/NK	GNLY_NK_like_cytotoxic_lymphocyte	GNLY_GZMB_high_cytotoxic	52	0.000952535329882934	0.00319003128614732	159271	159036.470438406	30	794	794	1560	2694	2693.8399195353	1	0.999940578892093	0.998527481075685
sample3	19	Epithelial	Chief_like_epithelial	metallothionein_high	43	0.000949088939270049	0.00945625760973294	675457	674768.371074332	30	468	468	1290	12802	12800.599973054	1	0.999890639982345	0.998980499238785
sample19	10	T/NK	IFNG_CCL4_CD8_cytotoxic_T	IFNG_CCL4_TNF_high_activated	47	0.000939530783406757	0.00981975709691103	202339	201425.835094742	30	780	780	1410	7001	6999.75024261126	1	0.999821488731789	0.995486955528799
sample5	11	Myeloid	C1Q_FOLR2_TREM2_macrophage	C1Q_FOLR2_TREM2_TAM_like	53	0.000936398855019578	0.00841998534210417	638590	637790.745628183	30	1012	1012	1590	15872	15871.9580516049	1	0.999997357081961	0.998748407629594
sample36	21	Epithelial	Enteroendocrine_epithelial	neuroendocrine_secretory	3	0.000928093976903119	0.00129875614571137	45347	45317.55811157	30	39	39	90	1304	1303.99970554483	1	0.99999977419082	0.999350742310848
sample5	17	Mast	Mast_cell	mast_cell	29	0.000922637385270822	0.00497986636529692	108241	108074.052186243	30	562	562	870	3824	3823.97761732077	1	0.999994146788904	0.998457628682692
sample10	1	T/NK	CD8_GZMK_cytotoxic_T	GZMK_high_cytotoxic_memory_like	516	0.000915594006554582	0.00371113404044348	1392189	1389316.16122914	30	8140	8140	15480	27243	27238.2603727105	1	0.999826024032249	0.99793645922295
sample7	15	Endothelial/Pericyte	Pericyte_smooth_muscle_like	contractile	46	0.000912312052183589	0.011866292240356	507318	506180.626250019	30	783	783	1380	13548	13547.672339349	1	0.999975814832376	0.997758065454051
sample9	8	B/Plasma	IGHG_high_plasma	IGHG_high_antibody_secreting	486	0.000900677963482784	0.0553752063717518	8171089	8089719.80919699	30	3478	3478	14580	23111	17989.9033075847	1	0.778413020102318	0.990041818073086
sample4	3	Epithelial	Gastric_or_intestinal_like_epithelial_malignancy_pending_CNV	mixed_gastric_and_intestinal_program	430	0.000899098650939804	0.00969951514369927	3675974	3653362.29592582	30	9474	9474	12900	363545	363391.220622203	1	0.999577000432416	0.993848785634996
sample38	7	T/NK	GNLY_NK_like_cytotoxic_lymphocyte	GNLY_GZMB_high_cytotoxic	38	0.000899060757750018	0.00896445734713561	119109	118711.826050167	30	646	646	1140	2632	2631.55443787832	1	0.999830713479604	0.9966654581112
sample31	5	Fibroblast/CAF	LUM_DCN_PDGFRA_fibroblast	CCL11_CXCL14_stromal_program	58	0.00089523002189456	0.0115871263529496	343149	334670.709594089	30	1160	1160	1740	16758	16757.6795678391	1	0.999980878854227	0.975292685084583
sample3	20	Myeloid	CD1C_FCER1A_dendritic_cell	antigen_presentation_LAMP3_IDO1	75	0.000890728651498583	0.00861667792353625	918303	917251.450266044	30	1627	1627	2250	68989	68978.7420577444	1	0.99985131046608	0.998854898945167
sample31	11	Myeloid	C1Q_FOLR2_TREM2_macrophage	C1Q_FOLR2_TREM2_TAM_like	106	0.000865928614567541	0.0101858551839757	725299	723316.282653946	30	1910	1910	3180	18151	18150.5123938504	1	0.99997313612751	0.997266344850808
sample8	24	T/NK	Cycling_T_cell	cycling	9	0.000858768863233724	0.00391644149902804	12458	12434.3378515137	30	34	34	270	49	48.9896203052265	1	0.999788169494418	0.99810064629264
sample39	20	Myeloid	CD1C_FCER1A_dendritic_cell	antigen_presentation_LAMP3_IDO1	28	0.000856051679732036	0.00615796591340408	191362	191072.604379577	30	531	531	840	11604	11602.3001288271	1	0.999853509895479	0.998487705916417
sample21	9	Epithelial	Pit_surface_mucous_like_epithelial	MUC5AC_CYP3A5_CLDN4_high	75	0.000837526830439554	0.00851216345149755	201617	173314.263837814	30	1092	1092	2250	5086	5051.90602214432	1	0.993296504550593	0.859621281131126
sample37	3	Epithelial	Gastric_or_intestinal_like_epithelial_malignancy_pending_CNV	mixed_gastric_and_intestinal_program	3	0.000832546437710402	0.00190861200782932	105962	105861.715134894	30	13	13	90	188	187.88857508469	1	0.999407314280266	0.999053577083239
sample24	19	Epithelial	Chief_like_epithelial	metallothionein_high	34	0.000829614575922987	0.0396624385794595	198312	194833.715036329	30	386	386	1020	6181	6164.99462826387	1	0.997410553027644	0.982460542157454
sample30	10	T/NK	IFNG_CCL4_CD8_cytotoxic_T	IFNG_CCL4_TNF_high_activated	95	0.000824998961874646	0.00925489672025519	187097	185222.899121115	30	1177	1177	2850	5896	5889.92011882858	1	0.99896881255573	0.98998326601236
sample8	17	Mast	Mast_cell	mast_cell	4	0.000817881692736244	0.00665948834231353	7757	7742.12318798132	30	36	36	120	274	273.999134620136	1	0.999996841679327	0.998082143609813
sample31	13	Myeloid	FCN1_S100A8_A9_inflammatory_monocyte	inflammatory	95	0.000817277612124031	0.0115021754424934	402499	400274.508720352	30	1666	1666	2850	16367	16363.5757331907	1	0.999790782256414	0.994473299860004
sample5	19	Epithelial	Chief_like_epithelial	metallothionein_high	48	0.000815249938740221	0.0615226294848765	1343470	1324095.75684999	30	1298	1298	1440	905946	905501.522647869	1	0.999509377653711	0.985578953642424
sample39	3	Epithelial	Gastric_or_intestinal_like_epithelial_malignancy_pending_CNV	mixed_gastric_and_intestinal_program	388	0.000814740620728205	0.00926737476622529	5103700	5093200.8982511	30	8590	8590	11640	214456	214364.631247228	1	0.99957395105396	0.997942845044007
sample3	6	Endothelial/Pericyte	Vascular_endothelial	PLVAP_EMCN_high	97	0.000813039999716412	0.00768182526804568	1193423	1192212.4294731	30	1993	1993	2910	18337	18336.9801087048	1	0.999998915237216	0.998985631643687
sample25	23	T/NK	CCR6_KLRB1_CCL20_CD4_like_T	Th17_like_CCL20_high	18	0.000812790257344213	0.0157969348677671	48256	48023.7281793707	30	372	372	540	3911	3905.13230977096	1	0.998499695671429	0.995186674804597
sample24	15	Endothelial/Pericyte	Pericyte_smooth_muscle_like	contractile	110	0.000812011262664094	0.0262456329824206	1028603	1006425.19687386	30	1942	1942	3300	20804	20790.2721562006	1	0.999340134406873	0.978438908766412
sample10	2	T/NK	CCR6_IL7R_CD4_like_T	activated_costimulatory_checkpoint_high	279	0.000811936542346552	0.00431375624124829	811775	807554.973276322	30	3092	3092	8370	7188	7184.90928909029	1	0.999570017959139	0.994801482278121
sample22	19	Epithelial	Chief_like_epithelial	metallothionein_high	26	0.000807069067237231	0.263674730103991	117968	108997.083276997	30	134	134	780	7568	7518.84463721287	1	0.993504841069354	0.923954659543245
sample21	11	Myeloid	C1Q_FOLR2_TREM2_macrophage	C1Q_FOLR2_TREM2_TAM_like	57	0.000806469870220762	0.00814853311283516	535495	534128.831931503	30	1115	1115	1710	13606	13605.8887915403	1	0.999991826513328	0.997448775304164
sample25	13	Myeloid	FCN1_S100A8_A9_inflammatory_monocyte	inflammatory	14	0.000796500669784724	0.0796205100123882	62188	61679.1137069603	30	166	166	420	1591	1590.88756063641	1	0.999929327867005	0.991816969623726
sample31	21	Epithelial	Enteroendocrine_epithelial	neuroendocrine_secretory	22	0.000796241402642963	0.00602715508776625	209227	208539.128358467	30	292	292	660	2910	2909.98969314384	1	0.999996458125032	0.996712318957241
sample13	12	B/Plasma	Conventional_B_cell	B_cell	7	0.000768917705341184	0.00684237523837372	13990	13967.0935401127	30	76	76	210	169	168.984074800815	1	0.999905768052157	0.99836265476145
sample2	20	Myeloid	CD1C_FCER1A_dendritic_cell	antigen_presentation_LAMP3_IDO1	33	0.000765268448045573	0.00691898674353423	413431	412909.958472819	30	654	654	990	30946	30942.4031375487	1	0.999883769713328	0.99873971345356
sample21	18	B/Plasma	B_or_plasma_like_stress_high	stress_high_likely_dissociation_associated	13	0.00076428646530437	0.785469941428091	51713	45279.9873487022	30	353	353	390	8025	7319.45300045989	1	0.912081370773818	0.875601634960305
sample31	10	T/NK	IFNG_CCL4_CD8_cytotoxic_T	IFNG_CCL4_TNF_high_activated	34	0.000750619463867135	0.0085828862357498	73826	73480.6099653776	30	448	448	1020	2626	2624.48027153473	1	0.99942127628893	0.995321566458667
sample5	16	Epithelial	Mucous_neck_chief_like_epithelial	MUC6_TFF2_glandular_secretory	165	0.000735830814278271	0.00659321503717265	2501801	2494209.90231938	30	3638	3638	4950	241457	241275.742519968	1	0.999249317766593	0.996965746803754
sample21	17	Mast	Mast_cell	mast_cell	40	0.000734588145184865	0.00320603584471233	144996	144789.404288931	30	782	782	1200	6658	6657.9693761147	1	0.999995400437775	0.99857516268677
sample12	18	B/Plasma	B_or_plasma_like_stress_high	stress_high_likely_dissociation_associated	14	0.000730506954407012	0.00335411826106021	47127	46980.9486694831	30	379	379	420	11194	11184.1300644048	1	0.999118283402254	0.996900899049018
sample23	22	Mesothelial	Mesothelial	mesothelial_ECM_program	8	0.000721210854638008	0.171274270134402	20728	20043.1895398336	30	10	10	240	33	32.9443586281766	1	0.998313897823535	0.966962058077652
sample9	24	T/NK	Cycling_T_cell	cycling	4	0.000713456366877367	0.160232092835078	7162	6661.28295534341	30	1	1	120	1	0.895582157327173	1	0.895582157327173	0.930086980639962
sample11	22	Mesothelial	Mesothelial	mesothelial_ECM_program	18	0.000712471163748024	0.00979610492196584	41774	41695.9647555711	30	127	127	540	400	399.958911096272	1	0.999897277740681	0.998131966188804
sample16	4	B/Plasma	JCHAIN_TNFRSF17_plasma	antibody_secreting	8	0.000708572844240258	0.147625109176097	208460	194275.741431169	30	129	129	240	91940	91938.2179079107	1	0.999980616792589	0.931956929056745
sample10	10	T/NK	IFNG_CCL4_CD8_cytotoxic_T	IFNG_CCL4_TNF_high_activated	178	0.00070742485338198	0.00431400965408151	438096	436637.600231737	30	2832	2832	5340	16036	16030.4695927532	1	0.999655125514668	0.996671049796703
sample1	6	Endothelial/Pericyte	Vascular_endothelial	PLVAP_EMCN_high	35	0.000706182031989672	0.00680224953386006	393527	392991.147055073	30	728	728	1050	6348	6347.99447183482	1	0.999999129148523	0.998638332452597
sample19	13	Myeloid	FCN1_S100A8_A9_inflammatory_monocyte	inflammatory	47	0.000699485397640974	0.00932550979006033	273330	272482.58574472	30	928	928	1410	8610	8609.49931537407	1	0.999941848475501	0.996899666135148
sample29	12	B/Plasma	Conventional_B_cell	B_cell	25	0.000698727099693919	0.014121625998052	50357	49995.4511202069	30	247	247	750	527	526.905070125784	1	0.999819867411354	0.992820285565202
sample3	15	Endothelial/Pericyte	Pericyte_smooth_muscle_like	contractile	80	0.000687159529452276	0.00725800352008236	1262680	1258910.34739433	30	1694	1694	2400	45212	45211.3554246014	1	0.999985743267305	0.99701456219654
sample7	16	Epithelial	Mucous_neck_chief_like_epithelial	MUC6_TFF2_glandular_secretory	120	0.000682799034115975	0.0207758278641436	2413314	2380738.60494541	30	2818	2818	3600	568619	568450.434518329	1	0.999703552850553	0.986501799991799
sample22	18	B/Plasma	B_or_plasma_like_stress_high	stress_high_likely_dissociation_associated	18	0.000681005464201527	0.0643106192840734	77328	74309.3305106576	30	428	428	540	8640	8483.57697958948	1	0.981895483748783	0.96096278851978
sample13	11	Myeloid	C1Q_FOLR2_TREM2_macrophage	C1Q_FOLR2_TREM2_TAM_like	30	0.000679255993788967	0.0162126354828896	109844	109409.626771313	30	449	449	900	2868	2867.95906669348	1	0.999985727577921	0.996045544329348
sample4	16	Epithelial	Mucous_neck_chief_like_epithelial	MUC6_TFF2_glandular_secretory	43	0.000672474041519209	0.0972091980201214	712035	702994.433211856	30	755	755	1290	69037	69013.6861406567	1	0.99966229906654	0.987303198876257
sample13	18	B/Plasma	B_or_plasma_like_stress_high	stress_high_likely_dissociation_associated	23	0.000669484571830429	0.00318662737119949	29865	29830.8190038557	30	517	517	690	4544	4542.0419462852	1	0.999569090291638	0.998855483135968
sample37	14	B/Plasma	IGHA_high_plasma	IGHA_high_antibody_secreting	3	0.000644239720666086	0.000760112912134604	152535	152471.81854127	30	58	58	90	91570	91569.5384671934	1	0.999994959781516	0.999585790417083
sample19	24	T/NK	Cycling_T_cell	cycling	5	0.000644218585414695	0.00269405789970219	19671	19638.4703314011	30	47	47	150	138	137.995006177322	1	0.999963812879143	0.998346313425913
sample36	22	Mesothelial	Mesothelial	mesothelial_ECM_program	8	0.000642891210385397	0.0030857517773381	14397	14375.9648144304	30	77	77	240	492	491.999088131125	1	0.999998146607977	0.99853891883242
sample3	11	Myeloid	C1Q_FOLR2_TREM2_macrophage	C1Q_FOLR2_TREM2_TAM_like	344	0.000640868441866826	0.00822686986131386	5213486	5207886.90963791	30	7579	7579	10320	180071	180068.585745795	1	0.999986592765048	0.998926037134828
sample15	22	Mesothelial	Mesothelial	mesothelial_ECM_program	11	0.00062747456755136	0.0186706440461434	184301	183666.001603613	30	42	42	330	177	176.709950726031	1	0.998361303536901	0.996554558052388
sample30	6	Endothelial/Pericyte	Vascular_endothelial	PLVAP_EMCN_high	72	0.000623081297584283	0.00903368490010846	516224	507797.350709652	30	1332	1332	2160	7135	7134.82115526959	1	0.999974934165325	0.98367637054777
sample30	3	Epithelial	Gastric_or_intestinal_like_epithelial_malignancy_pending_CNV	mixed_gastric_and_intestinal_program	297	0.000613097083401459	0.00832016650691626	2444040	2420316.45668476	30	4358	4358	8910	101114	101004.443260246	1	0.998916502761697	0.990293308082014
sample10	19	Epithelial	Chief_like_epithelial	metallothionein_high	33	0.000612425953725182	0.0581010552728427	172177	166917.010290048	30	276	276	990	3214	3166.98228890498	1	0.985370967300866	0.969450102452989
sample26	1	T/NK	CD8_GZMK_cytotoxic_T	GZMK_high_cytotoxic_memory_like	357	0.000604156931022106	0.00354550947530613	882272	878899.723377779	30	5490	5490	10710	15255	15250.3315337636	1	0.999693971403712	0.996177735865786
sample12	20	Myeloid	CD1C_FCER1A_dendritic_cell	antigen_presentation_LAMP3_IDO1	8	0.000602452883915285	0.165496993762341	98935	97058.9850927101	30	165	165	240	8244	8217.19972532834	1	0.996749117579856	0.98103790461121
sample5	13	Myeloid	FCN1_S100A8_A9_inflammatory_monocyte	inflammatory	21	0.000589530517443896	0.0103775156076169	115612	115374.777070699	30	363	363	630	2193	2192.97499339784	1	0.999988597080637	0.997948111534258
sample23	17	Mast	Mast_cell	mast_cell	12	0.000587579856800257	0.00595584495809491	20578	20543.708903909	30	152	152	360	545	544.992080296561	1	0.999985468434057	0.998333604038731
sample22	8	B/Plasma	IGHG_high_plasma	IGHG_high_antibody_secreting	33	0.00057745415785084	0.0134005540996811	155839	153819.714487195	30	83	83	990	171	164.96212262545	1	0.964690775587424	0.987042489281857
sample22	9	Epithelial	Pit_surface_mucous_like_epithelial	MUC5AC_CYP3A5_CLDN4_high	13	0.000564297982370644	0.00120351019299596	28598	28563.3587242401	30	7	7	390	8	7.99024899899447	1	0.998781124874309	0.998788681874261
sample6	16	Epithelial	Mucous_neck_chief_like_epithelial	MUC6_TFF2_glandular_secretory	81	0.000562859855567933	0.00983382467888378	1451448	1450108.42672667	30	1795	1795	2430	217079	217066.50625001	1	0.999942446068068	0.99907707801221
sample11	8	B/Plasma	IGHG_high_plasma	IGHG_high_antibody_secreting	11	0.000559170916505171	0.359970164954262	17643	15562.0875988989	30	9	9	330	10	9.41336784199948	1	0.941336784199948	0.882054503139991
sample1	21	Epithelial	Enteroendocrine_epithelial	neuroendocrine_secretory	105	0.000551927639514016	0.00197760499423963	1399670	1397290.79877864	30	1526	1526	3150	21514	21513.5587762049	1	0.999979491317511	0.998300169881928
sample30	21	Epithelial	Enteroendocrine_epithelial	neuroendocrine_secretory	50	0.000544451691513975	0.0103175873180882	347351	342822.139957688	30	716	716	1500	10400	10399.900308724	1	0.999990414300386	0.986961718715903
sample32	18	B/Plasma	B_or_plasma_like_stress_high	stress_high_likely_dissociation_associated	11	0.000537322362078326	0.0230148840293333	26401	26114.0622813267	30	278	278	330	3711	3699.32614207819	1	0.996854255477819	0.989131558703332
sample29	23	T/NK	CCR6_KLRB1_CCL20_CD4_like_T	Th17_like_CCL20_high	21	0.000532808591083746	0.000950303973978601	33547	33510.1215678719	30	432	432	630	3446	3444.70001195737	1	0.999622754485598	0.998900693590245
sample4	20	Myeloid	CD1C_FCER1A_dendritic_cell	antigen_presentation_LAMP3_IDO1	16	0.000532026633739229	0.00833659875959187	160982	160760.181417508	30	312	312	480	12713	12712.3027541001	1	0.999945154888708	0.998622090777281
sample1	11	Myeloid	C1Q_FOLR2_TREM2_macrophage	C1Q_FOLR2_TREM2_TAM_like	23	0.000530740323191407	0.00918243712679701	187440	187269.546533864	30	368	368	690	3506	3505.99169406604	1	0.999997630937262	0.999090623846906
sample4	19	Epithelial	Chief_like_epithelial	metallothionein_high	26	0.000530661701264837	0.0540615169791233	277201	269653.264130028	30	367	367	780	6663	6527.28643798097	1	0.979631763166888	0.972771613847092
sample12	12	B/Plasma	Conventional_B_cell	B_cell	32	0.000530386135127074	0.00143565460642945	146215	146072.179927043	30	567	567	960	2133	2132.51504611645	1	0.999772642342453	0.999023218732983
sample33	23	T/NK	CCR6_KLRB1_CCL20_CD4_like_T	Th17_like_CCL20_high	13	0.000528963048264222	0.00267241806442718	29706	29673.4927477336	30	290	290	390	2524	2522.93098504476	1	0.999576460001885	0.998905700792218
sample25	24	T/NK	Cycling_T_cell	cycling	3	0.000526753902552983	0.0250499002815436	5544	5508.92141816629	30	2	2	90	3	2.99990084155703	1	0.999966947185676	0.99367269447444
sample3	5	Fibroblast/CAF	LUM_DCN_PDGFRA_fibroblast	CCL11_CXCL14_stromal_program	167	0.000524324380624437	0.0023331155418157	2936118	2933353.32171872	30	3692	3692	5010	114730	114729.559948105	1	0.999996164456591	0.999058389928034
sample26	2	T/NK	CCR6_IL7R_CD4_like_T	activated_costimulatory_checkpoint_high	204	0.000524023693016733	0.00422289639285731	531343	530421.816647992	30	2190	2190	6120	4988	4987.44912591406	1	0.999889560127117	0.998266311305488
sample20	24	T/NK	Cycling_T_cell	cycling	4	0.000523269198881061	0.000553265359875288	5327	5324.39452918967	30	1	1	120	1	0.999956484071049	1	0.999956484071049	0.999510893408987
sample30	23	T/NK	CCR6_KLRB1_CCL20_CD4_like_T	Th17_like_CCL20_high	46	0.000507790710149885	0.00319749425482507	85109	85009.9121033113	30	970	970	1380	8095	8091.89573525776	1	0.999616520723627	0.998835753014502
sample2	3	Epithelial	Gastric_or_intestinal_like_epithelial_malignancy_pending_CNV	mixed_gastric_and_intestinal_program	198	0.000498448592712791	0.0190369446025913	4537910	4500510.38844961	30	4049	4049	5940	185969	185863.320904247	1	0.999431738108216	0.991758406061294
sample31	3	Epithelial	Gastric_or_intestinal_like_epithelial_malignancy_pending_CNV	mixed_gastric_and_intestinal_program	385	0.000495936486561629	0.00482844209571618	2936277	2933753.15046331	30	8261	8261	11550	302294	302277.460679726	1	0.999945287302182	0.999140459317466
sample5	21	Epithelial	Enteroendocrine_epithelial	neuroendocrine_secretory	16	0.000492748434903525	0.00204869549249282	226895	226729.036732053	30	351	351	480	22006	22005.9968518789	1	0.9999998569426	0.999268545944395
sample2	5	Fibroblast/CAF	LUM_DCN_PDGFRA_fibroblast	CCL11_CXCL14_stromal_program	17	0.00049253407518255	0.0148996211908201	242095	240439.398742478	30	323	323	510	9506	9505.98287436219	1	0.999998198439112	0.993161357080809
sample10	9	Epithelial	Pit_surface_mucous_like_epithelial	MUC5AC_CYP3A5_CLDN4_high	68	0.000486509547056605	0.360820819860813	242504	223549.836479815	30	554	554	2040	2640	2530.82177345258	1	0.958644611156279	0.921839790188265
sample10	7	T/NK	GNLY_NK_like_cytotoxic_lymphocyte	GNLY_GZMB_high_cytotoxic	98	0.000485437135004727	0.00310292602227697	314922	314648.58691117	30	1731	1731	2940	10284	10283.3267425725	1	0.999934533505686	0.999131806959087
sample38	12	B/Plasma	Conventional_B_cell	B_cell	12	0.00046461220914902	0.00297816781368889	51066	50976.5726755862	30	140	140	360	389	388.886224972964	1	0.999707519210703	0.99824878932335
sample32	14	B/Plasma	IGHA_high_plasma	IGHA_high_antibody_secreting	10	0.000464232735057185	0.0446139817862208	41440	41089.1533328264	30	100	100	300	10863	10859.3462859339	1	0.999663655153631	0.991533622896389
sample38	21	Epithelial	Enteroendocrine_epithelial	neuroendocrine_secretory	7	0.000456125884393963	0.309487709386914	95626	89861.255060472	30	19	19	210	699	693.991514442522	1	0.992834784610189	0.939715716023592
sample10	3	Epithelial	Gastric_or_intestinal_like_epithelial_malignancy_pending_CNV	mixed_gastric_and_intestinal_program	161	0.00044860977438002	0.00713911983408399	1541753	1522724.7395908	30	3321	3321	4830	124823	124657.40894034	1	0.998673393047275	0.987658035749435
sample13	22	Mesothelial	Mesothelial	mesothelial_ECM_program	15	0.000444995727012597	0.00807020240332616	23620	23148.8361157244	30	98	98	450	304	303.92881425508	1	0.999765836365394	0.980052333434566
sample16	23	T/NK	CCR6_KLRB1_CCL20_CD4_like_T	Th17_like_CCL20_high	8	0.00044428953389307	0.0035143168367297	43255	43180.2174138391	30	195	195	240	4146	4142.62008823627	1	0.999184777673968	0.998271122733535
sample8	4	B/Plasma	JCHAIN_TNFRSF17_plasma	antibody_secreting	9	0.000434893581646171	0.670034650542394	140832	125892.924450741	30	114	114	270	29366	29342.4743651963	1	0.999198881876873	0.893922719628641
sample27	16	Epithelial	Mucous_neck_chief_like_epithelial	MUC6_TFF2_glandular_secretory	42	0.000434549641680045	0.076356833212655	263825	259874.343741331	30	291	291	1260	4395	4389.88163461989	1	0.99883541174514	0.985025466659077
sample29	3	Epithelial	Gastric_or_intestinal_like_epithelial_malignancy_pending_CNV	mixed_gastric_and_intestinal_program	800	0.00043392808465531	0.00391030959303966	13909935	13861065.5813193	30	17505	17505	24000	270551	269855.666533309	1	0.997429935699033	0.99648672558997
sample32	23	T/NK	CCR6_KLRB1_CCL20_CD4_like_T	Th17_like_CCL20_high	13	0.000424109232981509	0.000634571543782306	37293	37259.1358239393	30	306	306	390	3468	3466.69933870786	1	0.999624953491308	0.999091942829467
sample8	21	Epithelial	Enteroendocrine_epithelial	neuroendocrine_secretory	5	0.000422756347753633	0.546348667367105	60037	58774.6005943946	30	8	8	150	40	39.9953236527657	1	0.999883091319142	0.978972976571024
sample26	11	Myeloid	C1Q_FOLR2_TREM2_macrophage	C1Q_FOLR2_TREM2_TAM_like	70	0.000418277117920599	0.00589287553120097	416692	414877.025744785	30	1173	1173	2100	8971	8970.8666387327	1	0.999985134180436	0.995644326612425
sample39	22	Mesothelial	Mesothelial	mesothelial_ECM_program	65	0.000416456010884135	0.00466803165916838	1221548	1217052.83072349	30	219	219	1950	9129	9125.83194221608	1	0.999652967709068	0.996320104264005
sample13	13	Myeloid	FCN1_S100A8_A9_inflammatory_monocyte	inflammatory	20	0.000412716285864141	0.00584447330397538	39143	38980.5187688936	30	270	270	600	1288	1287.96402371746	1	0.999972068103619	0.995849034792776
sample39	16	Epithelial	Mucous_neck_chief_like_epithelial	MUC6_TFF2_glandular_secretory	48	0.000410046289365187	0.00215839430096462	751845	751424.304725544	30	737	737	1440	23486	23484.6250949969	1	0.999941458528351	0.999440449461716
sample28	20	Myeloid	CD1C_FCER1A_dendritic_cell	antigen_presentation_LAMP3_IDO1	14	0.000409419481696297	0.0265112306896791	75018	74758.3429128049	30	245	245	420	6984	6982.64213351031	1	0.999805574672152	0.996538736207376
sample37	13	Myeloid	FCN1_S100A8_A9_inflammatory_monocyte	inflammatory	50	0.000409394563687343	0.0137894537472373	156429	153464.762399245	30	723	723	1500	8350	8347.61660249536	1	0.999714563173097	0.981050587801782
sample27	23	T/NK	CCR6_KLRB1_CCL20_CD4_like_T	Th17_like_CCL20_high	39	0.000407991417015495	0.00408487596405882	66938	66817.9111711183	30	726	726	1170	5148	5143.21987106886	1	0.999071459026585	0.998205969271839
sample21	15	Endothelial/Pericyte	Pericyte_smooth_muscle_like	contractile	21	0.000401292171846911	0.00440933620919813	79503	79395.4142171824	30	270	270	630	4314	4313.9796548156	1	0.999995283916458	0.99864677077824
sample21	3	Epithelial	Gastric_or_intestinal_like_epithelial_malignancy_pending_CNV	mixed_gastric_and_intestinal_program	344	0.000386535592301749	0.00414766206463764	3568238	3399314.14724613	30	8149	8149	10320	442040	440730.702633354	1	0.997038056812401	0.952659028698795
sample33	22	Mesothelial	Mesothelial	mesothelial_ECM_program	25	0.000385941043758104	0.0447358776381692	554983	541958.822987693	30	63	63	750	1519	1513.35864047987	1	0.996286135931448	0.976532295561653
sample18	24	T/NK	Cycling_T_cell	cycling	9	0.000384291607783581	0.00887282843551795	23125	23050.884848746	30	78	78	270	139	138.980479225884	1	0.99985956277614	0.996795020486315
sample24	23	T/NK	CCR6_KLRB1_CCL20_CD4_like_T	Th17_like_CCL20_high	15	0.00038350806160767	0.00135198513761639	47720	47693.5601629624	30	350	350	450	3995	3993.95618870521	1	0.999738720577023	0.999445938033579
sample31	18	B/Plasma	B_or_plasma_like_stress_high	stress_high_likely_dissociation_associated	16	0.000376169826856881	0.00170099407105673	31758	31734.8608196327	30	396	396	480	4063	4061.9264719127	1	0.99973577945181	0.999271390504209
sample24	22	Mesothelial	Mesothelial	mesothelial_ECM_program	11	0.000362011439750237	0.000435559572275789	30207	30200.3535733733	30	16	16	330	58	57.9980443092998	1	0.999966281194825	0.999779970648303
sample6	24	T/NK	Cycling_T_cell	cycling	7	0.000356628683484441	0.00143697051708143	13190	13183.3276415247	30	22	22	210	43	42.9995786998514	1	0.999990202322125	0.999494135066318
sample1	23	T/NK	CCR6_KLRB1_CCL20_CD4_like_T	Th17_like_CCL20_high	19	0.000351901121913994	0.00154375440446362	80717	80655.7546437338	30	488	488	570	7758	7755.83729656608	1	0.999721229255746	0.999241233491505
sample2	15	Endothelial/Pericyte	Pericyte_smooth_muscle_like	contractile	18	0.000347963064028257	0.178162295622063	324892	317087.048660464	30	335	335	540	4804	4799.72782767933	1	0.999110705178878	0.975976782008988
sample10	5	Fibroblast/CAF	LUM_DCN_PDGFRA_fibroblast	CCL11_CXCL14_stromal_program	108	0.000344210916367151	0.00220420334014796	665456	664881.262293794	30	2101	2101	3240	28630	28629.9798990014	1	0.999999297904345	0.999136325006903
sample13	23	T/NK	CCR6_KLRB1_CCL20_CD4_like_T	Th17_like_CCL20_high	7	0.000339063046279112	0.00187124148789288	8737	8730.54826717774	30	136	136	210	786	785.679003865803	1	0.99959160797176	0.999261561998139
sample23	23	T/NK	CCR6_KLRB1_CCL20_CD4_like_T	Th17_like_CCL20_high	9	0.000337520330365629	0.00106595900655091	20621	20610.5421570882	30	202	202	270	1975	1974.63177189966	1	0.999813555392234	0.999492854715492
sample2	16	Epithelial	Mucous_neck_chief_like_epithelial	MUC6_TFF2_glandular_secretory	51	0.000336911051700351	0.0123308403466662	1161043	1155819.98223227	30	475	475	1530	25259	25231.6796017931	1	0.998918389555926	0.995501443299059
sample10	6	Endothelial/Pericyte	Vascular_endothelial	PLVAP_EMCN_high	40	0.00033136183424917	0.00411568070357548	312449	312284.714975122	30	719	719	1200	4583	4582.99841003601	1	0.999999653073534	0.999474202110176
sample26	9	Epithelial	Pit_surface_mucous_like_epithelial	MUC5AC_CYP3A5_CLDN4_high	93	0.00032821586750287	0.00676993785852016	300299	279106.646216762	30	1095	1095	2790	4107	4097.53440928342	1	0.997695254269156	0.929429156330065
sample4	18	B/Plasma	B_or_plasma_like_stress_high	stress_high_likely_dissociation_associated	13	0.000323028742741371	0.00217309736404605	35061	35035.9572611083	30	345	345	390	7134	7132.3611642809	1	0.999770278144224	0.999285738031098
sample1	20	Myeloid	CD1C_FCER1A_dendritic_cell	antigen_presentation_LAMP3_IDO1	19	0.000321866335493666	0.00605360594463378	192584	192391.014830427	30	402	402	570	18267	18266.2266210173	1	0.999957662507107	0.998997916911204
sample29	24	T/NK	Cycling_T_cell	cycling	7	0.000316722166296552	0.0759246391100156	16492	16234.7778716523	30	62	62	210	144	143.768730437691	1	0.998393961372852	0.984403218024029
sample24	16	Epithelial	Mucous_neck_chief_like_epithelial	MUC6_TFF2_glandular_secretory	21	0.000312182904649391	0.196927924142268	281839	276625.117499899	30	345	345	630	23667	23656.7912538032	1	0.99956865060224	0.981500493189014
sample28	24	T/NK	Cycling_T_cell	cycling	8	0.000311660721968049	0.0169689581143804	19935	19858.312889403	30	17	17	240	43	42.9997106920238	1	0.999993271907529	0.996153142182245
sample12	8	B/Plasma	IGHG_high_plasma	IGHG_high_antibody_secreting	5	0.000307672027343155	0.0072525549052973	12912	12895.6704962771	30	12	12	150	21	20.9970377404789	1	0.999858940022805	0.998735323441535
sample10	18	B/Plasma	B_or_plasma_like_stress_high	stress_high_likely_dissociation_associated	21	0.000306927101165723	0.00597508715135406	54885	53404.8546045787	30	559	559	630	8731	8597.80245465584	1	0.984744296719258	0.973031877645599
sample10	15	Endothelial/Pericyte	Pericyte_smooth_muscle_like	contractile	15	0.000306561681145838	0.0114935613859633	120591	120160.815702228	30	278	278	450	3733	3732.94737518024	1	0.999985902807457	0.996432699805355
sample5	20	Myeloid	CD1C_FCER1A_dendritic_cell	antigen_presentation_LAMP3_IDO1	7	0.000301661926418758	0.00413301475050083	18812	18794.9821626802	30	93	93	210	1566	1565.91147077306	1	0.999943467926603	0.999095373308539
sample31	12	B/Plasma	Conventional_B_cell	B_cell	9	0.000299903953051595	0.00227424092854403	30998	30982.2886079714	30	85	85	270	296	295.962764127561	1	0.999874203133653	0.999493148202187
sample10	21	Epithelial	Enteroendocrine_epithelial	neuroendocrine_secretory	40	0.000299415325163234	0.00327580359506021	347859	337810.556233102	30	516	516	1200	4844	4843.88955774335	1	0.999977200194746	0.971113457559247
sample31	20	Myeloid	CD1C_FCER1A_dendritic_cell	antigen_presentation_LAMP3_IDO1	21	0.000299221555234952	0.00481262353238808	161420	161113.828902849	30	415	415	630	13927	13925.323465501	1	0.999879619839236	0.998103264173268
sample13	20	Myeloid	CD1C_FCER1A_dendritic_cell	antigen_presentation_LAMP3_IDO1	15	0.000294417470395467	0.00197763114674246	47640	47571.0948880036	30	257	257	450	4403	4402.74546423226	1	0.999942190377528	0.998553629051293
sample22	17	Mast	Mast_cell	mast_cell	9	0.00029434934747235	0.0360901498024454	29612	29303.5064086108	30	43	43	270	181	180.961754651451	1	0.999788699731776	0.989582142665499
sample2	19	Epithelial	Chief_like_epithelial	metallothionein_high	11	0.000293665914623197	0.0042946794413098	296974	296874.13536803	30	149	149	330	4573	4572.74062658909	1	0.999943281563327	0.999663726009784
sample30	16	Epithelial	Mucous_neck_chief_like_epithelial	MUC6_TFF2_glandular_secretory	150	0.000290247278551791	0.00267520074689664	1047384	1045179.48227089	30	3100	3100	4500	131264	131241.137489073	1	0.999825828018902	0.997895215385079
sample10	16	Epithelial	Mucous_neck_chief_like_epithelial	MUC6_TFF2_glandular_secretory	67	0.00028862513294278	0.00239298468525475	891834	885990.847446287	30	1202	1202	2010	95344	95331.2349665057	1	0.999866116027287	0.993448161256789
sample38	24	T/NK	Cycling_T_cell	cycling	4	0.000287875894646335	0.000501556356906187	5180	5178.23786848527	30	1	1	120	1	0.999992071845751	1	0.999992071845751	0.999659820170902
sample29	22	Mesothelial	Mesothelial	mesothelial_ECM_program	15	0.000282450055584055	0.0386452232490625	218752	217651.788936002	30	33	33	450	485	484.665905974662	1	0.99931114633951	0.994970509691347
sample31	23	T/NK	CCR6_KLRB1_CCL20_CD4_like_T	Th17_like_CCL20_high	17	0.000277804969183875	0.00135224275447504	34079	34057.7537223931	30	356	356	510	3038	3037.3609910431	1	0.999789661304508	0.999376558067815
sample13	8	B/Plasma	IGHG_high_plasma	IGHG_high_antibody_secreting	4	0.000276257558171712	0.000372841418229493	6605	6603.42123968498	30	12	12	120	15	14.9906060813108	1	0.999373738754057	0.999760974971231
sample25	12	B/Plasma	Conventional_B_cell	B_cell	5	0.000275781052576251	0.00325873004642417	17945	17932.9367609066	30	95	95	150	279	278.994894369894	1	0.999981700250516	0.99932776600204
sample26	3	Epithelial	Gastric_or_intestinal_like_epithelial_malignancy_pending_CNV	mixed_gastric_and_intestinal_program	194	0.000273683619025266	0.00372590512996804	1663950	1656783.44853047	30	3251	3251	5820	67853	67802.2577221648	1	0.9992521734067	0.995693048787809
sample30	17	Mast	Mast_cell	mast_cell	38	0.000270769645211534	0.00255265043269672	72228	72145.0059787738	30	552	552	1140	3154	3153.99030709959	1	0.999996926791246	0.998850943938276
sample30	13	Myeloid	FCN1_S100A8_A9_inflammatory_monocyte	inflammatory	41	0.000269301791931774	0.00488306639872206	121256	121118.589902983	30	480	480	1230	2463	2462.96420097845	1	0.999985465277485	0.998866776926361
sample31	16	Epithelial	Mucous_neck_chief_like_epithelial	MUC6_TFF2_glandular_secretory	56	0.000264053683574835	0.238250176598355	891246	863870.336135336	30	1315	1315	1680	258415	258346.067407191	1	0.999733248484766	0.969283829756696
sample17	21	Epithelial	Enteroendocrine_epithelial	neuroendocrine_secretory	3	0.00026369906932345	0.000324735783138168	9261	9258.55744345479	30	2	2	90	7	6.99983535272359	1	0.999976478960513	0.999736253477464
sample23	24	T/NK	Cycling_T_cell	cycling	3	0.000261634546213088	0.000757461026228426	3981	3979.50587622728	30	11	11	90	19	18.9996589531838	1	0.999982050167571	0.999624686316826
sample26	5	Fibroblast/CAF	LUM_DCN_PDGFRA_fibroblast	CCL11_CXCL14_stromal_program	191	0.000260105022298723	0.00276674407552239	1326381	1311952.37413063	30	3928	3928	5730	62137	62134.7544001752	1	0.999963860504614	0.989121808990501
sample10	17	Mast	Mast_cell	mast_cell	119	0.000256545089972209	0.00385679503641347	391909	391411.115123726	30	2248	2248	3570	23517	23516.9205508811	1	0.999996621630355	0.998729590603243
sample39	23	T/NK	CCR6_KLRB1_CCL20_CD4_like_T	Th17_like_CCL20_high	6	0.000255633147112592	0.000277200738928362	11399	11397.0958135023	30	121	121	180	923	922.931119941955	1	0.999925373718261	0.999832951443312
sample9	23	T/NK	CCR6_KLRB1_CCL20_CD4_like_T	Th17_like_CCL20_high	6	0.000245957137225134	0.144291062094885	14862	14258.5033305343	30	138	138	180	1250	1236.07871397374	1	0.988862971178992	0.959393307127863
sample12	14	B/Plasma	IGHA_high_plasma	IGHA_high_antibody_secreting	2	0.000245290462202234	0.000408839171650756	20157	20154.7258570023	30	8	8	60	27	26.9998475794077	1	0.999994354792879	0.999887178498897
sample37	7	T/NK	GNLY_NK_like_cytotoxic_lymphocyte	GNLY_GZMB_high_cytotoxic	7	0.00024046523442763	0.000963362177607027	55252	55228.8148601152	30	165	165	210	1210	1209.95579463063	1	0.999963466636884	0.999580374649157
sample25	22	Mesothelial	Mesothelial	mesothelial_ECM_program	11	0.000236321315201196	0.740074433476923	85289	83437.9451397617	30	14	14	330	61	60.9969110553679	1	0.999949361563407	0.978296675301173
sample13	24	T/NK	Cycling_T_cell	cycling	4	0.000231421925110367	0.000232797425311433	10841	10839.2428830519	30	59	59	120	126	125.998893553633	1	0.999991218679627	0.99983791929268
sample20	17	Mast	Mast_cell	mast_cell	3	0.000229418911083394	0.000309045965888247	17914	17910.0181444645	30	26	26	90	112	111.99934454804	1	0.999994147750359	0.99977772381738
sample6	17	Mast	Mast_cell	mast_cell	17	0.000227224232021721	0.00204009433593609	61471	61430.0856582117	30	305	305	510	2242	2241.99686367897	1	0.999998601105694	0.999334412295419
sample24	17	Mast	Mast_cell	mast_cell	21	0.000222635267953683	0.00325791869333531	55155	55118.3957259444	30	338	338	630	1710	1709.99467890409	1	0.999996888248007	0.999336338064443
sample9	13	Myeloid	FCN1_S100A8_A9_inflammatory_monocyte	inflammatory	7	0.000221334293404988	0.00877782320273889	21713	21681.6502559073	30	73	73	210	593	592.995053931188	1	0.99999165924315	0.998556176295644
sample9	22	Mesothelial	Mesothelial	mesothelial_ECM_program	8	0.000217139350828319	0.18050455727534	37554	34381.5607261675	30	8	8	240	56	55.8031884796811	1	0.996485508565733	0.915523265861627
sample4	21	Epithelial	Enteroendocrine_epithelial	neuroendocrine_secretory	4	0.000212948458689169	0.000407343442635675	65113	65097.8132710775	30	16	16	120	283	282.999985847928	1	0.999999949992677	0.99976676348928
sample26	10	T/NK	IFNG_CCL4_CD8_cytotoxic_T	IFNG_CCL4_TNF_high_activated	168	0.000211157180905699	0.00336220406556588	400009	398189.672635365	30	2716	2716	5040	18060	18055.558322479	1	0.99975405993793	0.995451783923274
sample30	15	Endothelial/Pericyte	Pericyte_smooth_muscle_like	contractile	31	0.000203158622405294	0.03005228320458	96707	92306.9012882235	30	363	363	930	2906	2905.52396717454	1	0.999836189667771	0.954500721646039
sample11	16	Epithelial	Mucous_neck_chief_like_epithelial	MUC6_TFF2_glandular_secretory	1	0.000202594931574969	0.000202594931574969	1085	1084.78149445349	30	1	1	30	1	0.999983917363582	1	0.999983917363582	0.999798612399531
sample24	24	T/NK	Cycling_T_cell	cycling	4	0.000201361849748556	0.000301748692477254	16925	16923.4182173079	30	50	50	120	119	118.998500603456	1	0.99998740002904	0.999906541643005
sample27	21	Epithelial	Enteroendocrine_epithelial	neuroendocrine_secretory	4	0.000194636975326329	0.000317566585944201	4843	4841.94004496043	30	0	0	120	0	0	NA	NA	0.999781136683963
sample7	21	Epithelial	Enteroendocrine_epithelial	neuroendocrine_secretory	19	0.000192888199259685	0.00350032780478765	213072	212590.885382767	30	300	300	570	2644	2643.99461706946	1	0.999997964095861	0.997742009192982
sample13	17	Mast	Mast_cell	mast_cell	2	0.000192550794468833	0.000212054062968905	2088	2087.60085366471	30	16	16	60	95	94.9999719435413	1	0.999999704668855	0.999808837962026
sample6	13	Myeloid	FCN1_S100A8_A9_inflammatory_monocyte	inflammatory	16	0.000192514921422589	0.00321700301176919	89643	89590.9623534352	30	258	258	480	1973	1972.99387097617	1	0.999996893551023	0.999419501282143
sample10	11	Myeloid	C1Q_FOLR2_TREM2_macrophage	C1Q_FOLR2_TREM2_TAM_like	47	0.000189922693599812	0.00499337407860767	293315	293125.857526391	30	770	770	1410	7300	7299.98042822918	1	0.999997318935505	0.999355155809933
sample21	16	Epithelial	Mucous_neck_chief_like_epithelial	MUC6_TFF2_glandular_secretory	185	0.000187544576024639	0.00257163739255292	2997748	2986042.35932334	30	4835	4835	5550	735399	735360.039127432	1	0.999947020770264	0.996095188562662
sample22	6	Endothelial/Pericyte	Vascular_endothelial	PLVAP_EMCN_high	5	0.000186320058103446	0.000216032541881713	47746	47741.2842923412	30	98	98	150	385	384.999938515572	1	0.999999840300186	0.999901233450785
sample26	12	B/Plasma	Conventional_B_cell	B_cell	18	0.000186021794365135	0.00717084839498337	50547	50457.0742917134	30	236	236	540	720	719.936472529696	1	0.999911767402355	0.998220948655971
sample13	14	B/Plasma	IGHA_high_plasma	IGHA_high_antibody_secreting	5	0.000185061913911245	0.000220168382197617	15428	15425.8982639266	30	43	43	150	6793	6792.92972428937	1	0.999989654687085	0.999863771320108
sample26	15	Endothelial/Pericyte	Pericyte_smooth_muscle_like	contractile	40	0.000182215881040917	0.00279898078302857	277028	276238.866816953	30	601	601	1200	10209	10208.6371738877	1	0.999964460171191	0.997151431685437
sample1	13	Myeloid	FCN1_S100A8_A9_inflammatory_monocyte	inflammatory	9	0.000175769643614759	0.00248130378782609	45079	45063.4547005003	30	153	153	270	949	948.997068483545	1	0.999996910941565	0.999655154295798
sample31	6	Endothelial/Pericyte	Vascular_endothelial	PLVAP_EMCN_high	16	0.000173424245193981	0.00707128816003052	125415	125324.390706584	30	278	278	480	1739	1738.99865826315	1	0.999999228443447	0.999277524272091
sample26	17	Mast	Mast_cell	mast_cell	56	0.000173034500297158	0.00261797278432229	126395	126238.273845192	30	828	828	1680	4493	4492.9846190523	1	0.999996576686468	0.998760028839688
sample6	21	Epithelial	Enteroendocrine_epithelial	neuroendocrine_secretory	19	0.000170608753110035	0.183157499187432	266656	235431.218886382	30	282	282	570	5314	5312.00709978951	1	0.999624971733066	0.882902386919407
sample13	19	Epithelial	Chief_like_epithelial	metallothionein_high	5	0.000170576235354554	0.000253324465579357	15932	15928.9339016619	30	68	68	150	2422	2421.94936073804	1	0.999979091964508	0.999807550945387
sample38	17	Mast	Mast_cell	mast_cell	1	0.000162234545564206	0.000162234545564206	1623	1622.73724645888	30	9	9	30	16	15.999979269915	1	0.999998704369686	0.999838106259323
sample5	24	T/NK	Cycling_T_cell	cycling	5	0.00016094225132309	0.00954173379650202	17257	17236.4632527448	30	21	21	150	57	56.9997673916534	1	0.999995919151815	0.998809946847353
sample21	19	Epithelial	Chief_like_epithelial	metallothionein_high	15	0.000160018983959755	0.00120441305823872	210032	209948.64791023	30	292	292	450	31505	31503.0897015478	1	0.999939365229257	0.999603145759836
sample26	7	T/NK	GNLY_NK_like_cytotoxic_lymphocyte	GNLY_GZMB_high_cytotoxic	131	0.000159769822872116	0.00303880336171553	334879	334053.53524796	30	2143	2143	3930	8780	8779.08354117159	1	0.999895619723416	0.997535035782956
sample16	21	Epithelial	Enteroendocrine_epithelial	neuroendocrine_secretory	1	0.000155213047043607	0.000155213047043607	2933	2932.54713239712	30	0	0	30	0	0	NA	NA	0.999845595771265
sample4	22	Mesothelial	Mesothelial	mesothelial_ECM_program	9	0.000153318834859323	0.00133516865624794	94914	94832.5284363077	30	30	30	270	564	563.980639929531	1	0.99996567363392	0.999141627539748
sample21	6	Endothelial/Pericyte	Vascular_endothelial	PLVAP_EMCN_high	45	0.000151758850606067	0.0133256606691046	517707	517190.793379912	30	937	937	1350	7689	7688.99521492421	1	0.999999377672546	0.999002898125603
sample37	2	T/NK	CCR6_IL7R_CD4_like_T	activated_costimulatory_checkpoint_high	5	0.00015160681111603	0.00202542419620124	22236	22228.6431212088	30	38	38	150	148	147.995682255471	1	0.999970826050476	0.999669145584134
sample7	24	T/NK	Cycling_T_cell	cycling	2	0.000151057976102888	0.000188832993052032	2202	2201.67454216861	30	0	0	60	0	0	NA	NA	0.999852198986651
sample22	1	T/NK	CD8_GZMK_cytotoxic_T	GZMK_high_cytotoxic_memory_like	10	0.000150037488561046	0.000813729552136408	32842	32825.9725666189	30	137	137	300	322	321.991207735383	1	0.99997269483038	0.999511983637381
sample18	22	Mesothelial	Mesothelial	mesothelial_ECM_program	8	0.000148756033874794	0.130939072616398	116120	114853.022563367	30	18	18	240	911	910.917033213209	1	0.99990892778618	0.989089067889832
sample22	23	T/NK	CCR6_KLRB1_CCL20_CD4_like_T	Th17_like_CCL20_high	2	0.000146494095183386	0.000146829899207317	3535	3534.48225771014	30	24	24	60	198	197.968959083668	1	0.999843227695295	0.999853538248978
sample20	21	Epithelial	Enteroendocrine_epithelial	neuroendocrine_secretory	2	0.000145742328393255	0.000165565283778802	17005	17002.5854092065	30	5	5	60	25	24.999877660394	1	0.999995106415762	0.999858007010084
sample10	23	T/NK	CCR6_KLRB1_CCL20_CD4_like_T	Th17_like_CCL20_high	7	0.000144601311298368	0.000178414814461364	15479	15477.0887255356	30	151	151	210	1191	1190.91245036989	1	0.99992649065482	0.999876524680898
sample10	13	Myeloid	FCN1_S100A8_A9_inflammatory_monocyte	inflammatory	26	0.000143132539369013	0.00148341000796042	112781	112738.75259442	30	290	290	780	2959	2958.98912010087	1	0.999996323116211	0.999625403165607
sample22	14	B/Plasma	IGHA_high_plasma	IGHA_high_antibody_secreting	2	0.000142452773883639	0.00020032451889374	7411	7410.21834637391	30	1	1	60	3	2.9991959185684	1	0.999731972856133	0.999894527914439
sample26	6	Endothelial/Pericyte	Vascular_endothelial	PLVAP_EMCN_high	81	0.000139568170781988	0.00359882639991533	709511	708709.536582795	30	1608	1608	2430	10612	10611.9801360198	1	0.999998128158666	0.998870400293716
sample11	23	T/NK	CCR6_KLRB1_CCL20_CD4_like_T	Th17_like_CCL20_high	1	0.000126042470685618	0.000126042470685618	2112	2111.73539647434	30	23	23	30	178	177.975754813554	1	0.999863791087381	0.999874714239745
sample22	7	T/NK	GNLY_NK_like_cytotoxic_lymphocyte	GNLY_GZMB_high_cytotoxic	7	0.000124402257021559	0.00234821266814787	26708	26697.7355600722	30	80	80	210	278	277.991461931778	1	0.999969287524381	0.999615679199947
sample37	6	Endothelial/Pericyte	Vascular_endothelial	PLVAP_EMCN_high	2	0.000124134567174321	0.000153667210455111	4331	4330.44826295562	30	5	5	60	8	7.9999238522322	1	0.999990481529025	0.999872607470703
sample31	24	T/NK	Cycling_T_cell	cycling	3	0.000123189750224757	0.000310962474888616	6193	6192.20930587549	30	23	23	90	54	53.9998119916612	1	0.999996518364096	0.999872324539882
sample30	24	T/NK	Cycling_T_cell	cycling	8	0.000120558398702141	0.000378152875195171	31630	31625.5632016421	30	119	119	240	323	322.999138461949	1	0.999997332699532	0.999859728158145
sample22	2	T/NK	CCR6_IL7R_CD4_like_T	activated_costimulatory_checkpoint_high	12	0.000120067013598188	0.00369314208500869	48659	46408.0273788805	30	167	167	360	486	482.990702320873	1	0.993808029466817	0.953739850364383
sample37	20	Myeloid	CD1C_FCER1A_dendritic_cell	antigen_presentation_LAMP3_IDO1	2	0.000119372668327605	0.000193412869249572	28231	28229.7997131644	30	32	32	60	434	433.994547465089	1	0.999987436555504	0.99995748337517
sample38	23	T/NK	CCR6_KLRB1_CCL20_CD4_like_T	Th17_like_CCL20_high	2	0.000113563448448959	0.000140639729615997	10750	10748.8541429426	30	49	49	60	957	956.946584542203	1	0.999944184474612	0.999893408645826
sample7	23	T/NK	CCR6_KLRB1_CCL20_CD4_like_T	Th17_like_CCL20_high	7	0.000112864330027723	0.000360138630891761	37305	37300.692310081	30	171	171	210	2726	2725.85858975293	1	0.999948125367914	0.999884527813457
sample10	12	B/Plasma	Conventional_B_cell	B_cell	8	0.00011011319022413	0.000254956250494344	35907	35902.810620749	30	95	95	240	347	346.995522697751	1	0.999987097111674	0.999883326948755
sample1	24	T/NK	Cycling_T_cell	cycling	1	0.000106774736282122	0.000106774736282122	1267	1266.86502841456	30	0	0	30	0	0	NA	NA	0.999893471518993
sample31	17	Mast	Mast_cell	mast_cell	2	0.000105121066133053	0.000107926250553887	3154	3153.67164265666	30	21	21	60	64	63.9999694488962	1	0.999999522639003	0.999895891774464
sample12	23	T/NK	CCR6_KLRB1_CCL20_CD4_like_T	Th17_like_CCL20_high	1	0.000104185719110336	0.000104185719110336	2645	2644.72605813868	30	23	23	30	182	181.977869066743	1	0.99987840146562	0.999896430298176
sample37	10	T/NK	IFNG_CCL4_CD8_cytotoxic_T	IFNG_CCL4_TNF_high_activated	4	0.000103042575372347	0.000158892487088037	26427	26424.152172905	30	84	84	120	528	527.988261095183	1	0.999977767225726	0.999892237972716
sample5	22	Mesothelial	Mesothelial	mesothelial_ECM_program	6	0.000102741507702256	0.00243816410971374	32611	32595.0608766473	30	10	10	180	49	48.9991997152892	1	0.999983667658963	0.999511234756596
sample30	11	Myeloid	C1Q_FOLR2_TREM2_macrophage	C1Q_FOLR2_TREM2_TAM_like	29	0.000100618778605016	0.00314751030662713	173338	173190.384850458	30	447	447	870	3673	3672.99244907352	1	0.999997944207328	0.99914839706503
sample21	24	T/NK	Cycling_T_cell	cycling	3	9.88048659019301e-05	0.000170250402257304	4756	4755.45915702603	30	4	4	90	7	6.99990663798598	1	0.999986662569425	0.999886281965103
sample26	13	Myeloid	FCN1_S100A8_A9_inflammatory_monocyte	inflammatory	48	9.87169246346894e-05	0.00189709133056822	242373	241028.320146087	30	810	810	1440	8970	8969.69650067211	1	0.999966165069354	0.994452022898951
sample37	17	Mast	Mast_cell	mast_cell	3	9.83316577932375e-05	9.95856152280269e-05	11038	11037.0128460738	30	26	26	90	89	88.9997655315844	1	0.99999736552342	0.999910567681987
sample39	24	T/NK	Cycling_T_cell	cycling	6	9.65376748900336e-05	0.000340730779239346	35604	35601.2091406836	30	116	116	180	408	407.998589188445	1	0.999996542128542	0.999921613882812
sample6	23	T/NK	CCR6_KLRB1_CCL20_CD4_like_T	Th17_like_CCL20_high	4	9.45171882268085e-05	0.000112566479904538	16548	16546.6344865243	30	98	98	120	1448	1447.93695629393	1	0.999956461528957	0.999917481660883
sample3	22	Mesothelial	Mesothelial	mesothelial_ECM_program	4	9.4465404160793e-05	0.000142097295045796	19378	19376.5441961111	30	5	5	120	19	18.9999614185231	1	0.999997969395953	0.999924873367278
sample26	23	T/NK	CCR6_KLRB1_CCL20_CD4_like_T	Th17_like_CCL20_high	13	9.25473938603888e-05	0.00198459488186033	38594	38579.6507468373	30	322	322	390	4081	4080.52450056668	1	0.999883484578947	0.999628199897323
sample10	24	T/NK	Cycling_T_cell	cycling	7	9.09641408238783e-05	0.000691594921276006	39447	39442.2861079008	30	119	119	210	490	489.998100234364	1	0.999996122927274	0.999880500618572
sample36	5	Fibroblast/CAF	LUM_DCN_PDGFRA_fibroblast	CCL11_CXCL14_stromal_program	1	8.98704159888959e-05	8.98704159888959e-05	3150	3149.71697059387	30	11	11	30	70	69.9999886478958	1	0.999999837827082	0.999910149394878
sample21	23	T/NK	CCR6_KLRB1_CCL20_CD4_like_T	Th17_like_CCL20_high	7	8.81536131416711e-05	0.000400257559609965	19427	19424.2067392935	30	157	157	210	1814	1813.91309765278	1	0.999952093524137	0.999856217598882
sample4	23	T/NK	CCR6_KLRB1_CCL20_CD4_like_T	Th17_like_CCL20_high	7	8.75537102215457e-05	0.00415824347610954	32998	32961.8371315207	30	180	180	210	3094	3092.70820801892	1	0.999582484815425	0.998904089081785
sample19	17	Mast	Mast_cell	mast_cell	1	8.74734234205816e-05	8.74734234205816e-05	1789	1788.84402471188	30	11	11	30	13	12.9999610250579	1	0.999997001927533	0.999912814260414
sample37	9	Epithelial	Pit_surface_mucous_like_epithelial	MUC5AC_CYP3A5_CLDN4_high	3	8.64418660309712e-05	0.000117297751698633	4530	4529.61280380116	30	3	3	90	5	4.99994468112598	1	0.999988936225196	0.999914526225421
sample26	19	Epithelial	Chief_like_epithelial	metallothionein_high	38	8.63096888956819e-05	0.00969365311887093	586122	576614.395840947	30	674	674	1140	69874	69655.4516637724	1	0.996872250962767	0.983778796634398
sample10	20	Myeloid	CD1C_FCER1A_dendritic_cell	antigen_presentation_LAMP3_IDO1	18	8.47943764677369e-05	0.000674451430667078	155440	155406.356906995	30	357	357	540	11051	11050.9023432943	1	0.999991163088798	0.999783562191168
sample5	23	T/NK	CCR6_KLRB1_CCL20_CD4_like_T	Th17_like_CCL20_high	2	8.24550211606175e-05	0.000131176167726852	8314	8313.66273644309	30	54	54	60	755	754.982294871214	1	0.999976549498297	0.999959434260656
sample22	21	Epithelial	Enteroendocrine_epithelial	neuroendocrine_secretory	11	8.18462548708092e-05	0.0163543939780337	195037	193739.408491215	30	160	160	330	3252	3251.92744078313	1	0.99997768781769	0.993346946944503
sample1	22	Mesothelial	Mesothelial	mesothelial_ECM_program	5	8.0054408515882e-05	0.000355827771179067	54866	54859.8148973417	30	11	11	150	52	51.9967519830726	1	0.999937538136012	0.999887268934161
sample11	14	B/Plasma	IGHA_high_plasma	IGHA_high_antibody_secreting	2	7.99085241682923e-05	8.82902600375771e-05	14946	14944.9170677158	30	18	18	60	65	64.9991964993235	1	0.99998763845113	0.999927543671605
sample26	16	Epithelial	Mucous_neck_chief_like_epithelial	MUC6_TFF2_glandular_secretory	81	7.8960785769781e-05	0.000803710521219548	1279534	1279344.16280826	30	1594	1594	2430	190781	190779.670290765	1	0.999993030179968	0.99985163568007
sample2	22	Mesothelial	Mesothelial	mesothelial_ECM_program	6	7.48675071629593e-05	0.293559860655301	115872	113296.796947624	30	19	19	180	300	299.999346069021	1	0.999997820230071	0.977775450045087
sample28	22	Mesothelial	Mesothelial	mesothelial_ECM_program	1	7.4321303182218e-05	7.4321303182218e-05	1910	1909.85808127508	30	1	1	30	6	5.99999173614535	1	0.999998622690892	0.99992569700266
sample31	22	Mesothelial	Mesothelial	mesothelial_ECM_program	6	7.08614486656911e-05	0.228139724214059	32061	30338.9214571654	30	12	12	180	90	89.8774218188889	1	0.998638020209877	0.946287435113235
sample37	16	Epithelial	Mucous_neck_chief_like_epithelial	MUC6_TFF2_glandular_secretory	1	7.07520906129679e-05	7.07520906129679e-05	1531	1530.89210468929	30	2	2	30	35	34.9997150265403	1	0.999991857901153	0.999929526250353
sample37	18	B/Plasma	B_or_plasma_like_stress_high	stress_high_likely_dissociation_associated	1	6.85036345266453e-05	6.85036345266453e-05	1278	1277.91279558413	30	20	20	30	366	365.979136946751	1	0.999942997122271	0.999931764932812
sample21	13	Myeloid	FCN1_S100A8_A9_inflammatory_monocyte	inflammatory	11	5.97876035005286e-05	0.00883508691349086	71021	70922.7075948532	30	132	132	330	770	769.976876525832	1	0.999969969514067	0.998616009276878
sample22	4	B/Plasma	JCHAIN_TNFRSF17_plasma	antibody_secreting	3	5.97253077464202e-05	0.000107736982002605	18701	18700.032656366	30	33	33	90	2802	2801.99989401136	1	0.999999962173931	0.999948273160043
sample4	5	Fibroblast/CAF	LUM_DCN_PDGFRA_fibroblast	CCL11_CXCL14_stromal_program	5	5.47739575990033e-05	0.00659325670270742	57357	57331.7702518798	30	86	86	150	2398	2397.99896784021	1	0.999999569574732	0.999560127828858
sample12	17	Mast	Mast_cell	mast_cell	1	5.45408674461074e-05	5.45408674461074e-05	11182	11181.3940213798	30	16	16	30	57	56.9997936297478	1	0.999996379469259	0.999945807671244
sample3	24	T/NK	Cycling_T_cell	cycling	1	5.29871743927882e-05	5.29871743927882e-05	1752	1751.90729214486	30	8	8	30	11	10.999962153727	1	0.999996559429729	0.999947084557568
sample24	21	Epithelial	Enteroendocrine_epithelial	neuroendocrine_secretory	7	5.25800220940498e-05	0.00234733294678514	74911	74892.8876889389	30	58	58	210	466	465.99982697797	1	0.99999962870809	0.999758215601699
sample26	21	Epithelial	Enteroendocrine_epithelial	neuroendocrine_secretory	13	5.05634858235921e-05	0.00456357024871798	97577	96763.3953051896	30	132	132	390	848	847.990057010097	1	0.999988274776058	0.991661921407603
sample7	22	Mesothelial	Mesothelial	mesothelial_ECM_program	9	5.02965737156978e-05	0.000380826200352807	173483	173454.813924315	30	39	39	270	797	796.986048875951	1	0.999982495452888	0.999837528312944
sample26	20	Myeloid	CD1C_FCER1A_dendritic_cell	antigen_presentation_LAMP3_IDO1	16	5.0289366694084e-05	0.00405537395866898	116328	116282.024199899	30	298	298	480	8200	8199.86071271299	1	0.999983013745487	0.999604774430051
sample19	23	T/NK	CCR6_KLRB1_CCL20_CD4_like_T	Th17_like_CCL20_high	1	5.02523899854081e-05	5.02523899854081e-05	5236	5235.73775530999	30	27	27	30	435	434.984254799729	1	0.999963804137307	0.999949915070662
sample21	22	Mesothelial	Mesothelial	mesothelial_ECM_program	2	4.86854656436439e-05	7.44397595669101e-05	23299	23298.1525782017	30	5	5	60	16	15.9997075602973	1	0.99998172251858	0.999963628404724
sample26	24	T/NK	Cycling_T_cell	cycling	1	4.63104567023765e-05	4.63104567023765e-05	1399	1398.93528097897	30	0	0	30	0	0	NA	NA	0.999953739084328
sample21	20	Myeloid	CD1C_FCER1A_dendritic_cell	antigen_presentation_LAMP3_IDO1	3	3.70301064606154e-05	7.5182377728026e-05	21147	21146.0877182528	30	70	70	90	2286	2285.9919701633	1	0.999996487385522	0.999956859992093
sample27	22	Mesothelial	Mesothelial	mesothelial_ECM_program	1	3.59911460152658e-05	3.59911460152658e-05	7702	7701.72296077092	30	1	1	30	1	0.999999344814903	1	0.999999344814903	0.99996403022214
sample11	24	T/NK	Cycling_T_cell	cycling	1	3.59627793046932e-05	3.59627793046932e-05	17072	17071.3899170851	30	27	27	30	167	166.999778524951	1	0.9999986738021	0.999964264121665
sample22	24	T/NK	Cycling_T_cell	cycling	1	3.09789517191813e-05	3.09789517191813e-05	7556	7555.76608464819	30	2	2	30	10	9.99996942850659	1	0.999996942850659	0.999969042436235
sample10	22	Mesothelial	Mesothelial	mesothelial_ECM_program	21	3.0353259793418e-05	0.000345015697892386	431673	431642.423523661	30	62	62	630	1907	1906.98671733793	1	0.999993034786537	0.999929167503321
sample30	22	Mesothelial	Mesothelial	mesothelial_ECM_program	6	2.69362480238621e-05	0.000118854899775633	82195	82191.9474681466	30	26	26	180	244	243.999004374545	1	0.999995919567806	0.999962862317009
sample26	22	Mesothelial	Mesothelial	mesothelial_ECM_program	4	2.62284131703064e-05	0.000180486502094629	47724	47723.1738198384	30	11	11	120	53	52.9998172718465	1	0.999996552298991	0.999982688371435
sample11	4	B/Plasma	JCHAIN_TNFRSF17_plasma	antibody_secreting	1	1.79346646310765e-05	1.79346646310765e-05	23738	23737.5768883931	30	16	16	30	2156	2155.99989652679	1	0.999999952006862	0.999982175768518
sample3	21	Epithelial	Enteroendocrine_epithelial	neuroendocrine_secretory	2	1.47391518519027e-05	1.86332545167127e-05	42860	42859.3470305381	30	12	12	60	195	194.999993455294	1	0.999999966437404	0.999984765061552
sample22	15	Endothelial/Pericyte	Pericyte_smooth_muscle_like	contractile	1	1.39669987540543e-05	1.39669987540543e-05	26068	26067.6361630969	30	9	9	30	237	236.999953509433	1	0.999999803837268	0.999986042776466
sample37	4	B/Plasma	JCHAIN_TNFRSF17_plasma	antibody_secreting	1	1.38095696909656e-05	1.38095696909656e-05	49671	49670.317448712	30	17	17	30	13126	13125.9584028662	1	0.99999683093602	0.999986258555536
sample19	4	B/Plasma	JCHAIN_TNFRSF17_plasma	antibody_secreting	1	1.29151482392912e-05	1.29151482392912e-05	7490	7489.90358241307	30	8	8	30	5604	5603.99999614077	1	0.999999999311344	0.999987127157954
